T982C 000:002.256   SEGGER J-Link V9.14a Log File
T982C 000:002.880   DLL Compiled: Jan 28 2026 17:11:52
T982C 000:002.886   Logging started @ 2026-05-06 09:06
T982C 000:002.891   Process: C:\Users\VincentDAgostino\.eclipse\com.renesas.platform_1901836567\DebugComp\RA\e2-server-gdb.exe
T982C 000:002.910 - 2.900ms 
T982C 000:002.935 JLINK_GetDLLVersion()
T982C 000:002.940 - 0.007ms returns 91401
T982C 000:114.575 JLINK_OpenEx(...)
T982C 000:125.682   Firmware: J-Link OB-RA4M2 compiled Nov 10 2025 13:48:23
T982C 000:126.636   Firmware: J-Link OB-RA4M2 compiled Nov 10 2025 13:48:23
T982C 000:137.457   Looking for J-Link GUI Server exe at: C:\Users\VincentDAgostino\.eclipse\com.renesas.platform_1901836567\DebugComp\RA\ARM\Segger_v9.14.1\JLinkGUIServer.exe
T982C 000:137.566   Looking for J-Link GUI Server exe at: C:\Program Files\SEGGER\JLink_V830\JLinkGUIServer.exe
T982C 000:138.052   Forking J-Link GUI Server: C:\Program Files\SEGGER\JLink_V830\JLinkGUIServer.exe
T982C 000:520.158   Failed to connect to J-Link GUI Server.
T982C 000:520.198   Updating firmware:  J-Link OB-RA4M2 compiled Dec 10 2025 15:52:53
T982C 000:520.206   Replacing firmware: J-Link OB-RA4M2 compiled Nov 10 2025 13:48:23
T982C 000:520.396   Looking for J-Link GUI Server exe at: C:\Users\VincentDAgostino\.eclipse\com.renesas.platform_1901836567\DebugComp\RA\ARM\Segger_v9.14.1\JLinkGUIServer.exe
T982C 000:520.448   Looking for J-Link GUI Server exe at: C:\Program Files\SEGGER\JLink_V830\JLinkGUIServer.exe
T982C 000:520.476   Forking J-Link GUI Server: C:\Program Files\SEGGER\JLink_V830\JLinkGUIServer.exe
T982C 000:670.885   J-Link GUI Server info: "J-Link GUI server V8.30 "
T982C 004:034.624   Waiting for new firmware to boot
T982C 005:319.281   New firmware booted successfully
T982C 005:333.522   Hardware: V1.00
T982C 005:333.564   S/N: 1082415472
T982C 005:333.575   OEM: SEGGER
T982C 005:333.863   Feature(s): None
T982C 005:335.947   Bootloader: 2021 May 14
T982C 005:336.761   USB speed mode: Full speed (12 MBit/s)
T982C 005:337.497   TELNET listener socket opened on port 19021
T982C 005:337.663   WEBSRV WEBSRV_Init(): Starting webserver thread(s)
T982C 005:337.891   WEBSRV Webserver running on local port 19080
T982C 005:344.347 - 5229.685ms returns "O.K."
T982C 005:344.900 JLINK_ExecCommand("ProjectFile=C:\Users\VincentDAgostino\e2_studio\Workspace_Travel26\FM150_SensorShield/FM150_SensorShield Debug_Flat.jlink", ...). 
T982C 005:400.736 - 55.846ms returns 0x00
T982C 005:401.457 JLINK_ExecCommand("device=R7FA0E107", ...). 
T982C 005:403.302   Flash bank @ 0x00000000: SFL: Parsing sectorization info from ELF file
T982C 005:403.319     FlashDevice.SectorInfo[0]: .SectorSize = 0x00000800, .SectorStartAddr = 0x00000000
T982C 005:403.604   Flash bank @ 0x01010010: SFL: Parsing sectorization info from ELF file
T982C 005:403.613     FlashDevice.SectorInfo[0]: .SectorSize = 0x00000024, .SectorStartAddr = 0x00000000
T982C 005:403.621   FlashBank @0x01010010: Sectorization info from SFL ELF file ignored because sectorization override from DLL / XML file is active.
T982C 005:403.641   Flash bank @ 0x40100000: SFL: Parsing sectorization info from ELF file
T982C 005:403.648     FlashDevice.SectorInfo[0]: .SectorSize = 0x00000100, .SectorStartAddr = 0x00000000
T982C 005:403.655   FlashBank @0x40100000: Sectorization info from SFL ELF file ignored because sectorization override from DLL / XML file is active.
T982C 005:403.679   Device "R7FA0E107" selected.
T982C 005:404.006 - 2.548ms returns 0x00
T982C 005:404.043 JLINK_ExecCommand("SetCPUConnectIDCODE = FFFFFFFFFFFFFFFFFFFFFFFFFFFFFFFF", ...). 
T982C 005:404.052 - 0.009ms returns 0x00
T982C 005:404.071 JLINK_TIF_GetAvailable(...)
T982C 005:404.299 - 0.226ms 
T982C 005:404.325 JLINK_TIF_Select(JLINKARM_TIF_SWD)
T982C 005:404.906 - 0.580ms returns 0x00
T982C 005:404.919 JLINK_SetSpeed(4000)
T982C 005:405.032 - 0.117ms 
T982C 005:405.040 JLINK_SetEndian(ARM_ENDIAN_LITTLE)
T982C 005:405.045 - 0.004ms returns 0
T982C 005:405.050 JLINK_SetInitRegsOnReset(OFF)
T982C 005:405.055 - 0.005ms returns 1
T982C 005:405.101 JLINK_SetResetType(JLINKARM_RESET_TYPE_NO_RESET)
T982C 005:405.109 - 0.008ms returns JLINKARM_RESET_TYPE_NORMAL
T982C 005:405.117 JLINK_ExecCommand("EnableFlashBPs", ...). 
T982C 005:405.123 - 0.007ms returns 0x00
T982C 005:405.130 JLINK_ExecCommand("SetAllowFlashCache = 1", ...). 
T982C 005:405.136 - 0.005ms returns 0x01
T982C 005:405.143 JLINK_ExecCommand("SetRestartOnClose = 0", ...). 
T982C 005:405.148 - 0.005ms returns 0x01
T982C 005:405.154 JLINK_ExecCommand("SetAllowSimulation = 0", ...). 
T982C 005:405.161 - 0.006ms returns 0x01
T982C 005:405.169 JLINK_EnableSoftBPs(ON)
T982C 005:405.173 - 0.007ms 
T982C 005:405.181 JLINK_Connect()
T982C 005:406.491   InitTarget() start
T982C 005:406.503    J-Link Script File: Executing InitTarget()
T982C 005:406.517   Identifying target device...
T982C 005:406.527   SWD selected. Executing JTAG -> SWD switching sequence...
T982C 005:407.113   Initializing DAP...
T982C 005:408.569   DAP initialized successfully.
T982C 005:410.148   Low power mode detected. Waking device from low power mode.
T982C 005:413.203   InitTarget() end - Took 6.69ms
T982C 005:413.921   Found SW-DP with ID 0x5BA02477
T982C 005:416.249   DPIDR: 0x5BA02477
T982C 005:416.263   CoreSight SoC-400 or earlier
T982C 005:416.270   Scanning AP map to find all available APs
T982C 005:417.002   AP[2]: Stopped AP scan as end of AP map has been reached
T982C 005:417.020   AP[0]: AHB-AP (IDR: 0x74770001, ADDR: 0x00000000)
T982C 005:417.027   AP[1]: APB-AP (IDR: 0x44770002, ADDR: 0x01000000)
T982C 005:417.036   Iterating through AP map to find AHB-AP to use
T982C 005:417.834   AP[0]: Core found
T982C 005:417.842   AP[0]: AHB-AP ROM base: 0x4001A000
T982C 005:418.422   CPUID register: 0x411CD200. Implementer code: 0x41 (ARM)
T982C 005:418.442   Feature set: Baseline
T982C 005:418.829   Cache: No cache
T982C 005:418.985   Found Cortex-M23 r1p0, Little endian.
T982C 005:419.381   -- Max. mem block: 0x0001D908
T982C 005:420.125   CPU_ReadMem(4 bytes @ 0xE000EDF0)
T982C 005:420.583   CPU_WriteMem(4 bytes @ 0xE000EDF0)
T982C 005:420.866   CPU_ReadMem(4 bytes @ 0xE0002000)
T982C 005:421.154   FPUnit: 4 code (BP) slots and 0 literal slots
T982C 005:421.162   CPU_ReadMem(4 bytes @ 0xE000EDFC)
T982C 005:421.451   CPU_WriteMem(4 bytes @ 0xE000EDFC)
T982C 005:421.752   CPU_ReadMem(4 bytes @ 0xE0001000)
T982C 005:422.039   CPU_ReadMem(4 bytes @ 0xE0001000)
T982C 005:422.330   CPU_ReadMem(4 bytes @ 0xE0001028)
T982C 005:422.615   CPU_ReadMem(4 bytes @ 0xE0001038)
T982C 005:422.938   CPU_WriteMem(4 bytes @ 0xE0001000)
T982C 005:423.231   CPU_ReadMem(4 bytes @ 0xE000ED88)
T982C 005:423.517   CPU_WriteMem(4 bytes @ 0xE000ED88)
T982C 005:423.786   CPU_ReadMem(4 bytes @ 0xE000ED88)
T982C 005:424.081   CPU_WriteMem(4 bytes @ 0xE000ED88)
T982C 005:424.497   CPU_ReadMem(4 bytes @ 0xE000EFB8)
T982C 005:424.841   Security extension: not implemented
T982C 005:424.849   CoreSight components:
T982C 005:424.856   ROMTbl[0] @ 4001A000
T982C 005:424.863   CPU_ReadMem(64 bytes @ 0x4001A000)
T982C 005:425.797   CPU_ReadMem(32 bytes @ 0xE000EFE0)
T982C 005:426.397   CPU_ReadMem(4 bytes @ 0xE000EFBC)
T982C 005:426.858   CPU_ReadMem(4 bytes @ 0xE000EFCC)
T982C 005:427.214   [0][0]: E000E000 CID B105900D PID 000BBD20 DEVARCH 47702A04 DEVTYPE 00 Cortex-M23
T982C 005:427.225   CPU_ReadMem(32 bytes @ 0xE0001FE0)
T982C 005:427.774   CPU_ReadMem(4 bytes @ 0xE0001FBC)
T982C 005:428.095   CPU_ReadMem(4 bytes @ 0xE0001FCC)
T982C 005:428.511   [0][1]: E0001000 CID B105900D PID 000BBD20 DEVARCH 47701A02 DEVTYPE 00 DWT
T982C 005:428.523   CPU_ReadMem(32 bytes @ 0xE0002FE0)
T982C 005:429.001   CPU_ReadMem(4 bytes @ 0xE0002FBC)
T982C 005:429.315   CPU_ReadMem(4 bytes @ 0xE0002FCC)
T982C 005:429.616   [0][2]: E0002000 CID B105900D PID 000BBD20 DEVARCH 47701A03 DEVTYPE 00 FPB
T982C 005:429.627   CPU_ReadMem(32 bytes @ 0x40019FE0)
T982C 005:430.195   CPU_ReadMem(4 bytes @ 0x40019FBC)
T982C 005:430.589   CPU_ReadMem(4 bytes @ 0x40019FCC)
T982C 005:430.950   [0][3]: 40019000 CID B105900D PID 000BBD20 DEVARCH 47710A31 DEVTYPE 31 MTB
T982C 005:431.213 - 26.031ms returns 0x00
T982C 005:431.713 JLINK_Halt()
T982C 005:434.414 - 2.701ms returns 0x00
T982C 005:434.429 JLINK_IsHalted()
T982C 005:434.765 - 0.336ms returns TRUE
T982C 005:434.778 JLINK_ResetPullsRESET(ON)
T982C 005:434.783 - 0.005ms 
T982C 005:434.789 JLINK_Reset()
T982C 005:434.816   JLINK_GetResetTypeDesc
T982C 005:434.821   - 0.005ms 
T982C 005:434.826   Reset type: CONNECT UNDER RESET (https://kb.segger.com/J-Link_Reset_Strategies)
T982C 005:434.836   CPU_WriteMem(4 bytes @ 0xE000EDF0)
T982C 005:435.129   CPU_ReadMem(4 bytes @ 0xE000ED44)
T982C 005:435.458   CPU_WriteMem(4 bytes @ 0xE000EDFC)
T982C 005:435.750   Reset: Halt core after reset via DEMCR.VC_CORERESET.
T982C 005:436.081   Reset: Reset device via AIRCR.SYSRESETREQ.
T982C 005:436.090   CPU_WriteMem(4 bytes @ 0xE000ED0C)
T982C 005:491.038   CPU_ReadMem(4 bytes @ 0xE000EDF0)
T982C 005:491.481   CPU_ReadMem(4 bytes @ 0xE000EDF0)
T982C 005:491.910   CPU_WriteMem(4 bytes @ 0xE000EDFC)
T982C 005:498.099   CPU_ReadMem(4 bytes @ 0xE000EDF0)
T982C 005:501.956   CPU_WriteMem(4 bytes @ 0xE0002000)
T982C 005:502.415   CPU_ReadMem(4 bytes @ 0xE000EDFC)
T982C 005:502.897   CPU_ReadMem(4 bytes @ 0xE0001000)
T982C 005:503.261   CPU_WriteMem(4 bytes @ 0xE0001000)
T982C 005:503.609   CPU_ReadMem(4 bytes @ 0xE000EE08)
T982C 005:503.900 - 69.111ms 
T982C 005:504.341 JLINK_ReadMem(0x01011080, 0x10 Bytes, ...)
T982C 005:504.352   CPU_ReadMem(16 bytes @ 0x01011080)
T982C 005:504.689   Data:  4A 46 43 33 37 30 31 45 30 41 46 37 52 20 20 20
T982C 005:504.697 - 0.356ms returns 0
T982C 005:504.710 JLINK_IsHalted()
T982C 005:504.715 - 0.005ms returns TRUE
T982C 005:505.118 JLINK_IsHalted()
T982C 005:505.127 - 0.008ms returns TRUE
T982C 005:505.133 JLINK_MeasureCPUSpeed(RAMAddr = 0xFFFFFFFF)
T982C 005:505.140   CPU_ReadMem(16 bytes @ 0x20004000)
T982C 005:505.536   CPU_ReadMem(64 bytes @ 0x20004000)
T982C 005:506.291    -- Updating C cache (64 bytes @ 0x20004000)
T982C 005:506.304    -- Read from C cache (6 bytes @ 0x20004000)
T982C 005:506.313   CPU_ReadMem(4 bytes @ 0x40019004)
T982C 005:506.584   CPU_ReadMem(4 bytes @ 0xE000ED90)
T982C 005:506.969   CPU_WriteMem(16 bytes @ 0x20004000)
T982C 005:507.328   CPU_WriteMem(6 bytes @ 0x20004000)
T982C 005:507.667   CPU_ReadMem(64 bytes @ 0x20004000)
T982C 005:508.337    -- Updating C cache (64 bytes @ 0x20004000)
T982C 005:508.345    -- Read from C cache (6 bytes @ 0x20004000)
T982C 005:508.361   CPU_ReadMem(4 bytes @ 0xE000EE08)
T982C 005:508.665   CPU_WriteMem(4 bytes @ 0xE0002008)
T982C 005:508.674   CPU_WriteMem(4 bytes @ 0xE000200C)
T982C 005:508.681   CPU_WriteMem(4 bytes @ 0xE0002010)
T982C 005:508.687   CPU_WriteMem(4 bytes @ 0xE0002014)
T982C 005:515.978   CPU_WriteMem(4 bytes @ 0xE0002008)
T982C 005:516.344   CPU_WriteMem(4 bytes @ 0xE000200C)
T982C 005:516.751   CPU_WriteMem(4 bytes @ 0xE0002010)
T982C 005:517.042   CPU_WriteMem(4 bytes @ 0xE0002014)
T982C 005:517.333   CPU_ReadMem(4 bytes @ 0xE000EE08)
T982C 005:517.679   CPU_ReadMem(4 bytes @ 0xE000EE08)
T982C 005:517.954   CPU_ReadMem(4 bytes @ 0xE000EE08)
T982C 005:543.585   CPU_WriteMem(6 bytes @ 0x20004000)
T982C 005:544.163   ClockFreq: 4000800 Hz
T982C 005:544.188 - 39.054ms returns 4000800
T982C 005:544.916 JLINK_ReadReg(XPSR)
T982C 005:544.941   CPU_ReadMem(4 bytes @ 0xE000EE08)
T982C 005:545.359 - 0.441ms returns 0x61000000
T9B44 008:032.337 JLINK_ResetPullsRESET(ON)
T9B44 008:032.371 - 0.033ms 
T9B44 008:032.377 JLINK_Halt()
T9B44 008:032.808 - 0.429ms returns 0x00
T9B44 008:032.844 JLINK_IsHalted()
T9B44 008:032.856 - 0.011ms returns TRUE
T9B44 008:032.866 JLINK_Reset()
T9B44 008:032.888   CPU_ReadMem(4 bytes @ 0x20004000)
T9B44 008:033.365   CPU_WriteMem(4 bytes @ 0x20004000)
T9B44 008:033.860   JLINK_GetResetTypeDesc
T9B44 008:033.889   - 0.029ms 
T9B44 008:033.903   Reset type: CONNECT UNDER RESET (https://kb.segger.com/J-Link_Reset_Strategies)
T9B44 008:033.916   CPU_WriteMem(4 bytes @ 0xE000EDF0)
T9B44 008:034.356   CPU_ReadMem(4 bytes @ 0xE000ED44)
T9B44 008:034.757   CPU_WriteMem(4 bytes @ 0xE000EDFC)
T9B44 008:035.173   Reset: Halt core after reset via DEMCR.VC_CORERESET.
T9B44 008:035.682   Reset: Reset device via AIRCR.SYSRESETREQ.
T9B44 008:035.715   CPU_WriteMem(4 bytes @ 0xE000ED0C)
T9B44 008:088.993   CPU_ReadMem(4 bytes @ 0xE000EDF0)
T9B44 008:089.517   CPU_ReadMem(4 bytes @ 0xE000EDF0)
T9B44 008:089.984   CPU_WriteMem(4 bytes @ 0xE000EDFC)
T9B44 008:097.981   CPU_ReadMem(4 bytes @ 0xE000EDF0)
T9B44 008:101.554   CPU_WriteMem(4 bytes @ 0xE0002000)
T9B44 008:102.068   CPU_ReadMem(4 bytes @ 0xE000EDFC)
T9B44 008:102.535   CPU_ReadMem(4 bytes @ 0xE0001000)
T9B44 008:102.951   CPU_WriteMem(4 bytes @ 0xE0001000)
T9B44 008:103.439   CPU_ReadMem(4 bytes @ 0xE000EE08)
T9B44 008:103.835 - 70.967ms 
T9B44 008:104.293 JLINK_SetEndian(ARM_ENDIAN_LITTLE)
T9B44 008:104.317 - 0.024ms returns 0
T9B44 008:104.494 JLINK_BeginDownload(Flags = 0x00000000)
T9B44 008:104.511 - 0.017ms 
T9B44 008:128.981 JLINK_WriteMem(0x00000000, 0xE8 Bytes, ...)
T9B44 008:129.014   Data:  48 44 00 20 41 01 00 00 89 14 00 00 65 15 00 00 ...
T9B44 008:129.990   completely In flash
T9B44 008:130.029 - 1.048ms returns 0xE8
T9B44 008:130.740 JLINK_WriteMem(0x000000E8, 0x134 Bytes, ...)
T9B44 008:130.773   Data:  02 00 00 00 F8 00 00 00 03 00 00 00 10 01 00 00 ...
T9B44 008:130.797   completely In flash
T9B44 008:130.811 - 0.071ms returns 0x134
T9B44 008:131.457 JLINK_WriteMem(0x00000400, 0x4 Bytes, ...)
T9B44 008:131.496   Data:  FF FF FF FF
T9B44 008:131.516   completely In flash
T9B44 008:131.529 - 0.072ms returns 0x4
T9B44 008:132.101 JLINK_WriteMem(0x00000404, 0x4 Bytes, ...)
T9B44 008:132.151   Data:  F7 AF C1 FF
T9B44 008:132.169   completely In flash
T9B44 008:132.181 - 0.082ms returns 0x4
T9B44 008:132.612 JLINK_WriteMem(0x00000440, 0x46 Bytes, ...)
T9B44 008:132.632   Data:  0C 00 0A 00 01 03 28 0A 04 20 00 AA 00 00 F0 00 ...
T9B44 008:132.643   completely In flash
T9B44 008:132.649 - 0.038ms returns 0x46
T9B44 008:133.101 JLINK_WriteMem(0x00000488, 0xBC8 Bytes, ...)
T9B44 008:133.119   Data:  00 22 18 2A 03 D0 8B 5C 83 54 52 1C F9 E7 00 20 ...
T9B44 008:133.129   completely In flash
T9B44 008:133.137 - 0.036ms returns 0xBC8
T9B44 008:133.638 JLINK_WriteMem(0x00001050, 0xBB0 Bytes, ...)
T9B44 008:133.661   Data:  7D FA 30 78 7F 21 01 40 31 70 17 48 02 21 01 70 ...
T9B44 008:133.674   completely In flash
T9B44 008:133.682 - 0.044ms returns 0xBB0
T9B44 008:133.958 JLINK_WriteMem(0x00001C00, 0xBB0 Bytes, ...)
T9B44 008:133.969   Data:  22 98 21 90 40 2E 16 9A 14 46 00 D3 17 9A 21 A9 ...
T9B44 008:133.989   completely In flash
T9B44 008:133.997 - 0.039ms returns 0xBB0
T9B44 008:134.457 JLINK_WriteMem(0x000027B0, 0xBB0 Bytes, ...)
T9B44 008:134.489   Data:  30 40 10 1A 08 46 03 9B 98 41 0C D3 34 20 05 91 ...
T9B44 008:134.518   completely In flash
T9B44 008:134.535 - 0.077ms returns 0xBB0
T9B44 008:134.979 JLINK_WriteMem(0x00003360, 0xAA2 Bytes, ...)
T9B44 008:135.007   Data:  00 D3 80 1A 5B 41 CA 05 90 42 00 D3 80 1A 5B 41 ...
T9B44 008:135.023   completely In flash
T9B44 008:135.037 - 0.058ms returns 0xAA2
T9B44 008:158.192 JLINK_EndDownload()
T9B44 008:158.930   HandleBeforeFlashProg() start
T9B44 008:158.974    J-Link Script File: Executing HandleBeforeFlashProg()
T9B44 008:158.993   CPU_ReadMem(2 bytes @ 0x40000D04)
T9B44 008:159.426   CPU_ReadMem(2 bytes @ 0x40000D14)
T9B44 008:159.861   HandleBeforeFlashProg() end - Took 885us
T9B44 008:159.907   CPU_ReadMem(4 bytes @ 0x40019004)
T9B44 008:160.272   CPU_ReadMem(4 bytes @ 0xE000ED90)
T9B44 008:161.363    -- --------------------------------------
T9B44 008:161.406    -- Start of determining flash info (Bank @ 0x00000000)
T9B44 008:161.750    -- End of determining flash info
T9B44 008:161.775    -- Start of determining dirty areas in flash cache
T9B44 008:161.790    -- Filling invalid ranges in sector buffer (flash cache) for sector @ 0x00000000 if necessary
T9B44 008:161.804    -- Filling invalid ranges in sector buffer (flash cache) for sector @ 0x00000800 if necessary
T9B44 008:161.897    -- Filling invalid ranges in sector buffer (flash cache) for sector @ 0x00001000 if necessary
T9B44 008:161.910    -- Filling invalid ranges in sector buffer (flash cache) for sector @ 0x00001800 if necessary
T9B44 008:161.928    -- Filling invalid ranges in sector buffer (flash cache) for sector @ 0x00002000 if necessary
T9B44 008:161.941    -- Filling invalid ranges in sector buffer (flash cache) for sector @ 0x00002800 if necessary
T9B44 008:161.954    -- Filling invalid ranges in sector buffer (flash cache) for sector @ 0x00003000 if necessary
T9B44 008:161.967    -- Filling invalid ranges in sector buffer (flash cache) for sector @ 0x00003800 if necessary
T9B44 008:161.997    -- End of determining dirty areas
T9B44 008:162.010    -- Start of preparing flash programming
T9B44 008:162.023    -- Preparing RAMCode
T9B44 008:162.035    -- Calculating RAM usage
T9B44 008:162.048    -- RAM usage = 6816 Bytes
T9B44 008:162.061    -- Preserving CPU registers
T9B44 008:163.384    -- Preparing memory
T9B44 008:163.419    -- Determining CPU clock frequency
T9B44 008:199.709    -- CPU frequency = 4001 kHz
T9B44 008:199.751    -- Preparing target
T9B44 008:199.763    -- Preserving target RAM temporarily used for programming
T9B44 008:234.642    -- Downloading RAMCode
T9B44 008:256.893    -- Initializing RAMCode (InitType: 3 = Verify)
T9B44 008:256.951    -- Executing Init(3)
T9B44 008:275.558    -- End of preparing flash programming
T9B44 008:285.206   
  ***** Warning: 
T9B44 008:285.235   CPU is running at low speed (4001 kHz).
T9B44 008:285.242    -- CPU is running at 4001 kHz.
T9B44 008:285.251    -- Start of comparing flash
T9B44 008:285.260    -- CRC check was estimated as fastest method
T9B44 008:317.488    -- Comparing range 0x0000 - 0x3FFF (8 Sectors, 16 KB), using single-block CRC calculation
T9B44 008:416.717    -- CRC does not match, checking individual sectors
T9B44 008:510.546    -- CRC does not match for sectors 0-7
T9B44 008:510.609    -- End of comparing flash
T9B44 008:510.620    -- Start of erasing sectors
T9B44 008:510.634    -- Erasing range 0x00000000 - 0x00003FFF (  8 Sectors, 16 KB)
T9B44 008:510.644    -- Initializing RAMCode (InitType: 1 = Erase)
T9B44 008:510.653    -- Executing UnInit()
T9B44 008:520.962    -- Executing Init(1)
T9B44 008:574.166    -- End of erasing sectors
T9B44 008:574.207    -- Start of flash programming
T9B44 008:574.218    -- Programming range 0x00000000 - 0x00003FFF (  8 Sectors, 16 KB)
T9B44 008:577.554    -- Initializing RAMCode (InitType: 2 = Program)
T9B44 008:577.622    -- Executing UnInit()
T9B44 008:590.205    -- Executing Init(2)
T9B44 008:600.239    -- Program page timeout too high. Use default timeout: 10000 [s]
T9B44 008:600.310    -- Program page timeout too high. Use default timeout: 10000 [s]
T9B44 008:600.334    -- Program page timeout too high. Use default timeout: 10000 [s]
T9B44 008:651.143    -- Program page timeout too high. Use default timeout: 10000 [s]
T9B44 008:691.643    -- Program page timeout too high. Use default timeout: 10000 [s]
T9B44 008:729.498    -- Program page timeout too high. Use default timeout: 10000 [s]
T9B44 008:768.530    -- Program page timeout too high. Use default timeout: 10000 [s]
T9B44 008:807.675    -- Program page timeout too high. Use default timeout: 10000 [s]
T9B44 008:846.722    -- End of flash programming
T9B44 008:846.757    -- 0x0000 - 0x3FFF (  8 Sectors, 16 KB)
T9B44 008:846.767    -- Start of verifying flash
T9B44 008:846.775    -- Checksum calculation was estimated as fastest method
T9B44 008:846.783    -- Checksum is not supported by this flash bank. Switched to read back method.
T9B44 008:846.792    -- Initializing RAMCode (InitType: 3 = Verify)
T9B44 008:846.800    -- Executing UnInit()
T9B44 008:933.173    -- Executing Init(3)
T9B44 009:036.450    -- End of verifying flash
T9B44 009:036.483    -- Start of restoring
T9B44 009:036.492    -- Executing UnInit()
T9B44 009:055.009    -- Restoring target memory
T9B44 009:083.306    -- Restoring CPU registers
T9B44 009:083.799    -- End of restoring
T9B44 009:083.821    -- Bank 0 @ 0x00000000: 1 range affected (16384 bytes)
T9B44 009:083.830    -- Total: 0.921s (Prepare: 0.123s, Compare: 0.225s, Erase: 0.063s, Program: 0.349s, Verify: 0.112s, Restore: 0.047s)
T9B44 009:083.838    -- Program speed: 45 KB/s
T9B44 009:093.457   HandleAfterFlashProg() start
T9B44 009:093.499    J-Link Script File: Executing HandleAfterFlashProg()
T9B44 009:093.508   HandleAfterFlashProg() end - Took 8us
T9B44 009:093.863 - 935.670ms returns 16384 (0x4000)
T9B44 009:095.184 JLINK_WriteReg(R15 (PC), 0x00000140)
T9B44 009:095.211 - 0.027ms returns 0
T9B44 009:095.218 JLINK_WriteReg(XPSR, 0x01000000)
T9B44 009:095.224 - 0.005ms returns 0
T9B44 009:098.407 JLINK_ResetPullsRESET(ON)
T9B44 009:098.440 - 0.032ms 
T9B44 009:098.446 JLINK_Halt()
T9B44 009:098.454 - 0.007ms returns 0x00
T9B44 009:098.458 JLINK_IsHalted()
T9B44 009:098.466 - 0.006ms returns TRUE
T9B44 009:098.470 JLINK_Reset()
T9B44 009:098.485   CPU_ReadMem(4 bytes @ 0x20004000)
T9B44 009:099.082   CPU_WriteMem(4 bytes @ 0x20004000)
T9B44 009:099.562   JLINK_GetResetTypeDesc
T9B44 009:099.582   - 0.020ms 
T9B44 009:099.587   Reset type: CONNECT UNDER RESET (https://kb.segger.com/J-Link_Reset_Strategies)
T9B44 009:099.596   CPU_WriteMem(4 bytes @ 0xE000EDF0)
T9B44 009:100.059   CPU_ReadMem(4 bytes @ 0xE000ED44)
T9B44 009:100.462   CPU_WriteMem(4 bytes @ 0xE000EDFC)
T9B44 009:100.805   Reset: Halt core after reset via DEMCR.VC_CORERESET.
T9B44 009:103.010   Reset: Reset device via AIRCR.SYSRESETREQ.
T9B44 009:103.034   CPU_WriteMem(4 bytes @ 0xE000ED0C)
T9B44 009:159.287   CPU_ReadMem(4 bytes @ 0xE000EDF0)
T9B44 009:159.752   CPU_ReadMem(4 bytes @ 0xE000EDF0)
T9B44 009:160.165   CPU_WriteMem(4 bytes @ 0xE000EDFC)
T9B44 009:166.798   CPU_ReadMem(4 bytes @ 0xE000EDF0)
T9B44 009:170.010   CPU_WriteMem(4 bytes @ 0xE0002000)
T9B44 009:170.361   CPU_ReadMem(4 bytes @ 0xE000EDFC)
T9B44 009:170.688   CPU_ReadMem(4 bytes @ 0xE0001000)
T9B44 009:171.018   CPU_WriteMem(4 bytes @ 0xE0001000)
T9B44 009:171.370   CPU_ReadMem(4 bytes @ 0xE000EE08)
T9B44 009:171.694 - 73.222ms 
T9B44 009:171.730 JLINK_SetEndian(ARM_ENDIAN_LITTLE)
T9B44 009:171.741 - 0.009ms returns 0
T9B44 009:194.002 JLINK_ReadMem(0x00000140, 0x4 Bytes, ...)
T9B44 009:194.075    -- Read from flash cache (4 bytes @ 0x00000140)
T9B44 009:194.083   Data:  80 B5 00 AF
T9B44 009:194.094 - 0.093ms returns 0
T9B44 009:219.934 JLINK_ReadMem(0x00000140, 0x4 Bytes, ...)
T9B44 009:219.969    -- Read from flash cache (4 bytes @ 0x00000140)
T9B44 009:219.978   Data:  80 B5 00 AF
T9B44 009:219.987 - 0.054ms returns 0
T9B44 009:412.850 JLINK_GetNumBPUnits(Type = 0xFFFFFF00)
T9B44 009:412.913 - 0.063ms returns 0x04
T9B44 009:412.924 JLINK_GetNumWPUnits()
T9B44 009:412.933 - 0.008ms returns 2
T9B44 009:412.949 JLINK_GetNumBPUnits(Type = 0xFFFFFF00)
T9B44 009:412.958 - 0.009ms returns 0x04
T9B44 009:412.967 JLINK_GetNumWPUnits()
T9B44 009:412.976 - 0.008ms returns 2
T9B44 009:412.989 JLINK_GetNumBPUnits(Type = 0xFFFFFF00)
T9B44 009:412.998 - 0.008ms returns 0x04
T9B44 009:413.007 JLINK_GetNumWPUnits()
T9B44 009:413.017 - 0.009ms returns 2
T9B44 009:413.080 JLINK_SetBPEx(Addr = 0x00000982, Type = 0xFFFFFF00)
T9B44 009:413.729 - 0.647ms returns 0x00000001
T9B44 009:414.202 JLINK_ClrBPEx(BPHandle = 0x00000001)
T9B44 009:414.245 - 0.042ms returns 0x00
T9B44 009:439.078 JLINK_ReadMem(0x00000986, 0x2 Bytes, ...)
T9B44 009:439.113    -- Read from flash cache (2 bytes @ 0x00000986)
T9B44 009:439.121   Data:  FF F7
T9B44 009:439.130 - 0.052ms returns 0
T9B44 009:439.702 JLINK_SetBPEx(Addr = 0x00000986, Type = 0xFFFFFF00)
T9B44 009:439.735 - 0.032ms returns 0x00000002
T9B44 009:546.685 JLINK_ReadRegs(NumRegs = 22)
T9B44 009:546.732   CPU_ReadMem(4 bytes @ 0xE000EE08)
T9B44 009:547.189   
  R0 (0)        = 0x40044400           R1 (1)        = 0x00                 R2 (2)        = 0x00                 R3 (3)        = 0xF7              
  R4 (4)        = 0x20005A58           R5 (5)        = 0x00                 R6 (6)        = 0x20005A68           R7 (7)        = 0xFFFFFFFF        
  R8 (8)        = 0xDC281CAC           R9 (9)        = 0x40008660           R10 (10)      = 0xE9186C96           R11 (11)      = 0x7D3A11DA        
  R12 (12)      = 0x585B3562           R13 (SP) (13) = 0x20004448           R14 (14)      = 0x20004281           R15 (PC) (15) = 0x140             
  XPSR (16)     = 0x41000000           MSPLIM (86)   = 0x00                 PSPLIM (87)   = 0x00                 CFBP (20)     = 0x00              
  R0 (0)        = 0x40044400           R1 (1)        = 0x00              
T9B44 009:547.231 - 0.546ms returns 0x00
T9B44 009:548.275 JLINK_ReadMem(0x00000140, 0x4 Bytes, ...)
T9B44 009:548.311    -- Read from flash cache (4 bytes @ 0x00000140)
T9B44 009:548.326   Data:  80 B5 00 AF
T9B44 009:548.338 - 0.064ms returns 0
T778C 009:669.786 JLINK_GetNumBPUnits(Type = 0xFFFFFF00)
T778C 009:669.826 - 0.041ms returns 0x04
T778C 009:669.837 JLINK_GetNumWPUnits()
T778C 009:669.845 - 0.008ms returns 2
T778C 009:670.395 JLINK_GetNumBPUnits(Type = 0xFFFFFF00)
T778C 009:670.427 - 0.031ms returns 0x04
T778C 009:670.438 JLINK_GetNumWPUnits()
T778C 009:670.446 - 0.008ms returns 2
T778C 009:670.795 JLINK_GetNumBPUnits(Type = 0xFFFFFF00)
T778C 009:670.824 - 0.028ms returns 0x04
T778C 009:670.834 JLINK_GetNumWPUnits()
T778C 009:670.843 - 0.008ms returns 2
T778C 009:671.278 JLINK_GetNumBPUnits(Type = 0xFFFFFF00)
T778C 009:671.298 - 0.020ms returns 0x04
T778C 009:671.305 JLINK_GetNumWPUnits()
T778C 009:671.310 - 0.004ms returns 2
T778C 009:671.686 JLINK_GetNumBPUnits(Type = 0xFFFFFF00)
T778C 009:671.712 - 0.026ms returns 0x04
T778C 009:671.722 JLINK_GetNumWPUnits()
T778C 009:671.730 - 0.008ms returns 2
T778C 009:672.246 JLINK_GetNumBPUnits(Type = 0xFFFFFF00)
T778C 009:672.274 - 0.028ms returns 0x04
T778C 009:672.283 JLINK_GetNumWPUnits()
T778C 009:672.292 - 0.007ms returns 2
T778C 009:672.725 JLINK_GetNumBPUnits(Type = 0xFFFFFF00)
T778C 009:672.746 - 0.020ms returns 0x04
T778C 009:672.751 JLINK_GetNumWPUnits()
T778C 009:672.757 - 0.005ms returns 2
T778C 009:673.237 JLINK_GetNumBPUnits(Type = 0xFFFFFF00)
T778C 009:673.263 - 0.026ms returns 0x04
T778C 009:673.274 JLINK_GetNumWPUnits()
T778C 009:673.282 - 0.008ms returns 2
T9B44 024:630.090 JLINK_ReadMem(0x00000140, 0x4 Bytes, ...)
T9B44 024:630.140    -- Read from flash cache (4 bytes @ 0x00000140)
T9B44 024:630.154   Data:  80 B5 00 AF
T9B44 024:630.166 - 0.077ms returns 0
T9B44 105:119.624 JLINK_IsHalted()
T9B44 105:123.176 - 3.556ms returns TRUE
T9B44 105:123.376 JLINK_GoEx(MaxEmulInsts = 0, Flags = 0x01)
T9B44 105:123.400   CPU_WriteMem(4 bytes @ 0xE0002000)
T9B44 105:128.352   CPU_ReadMem(4 bytes @ 0xE0001000)
T9B44 105:144.896   CPU_WriteMem(4 bytes @ 0xE0001000)
T9B44 105:147.568   CPU_WriteMem(4 bytes @ 0xE0002008)
T9B44 105:147.616   CPU_WriteMem(4 bytes @ 0xE000200C)
T9B44 105:147.624   CPU_WriteMem(4 bytes @ 0xE0002010)
T9B44 105:147.632   CPU_WriteMem(4 bytes @ 0xE0002014)
T9B44 105:150.880   CPU_WriteMem(4 bytes @ 0xE0001004)
T9B44 105:159.864   Memory map 'after startup completion point' is active
T9B44 105:159.912 - 36.528ms 
T9B44 105:265.800 JLINK_IsHalted()
T9B44 105:268.896 - 3.090ms returns TRUE
T9B44 105:268.944 JLINK_ReadReg(XPSR)
T9B44 105:268.960   CPU_ReadMem(4 bytes @ 0xE000EE08)
T9B44 105:269.312 - 0.365ms returns 0x61000000
T9B44 105:269.336 JLINK_ReadReg(R15 (PC))
T9B44 105:269.352 - 0.007ms returns 0x00000986
T9B44 105:269.360 JLINK_ReadReg(XPSR)
T9B44 105:269.360 - 0.005ms returns 0x61000000
T9B44 105:269.368 JLINK_ReadReg(XPSR)
T9B44 105:269.376 - 0.004ms returns 0x61000000
T9B44 105:269.376 JLINK_ReadReg(R15 (PC))
T9B44 105:269.384 - 0.004ms returns 0x00000986
T9B44 105:269.392 JLINK_ReadReg(XPSR)
T9B44 105:269.392 - 0.004ms returns 0x61000000
T9B44 105:269.400 JLINK_ReadReg(XPSR)
T9B44 105:269.400 - 0.004ms returns 0x61000000
T9B44 105:269.408 JLINK_ReadMem(0x00000986, 0x1 Bytes, ...)
T9B44 105:269.424    -- Read from flash cache (1 bytes @ 0x00000986)
T9B44 105:269.440   Data:  FF
T9B44 105:269.448 - 0.036ms returns 0
T9B44 105:269.456 JLINK_IsHalted()
T9B44 105:269.456 - 0.004ms returns TRUE
T9B44 105:269.456 JLINK_ReadReg(XPSR)
T9B44 105:269.464 - 0.004ms returns 0x61000000
T9B44 105:269.472 JLINK_ReadReg(XPSR)
T9B44 105:269.480 - 0.004ms returns 0x61000000
T9B44 105:269.480 JLINK_ReadReg(R15 (PC))
T9B44 105:269.488 - 0.004ms returns 0x00000986
T9B44 105:269.488 JLINK_ReadReg(XPSR)
T9B44 105:269.496 - 0.004ms returns 0x61000000
T9B44 105:269.504 JLINK_ReadReg(XPSR)
T9B44 105:269.504 - 0.004ms returns 0x61000000
T9B44 105:269.512 JLINK_ReadMem(0x00000986, 0x1 Bytes, ...)
T9B44 105:269.520    -- Read from flash cache (1 bytes @ 0x00000986)
T9B44 105:269.520   Data:  FF
T9B44 105:269.528 - 0.017ms returns 0
T9B44 105:269.592 JLINK_IsHalted()
T9B44 105:269.600 - 0.004ms returns TRUE
T9B44 105:269.608 JLINK_ReadReg(XPSR)
T9B44 105:269.608 - 0.004ms returns 0x61000000
T9B44 105:269.616 JLINK_ReadReg(R15 (PC))
T9B44 105:269.616 - 0.004ms returns 0x00000986
T9B44 105:269.624 JLINK_ReadReg(XPSR)
T9B44 105:269.632 - 0.004ms returns 0x61000000
T9B44 105:269.632 JLINK_ReadReg(XPSR)
T9B44 105:269.640 - 0.004ms returns 0x61000000
T9B44 105:269.648 JLINK_ReadReg(R15 (PC))
T9B44 105:269.648 - 0.004ms returns 0x00000986
T9B44 105:269.656 JLINK_ReadReg(XPSR)
T9B44 105:269.656 - 0.004ms returns 0x61000000
T9B44 105:269.664 JLINK_ReadReg(XPSR)
T9B44 105:269.672 - 0.004ms returns 0x61000000
T9B44 105:269.680 JLINK_ReadMem(0x00000986, 0x1 Bytes, ...)
T9B44 105:269.680    -- Read from flash cache (1 bytes @ 0x00000986)
T9B44 105:269.680   Data:  FF
T9B44 105:269.688 - 0.017ms returns 0
T9B44 105:269.696 JLINK_IsHalted()
T9B44 105:269.704 - 0.004ms returns TRUE
T9B44 105:269.704 JLINK_ReadReg(XPSR)
T9B44 105:269.712 - 0.004ms returns 0x61000000
T9B44 105:269.712 JLINK_ReadReg(XPSR)
T9B44 105:269.720 - 0.004ms returns 0x61000000
T9B44 105:269.728 JLINK_ReadReg(R15 (PC))
T9B44 105:269.728 - 0.004ms returns 0x00000986
T9B44 105:269.736 JLINK_ReadReg(XPSR)
T9B44 105:269.744 - 0.004ms returns 0x61000000
T9B44 105:269.744 JLINK_ReadReg(XPSR)
T9B44 105:269.744 - 0.004ms returns 0x61000000
T9B44 105:269.752 JLINK_ReadMem(0x00000986, 0x1 Bytes, ...)
T9B44 105:269.760    -- Read from flash cache (1 bytes @ 0x00000986)
T9B44 105:269.768   Data:  FF
T9B44 105:269.776 - 0.017ms returns 0
T9B44 105:270.672 JLINK_ReadRegs(NumRegs = 22)
T9B44 105:270.728   
  R0 (0)        = 0x00                 R1 (1)        = 0x149                R2 (2)        = 0x00                 R3 (3)        = 0xF7              
  R4 (4)        = 0x20005A58           R5 (5)        = 0x00                 R6 (6)        = 0x20005A68           R7 (7)        = 0x20004438        
  R8 (8)        = 0xDC281CAC           R9 (9)        = 0x40008660           R10 (10)      = 0xE9186C96           R11 (11)      = 0x7D3A11DA        
  R12 (12)      = 0x585B3562           R13 (SP) (13) = 0x20004438           R14 (14)      = 0x14D                R15 (PC) (15) = 0x986             
  XPSR (16)     = 0x61000000           MSPLIM (86)   = 0x00                 PSPLIM (87)   = 0x00                 CFBP (20)     = 0x00              
  R0 (0)        = 0x00                 R1 (1)        = 0x149             
T9B44 105:270.736 - 0.054ms returns 0x00
T9B44 105:272.064 JLINK_ReadMem(0x00000986, 0x4 Bytes, ...)
T9B44 105:272.096    -- Read from flash cache (4 bytes @ 0x00000986)
T9B44 105:272.112   Data:  FF F7 B7 FD
T9B44 105:272.120 - 0.056ms returns 0
T9B44 105:273.280 JLINK_ClrBPEx(BPHandle = 0x00000002)
T9B44 105:273.320 - 0.037ms returns 0x00
T778C 105:281.328 JLINK_IsHalted()
T778C 105:281.368 - 0.038ms returns TRUE
T778C 105:281.384 JLINK_ReadReg(XPSR)
T778C 105:281.392 - 0.013ms returns 0x61000000
T778C 105:281.392 JLINK_ReadReg(R15 (PC))
T778C 105:281.400 - 0.005ms returns 0x00000986
T778C 105:281.408 JLINK_ReadReg(XPSR)
T778C 105:281.416 - 0.004ms returns 0x61000000
T778C 105:281.424 JLINK_ReadReg(XPSR)
T778C 105:281.424 - 0.004ms returns 0x61000000
T778C 105:281.488 JLINK_ReadReg(R15 (PC))
T778C 105:281.496 - 0.008ms returns 0x00000986
T778C 105:281.504 JLINK_ReadReg(XPSR)
T778C 105:281.504 - 0.004ms returns 0x61000000
T778C 105:281.512 JLINK_ReadReg(XPSR)
T778C 105:281.520 - 0.004ms returns 0x61000000
T778C 105:281.520 JLINK_ReadMem(0x00000986, 0x1 Bytes, ...)
T778C 105:281.528    -- Read from flash cache (1 bytes @ 0x00000986)
T778C 105:281.536   Data:  FF
T778C 105:281.544 - 0.022ms returns 0
T778C 105:281.552 JLINK_IsHalted()
T778C 105:281.552 - 0.004ms returns TRUE
T778C 105:281.560 JLINK_ReadReg(XPSR)
T778C 105:281.568 - 0.004ms returns 0x61000000
T778C 105:281.568 JLINK_ReadReg(XPSR)
T778C 105:281.576 - 0.004ms returns 0x61000000
T778C 105:281.584 JLINK_ReadReg(R15 (PC))
T778C 105:281.584 - 0.004ms returns 0x00000986
T778C 105:281.584 JLINK_ReadReg(XPSR)
T778C 105:281.592 - 0.004ms returns 0x61000000
T778C 105:281.600 JLINK_ReadReg(XPSR)
T778C 105:281.608 - 0.004ms returns 0x61000000
T778C 105:281.616 JLINK_ReadMem(0x00000986, 0x1 Bytes, ...)
T778C 105:281.616    -- Read from flash cache (1 bytes @ 0x00000986)
T778C 105:281.616   Data:  FF
T778C 105:281.624 - 0.017ms returns 0
T778C 105:281.672 JLINK_ReadMem(0xE0001000, 0x4 Bytes, ...)
T778C 105:281.680   CPU_ReadMem(4 bytes @ 0xE0001000)
T778C 105:282.056   Data:  00 00 00 2B
T778C 105:282.064   Debug reg: DWT_CTRL
T778C 105:282.072 - 0.405ms returns 0
T9B44 105:289.264 JLINK_ReadMem(0x00000986, 0x4 Bytes, ...)
T9B44 105:289.296    -- Read from flash cache (4 bytes @ 0x00000986)
T9B44 105:289.304   Data:  FF F7 B7 FD
T9B44 105:289.312 - 0.044ms returns 0
T9B44 106:975.512 JLINK_IsHalted()
T9B44 106:976.232 - 0.714ms returns TRUE
T9B44 106:976.360 JLINK_GoEx(MaxEmulInsts = 0, Flags = 0x01)
T9B44 106:976.528   CPU_ReadMem(4 bytes @ 0xE0001000)
T9B44 106:977.200   CPU_WriteMem(4 bytes @ 0xE0002008)
T9B44 106:978.416 - 2.056ms 
T9B44 107:079.248 JLINK_IsHalted()
T9B44 107:079.728 - 0.482ms returns FALSE
T9B44 107:079.776 JLINK_IsHalted()
T9B44 107:080.176 - 0.407ms returns FALSE
T9B44 107:187.672 JLINK_IsHalted()
T9B44 107:188.280 - 0.603ms returns FALSE
T9B44 107:188.296 JLINK_IsHalted()
T9B44 107:188.704 - 0.415ms returns FALSE
T9B44 107:296.968 JLINK_IsHalted()
T9B44 107:297.488 - 0.526ms returns FALSE
T9B44 107:297.512 JLINK_IsHalted()
T9B44 107:297.944 - 0.429ms returns FALSE
T9B44 107:407.312 JLINK_IsHalted()
T9B44 107:408.040 - 0.728ms returns FALSE
T9B44 107:408.064 JLINK_IsHalted()
T9B44 107:408.528 - 0.455ms returns FALSE
T9B44 107:516.032 JLINK_IsHalted()
T9B44 107:516.776 - 0.738ms returns FALSE
T9B44 107:516.840 JLINK_IsHalted()
T9B44 107:517.568 - 0.726ms returns FALSE
T9B44 107:625.176 JLINK_IsHalted()
T9B44 107:626.072 - 0.895ms returns FALSE
T9B44 107:626.128 JLINK_IsHalted()
T9B44 107:626.904 - 0.778ms returns FALSE
T9B44 107:734.720 JLINK_IsHalted()
T9B44 107:735.640 - 0.912ms returns FALSE
T9B44 107:735.696 JLINK_IsHalted()
T9B44 107:736.424 - 0.725ms returns FALSE
T9B44 107:844.848 JLINK_IsHalted()
T9B44 107:845.528 - 0.678ms returns FALSE
T9B44 107:845.592 JLINK_IsHalted()
T9B44 107:846.144 - 0.551ms returns FALSE
T9B44 107:953.744 JLINK_IsHalted()
T9B44 107:954.880 - 1.145ms returns FALSE
T9B44 107:954.944 JLINK_IsHalted()
T9B44 107:955.672 - 0.729ms returns FALSE
T778C 107:989.488 JLINK_IsHalted()
T778C 107:990.208 - 0.722ms returns FALSE
T778C 107:990.272 JLINK_IsHalted()
T778C 107:990.760 - 0.487ms returns FALSE
T9B44 108:063.296 JLINK_IsHalted()
T9B44 108:065.112 - 1.817ms returns FALSE
T9B44 108:065.176 JLINK_IsHalted()
T9B44 108:065.944 - 0.768ms returns FALSE
T9B44 108:172.096 JLINK_IsHalted()
T9B44 108:172.840 - 0.745ms returns FALSE
T9B44 108:172.904 JLINK_IsHalted()
T9B44 108:173.784 - 0.878ms returns FALSE
T9B44 108:281.728 JLINK_IsHalted()
T9B44 108:282.584 - 0.861ms returns FALSE
T9B44 108:282.648 JLINK_IsHalted()
T9B44 108:283.176 - 0.526ms returns FALSE
T9B44 108:390.760 JLINK_IsHalted()
T9B44 108:391.640 - 0.872ms returns FALSE
T9B44 108:391.720 JLINK_IsHalted()
T9B44 108:392.496 - 0.783ms returns FALSE
T9B44 108:500.504 JLINK_IsHalted()
T9B44 108:501.392 - 0.878ms returns FALSE
T9B44 108:501.456 JLINK_IsHalted()
T9B44 108:502.056 - 0.606ms returns FALSE
T9B44 108:610.280 JLINK_IsHalted()
T9B44 108:610.992 - 0.711ms returns FALSE
T9B44 108:611.024 JLINK_IsHalted()
T9B44 108:611.696 - 0.666ms returns FALSE
T9B44 108:719.792 JLINK_IsHalted()
T9B44 108:720.592 - 0.797ms returns FALSE
T9B44 108:720.664 JLINK_IsHalted()
T9B44 108:721.240 - 0.579ms returns FALSE
T9B44 108:828.400 JLINK_IsHalted()
T9B44 108:829.072 - 0.663ms returns FALSE
T9B44 108:829.136 JLINK_IsHalted()
T9B44 108:829.928 - 0.792ms returns FALSE
T9B44 108:938.192 JLINK_IsHalted()
T9B44 108:938.832 - 0.640ms returns FALSE
T9B44 108:938.896 JLINK_IsHalted()
T9B44 108:941.232 - 2.348ms returns FALSE
T778C 108:992.560 JLINK_IsHalted()
T778C 108:993.232 - 0.662ms returns FALSE
T778C 108:993.280 JLINK_IsHalted()
T778C 108:994.008 - 0.728ms returns FALSE
T9B44 109:047.488 JLINK_IsHalted()
T9B44 109:048.320 - 0.832ms returns FALSE
T9B44 109:048.384 JLINK_IsHalted()
T9B44 109:049.104 - 0.715ms returns FALSE
T9B44 109:156.696 JLINK_IsHalted()
T9B44 109:157.264 - 0.553ms returns FALSE
T9B44 109:157.288 JLINK_IsHalted()
T9B44 109:157.656 - 0.378ms returns FALSE
T9B44 109:266.640 JLINK_IsHalted()
T9B44 109:267.088 - 0.442ms returns FALSE
T9B44 109:267.096 JLINK_IsHalted()
T9B44 109:267.496 - 0.403ms returns FALSE
T9B44 109:376.024 JLINK_IsHalted()
T9B44 109:376.576 - 0.550ms returns FALSE
T9B44 109:376.592 JLINK_IsHalted()
T9B44 109:377.008 - 0.423ms returns FALSE
T9B44 109:484.976 JLINK_IsHalted()
T9B44 109:485.528 - 0.552ms returns FALSE
T9B44 109:485.552 JLINK_IsHalted()
T9B44 109:485.848 - 0.296ms returns FALSE
T9B44 109:594.240 JLINK_IsHalted()
T9B44 109:594.840 - 0.600ms returns FALSE
T9B44 109:594.856 JLINK_IsHalted()
T9B44 109:595.416 - 0.563ms returns FALSE
T9B44 109:703.952 JLINK_IsHalted()
T9B44 109:704.512 - 0.551ms returns FALSE
T9B44 109:704.528 JLINK_IsHalted()
T9B44 109:705.112 - 0.593ms returns FALSE
T9B44 109:813.160 JLINK_IsHalted()
T9B44 109:814.168 - 1.009ms returns FALSE
T9B44 109:814.272 JLINK_IsHalted()
T9B44 109:814.848 - 0.583ms returns FALSE
T9B44 109:923.088 JLINK_IsHalted()
T9B44 109:925.784 - 2.689ms returns FALSE
T9B44 109:925.864 JLINK_IsHalted()
T9B44 109:926.464 - 0.598ms returns FALSE
T778C 109:994.152 JLINK_IsHalted()
T778C 109:994.664 - 0.514ms returns FALSE
T778C 109:994.728 JLINK_IsHalted()
T778C 109:995.112 - 0.378ms returns FALSE
T9B44 110:031.912 JLINK_IsHalted()
T9B44 110:032.448 - 0.543ms returns FALSE
T9B44 110:032.472 JLINK_IsHalted()
T9B44 110:032.960 - 0.482ms returns FALSE
T9B44 110:141.376 JLINK_IsHalted()
T9B44 110:141.888 - 0.508ms returns FALSE
T9B44 110:141.928 JLINK_IsHalted()
T9B44 110:142.504 - 0.580ms returns FALSE
T9B44 110:250.352 JLINK_IsHalted()
T9B44 110:250.864 - 0.518ms returns FALSE
T9B44 110:250.904 JLINK_IsHalted()
T9B44 110:251.344 - 0.425ms returns FALSE
T9B44 110:359.448 JLINK_IsHalted()
T9B44 110:359.976 - 0.528ms returns FALSE
T9B44 110:360.000 JLINK_IsHalted()
T9B44 110:361.456 - 1.462ms returns FALSE
T9B44 110:469.656 JLINK_IsHalted()
T9B44 110:470.464 - 0.804ms returns FALSE
T9B44 110:470.552 JLINK_IsHalted()
T9B44 110:471.104 - 0.550ms returns FALSE
T9B44 110:578.328 JLINK_IsHalted()
T9B44 110:579.048 - 0.713ms returns FALSE
T9B44 110:579.136 JLINK_IsHalted()
T9B44 110:579.800 - 0.657ms returns FALSE
T9B44 110:688.024 JLINK_IsHalted()
T9B44 110:688.448 - 0.427ms returns FALSE
T9B44 110:688.472 JLINK_IsHalted()
T9B44 110:688.920 - 0.455ms returns FALSE
T9B44 110:797.144 JLINK_IsHalted()
T9B44 110:797.744 - 0.599ms returns FALSE
T9B44 110:797.760 JLINK_IsHalted()
T9B44 110:798.256 - 0.497ms returns FALSE
T9B44 110:906.648 JLINK_IsHalted()
T9B44 110:907.184 - 0.542ms returns FALSE
T9B44 110:907.216 JLINK_IsHalted()
T9B44 110:907.696 - 0.477ms returns FALSE
T778C 110:995.880 JLINK_IsHalted()
T778C 110:996.336 - 0.472ms returns FALSE
T778C 110:996.368 JLINK_IsHalted()
T778C 110:996.848 - 0.492ms returns FALSE
T9B44 111:016.080 JLINK_IsHalted()
T9B44 111:016.704 - 0.632ms returns FALSE
T9B44 111:016.728 JLINK_IsHalted()
T9B44 111:017.264 - 0.544ms returns FALSE
T9B44 111:126.120 JLINK_IsHalted()
T9B44 111:126.576 - 0.453ms returns FALSE
T9B44 111:126.592 JLINK_IsHalted()
T9B44 111:126.896 - 0.295ms returns FALSE
T9B44 111:239.384 JLINK_IsHalted()
T9B44 111:239.744 - 0.363ms returns FALSE
T9B44 111:239.768 JLINK_IsHalted()
T9B44 111:241.200 - 1.439ms returns FALSE
T9B44 111:344.168 JLINK_IsHalted()
T9B44 111:344.728 - 0.562ms returns FALSE
T9B44 111:344.752 JLINK_IsHalted()
T9B44 111:345.344 - 0.581ms returns FALSE
T9B44 111:454.160 JLINK_IsHalted()
T9B44 111:456.536 - 2.379ms returns FALSE
T9B44 111:456.552 JLINK_IsHalted()
T9B44 111:459.456 - 2.905ms returns FALSE
T9B44 111:563.408 JLINK_IsHalted()
T9B44 111:563.816 - 0.413ms returns FALSE
T9B44 111:563.840 JLINK_IsHalted()
T9B44 111:564.240 - 0.402ms returns FALSE
T9B44 111:672.128 JLINK_IsHalted()
T9B44 111:674.520 - 2.393ms returns FALSE
T9B44 111:674.536 JLINK_IsHalted()
T9B44 111:675.248 - 0.713ms returns FALSE
T9B44 111:781.680 JLINK_IsHalted()
T9B44 111:782.656 - 0.960ms returns FALSE
T9B44 111:782.768 JLINK_IsHalted()
T9B44 111:783.272 - 0.504ms returns FALSE
T9B44 111:891.776 JLINK_IsHalted()
T9B44 111:892.608 - 0.826ms returns FALSE
T9B44 111:892.656 JLINK_IsHalted()
T9B44 111:893.464 - 0.806ms returns FALSE
T778C 111:996.992 JLINK_IsHalted()
T778C 111:997.744 - 0.747ms returns FALSE
T778C 111:997.800 JLINK_IsHalted()
T778C 111:999.552 - 1.744ms returns FALSE
T9B44 112:000.384 JLINK_IsHalted()
T9B44 112:001.008 - 0.620ms returns FALSE
T9B44 112:001.064 JLINK_IsHalted()
T9B44 112:001.624 - 0.564ms returns FALSE
T9B44 112:111.000 JLINK_IsHalted()
T9B44 112:111.872 - 0.872ms returns FALSE
T9B44 112:111.920 JLINK_IsHalted()
T9B44 112:112.688 - 0.760ms returns FALSE
T9B44 112:219.792 JLINK_IsHalted()
T9B44 112:220.696 - 0.905ms returns FALSE
T9B44 112:220.784 JLINK_IsHalted()
T9B44 112:223.656 - 2.871ms returns FALSE
T9B44 112:328.344 JLINK_IsHalted()
T9B44 112:329.344 - 0.997ms returns FALSE
T9B44 112:329.424 JLINK_IsHalted()
T9B44 112:330.280 - 0.846ms returns FALSE
T9B44 112:438.104 JLINK_IsHalted()
T9B44 112:439.000 - 0.884ms returns FALSE
T9B44 112:439.088 JLINK_IsHalted()
T9B44 112:439.872 - 0.776ms returns FALSE
T9B44 112:547.072 JLINK_IsHalted()
T9B44 112:547.672 - 0.595ms returns FALSE
T9B44 112:547.696 JLINK_IsHalted()
T9B44 112:548.160 - 0.470ms returns FALSE
T9B44 112:656.536 JLINK_IsHalted()
T9B44 112:659.480 - 2.940ms returns FALSE
T9B44 112:659.520 JLINK_IsHalted()
T9B44 112:659.952 - 0.425ms returns FALSE
T9B44 112:765.936 JLINK_IsHalted()
T9B44 112:766.488 - 0.556ms returns FALSE
T9B44 112:766.512 JLINK_IsHalted()
T9B44 112:766.976 - 0.464ms returns FALSE
T9B44 112:875.696 JLINK_IsHalted()
T9B44 112:876.208 - 0.522ms returns FALSE
T9B44 112:876.224 JLINK_IsHalted()
T9B44 112:876.632 - 0.401ms returns FALSE
T9B44 112:984.688 JLINK_IsHalted()
T9B44 112:985.280 - 0.585ms returns FALSE
T9B44 112:985.304 JLINK_IsHalted()
T9B44 112:985.792 - 0.490ms returns FALSE
T778C 113:000.256 JLINK_IsHalted()
T778C 113:000.816 - 0.554ms returns FALSE
T778C 113:000.832 JLINK_IsHalted()
T778C 113:001.304 - 0.469ms returns FALSE
T9B44 113:094.656 JLINK_IsHalted()
T9B44 113:095.168 - 0.504ms returns FALSE
T9B44 113:095.216 JLINK_IsHalted()
T9B44 113:095.696 - 0.475ms returns FALSE
T9B44 113:203.792 JLINK_IsHalted()
T9B44 113:204.272 - 0.484ms returns FALSE
T9B44 113:204.272 JLINK_IsHalted()
T9B44 113:204.608 - 0.329ms returns FALSE
T9B44 113:312.936 JLINK_IsHalted()
T9B44 113:313.496 - 0.561ms returns FALSE
T9B44 113:313.520 JLINK_IsHalted()
T9B44 113:313.968 - 0.445ms returns FALSE
T9B44 113:422.808 JLINK_IsHalted()
T9B44 113:423.400 - 0.584ms returns FALSE
T9B44 113:423.424 JLINK_IsHalted()
T9B44 113:423.936 - 0.522ms returns FALSE
T9B44 113:532.288 JLINK_IsHalted()
T9B44 113:532.784 - 0.486ms returns FALSE
T9B44 113:532.816 JLINK_IsHalted()
T9B44 113:533.248 - 0.439ms returns FALSE
T9B44 113:640.784 JLINK_IsHalted()
T9B44 113:641.368 - 0.593ms returns FALSE
T9B44 113:641.392 JLINK_IsHalted()
T9B44 113:641.944 - 0.552ms returns FALSE
T9B44 113:750.912 JLINK_IsHalted()
T9B44 113:751.384 - 0.477ms returns FALSE
T9B44 113:751.408 JLINK_IsHalted()
T9B44 113:751.768 - 0.364ms returns FALSE
T9B44 113:859.968 JLINK_IsHalted()
T9B44 113:860.456 - 0.478ms returns FALSE
T9B44 113:860.480 JLINK_IsHalted()
T9B44 113:860.848 - 0.365ms returns FALSE
T9B44 113:969.040 JLINK_IsHalted()
T9B44 113:969.536 - 0.497ms returns FALSE
T9B44 113:969.560 JLINK_IsHalted()
T9B44 113:970.024 - 0.462ms returns FALSE
T778C 114:002.280 JLINK_IsHalted()
T778C 114:002.728 - 0.442ms returns FALSE
T778C 114:002.736 JLINK_IsHalted()
T778C 114:003.096 - 0.351ms returns FALSE
T9B44 114:078.912 JLINK_IsHalted()
T9B44 114:079.488 - 0.576ms returns FALSE
T9B44 114:079.504 JLINK_IsHalted()
T9B44 114:079.920 - 0.412ms returns FALSE
T9B44 114:187.728 JLINK_IsHalted()
T9B44 114:188.312 - 0.580ms returns FALSE
T9B44 114:188.328 JLINK_IsHalted()
T9B44 114:189.712 - 1.374ms returns FALSE
T9B44 114:296.976 JLINK_IsHalted()
T9B44 114:297.512 - 0.536ms returns FALSE
T9B44 114:297.520 JLINK_IsHalted()
T9B44 114:298.008 - 0.477ms returns FALSE
T9B44 114:406.936 JLINK_IsHalted()
T9B44 114:407.536 - 0.592ms returns FALSE
T9B44 114:407.552 JLINK_IsHalted()
T9B44 114:407.912 - 0.350ms returns FALSE
T9B44 114:515.688 JLINK_IsHalted()
T9B44 114:516.272 - 0.586ms returns FALSE
T9B44 114:516.288 JLINK_IsHalted()
T9B44 114:516.752 - 0.460ms returns FALSE
T9B44 114:625.456 JLINK_IsHalted()
T9B44 114:626.136 - 0.673ms returns FALSE
T9B44 114:626.192 JLINK_IsHalted()
T9B44 114:626.800 - 0.613ms returns FALSE
T9B44 114:734.832 JLINK_IsHalted()
T9B44 114:737.512 - 2.675ms returns FALSE
T9B44 114:737.576 JLINK_IsHalted()
T9B44 114:738.192 - 0.622ms returns FALSE
T9B44 114:843.944 JLINK_IsHalted()
T9B44 114:844.632 - 0.695ms returns FALSE
T9B44 114:844.736 JLINK_IsHalted()
T9B44 114:845.440 - 0.694ms returns FALSE
T9B44 114:953.520 JLINK_IsHalted()
T9B44 114:954.072 - 0.546ms returns FALSE
T9B44 114:954.088 JLINK_IsHalted()
T9B44 114:954.480 - 0.400ms returns FALSE
T778C 115:004.240 JLINK_IsHalted()
T778C 115:004.696 - 0.464ms returns FALSE
T778C 115:004.720 JLINK_IsHalted()
T778C 115:005.144 - 0.417ms returns FALSE
T9B44 115:063.440 JLINK_IsHalted()
T9B44 115:063.920 - 0.483ms returns FALSE
T9B44 115:063.936 JLINK_IsHalted()
T9B44 115:064.424 - 0.486ms returns FALSE
T9B44 115:172.136 JLINK_IsHalted()
T9B44 115:172.656 - 0.529ms returns FALSE
T9B44 115:172.672 JLINK_IsHalted()
T9B44 115:173.232 - 0.563ms returns FALSE
T9B44 115:281.392 JLINK_IsHalted()
T9B44 115:281.984 - 0.588ms returns FALSE
T9B44 115:282.008 JLINK_IsHalted()
T9B44 115:283.608 - 1.596ms returns FALSE
T9B44 115:391.088 JLINK_IsHalted()
T9B44 115:391.504 - 0.406ms returns FALSE
T9B44 115:391.528 JLINK_IsHalted()
T9B44 115:392.000 - 0.480ms returns FALSE
T9B44 115:500.432 JLINK_IsHalted()
T9B44 115:500.968 - 0.529ms returns FALSE
T9B44 115:500.992 JLINK_IsHalted()
T9B44 115:501.400 - 0.418ms returns FALSE
T9B44 115:610.128 JLINK_IsHalted()
T9B44 115:610.768 - 0.647ms returns FALSE
T9B44 115:610.792 JLINK_IsHalted()
T9B44 115:611.496 - 0.699ms returns FALSE
T9B44 115:719.656 JLINK_IsHalted()
T9B44 115:720.768 - 1.111ms returns FALSE
T9B44 115:720.784 JLINK_IsHalted()
T9B44 115:722.856 - 2.075ms returns FALSE
T9B44 115:828.760 JLINK_IsHalted()
T9B44 115:829.456 - 0.685ms returns FALSE
T9B44 115:829.464 JLINK_IsHalted()
T9B44 115:830.184 - 0.717ms returns FALSE
T9B44 115:938.992 JLINK_IsHalted()
T9B44 115:940.976 - 1.984ms returns FALSE
T9B44 115:941.008 JLINK_IsHalted()
T9B44 115:941.528 - 0.512ms returns FALSE
T778C 116:005.936 JLINK_IsHalted()
T778C 116:006.440 - 0.505ms returns FALSE
T778C 116:006.448 JLINK_IsHalted()
T778C 116:008.728 - 2.279ms returns FALSE
T9B44 116:047.848 JLINK_IsHalted()
T9B44 116:048.496 - 0.657ms returns FALSE
T9B44 116:048.528 JLINK_IsHalted()
T9B44 116:049.008 - 0.477ms returns FALSE
T9B44 116:157.168 JLINK_IsHalted()
T9B44 116:157.992 - 0.815ms returns FALSE
T9B44 116:158.016 JLINK_IsHalted()
T9B44 116:158.376 - 0.355ms returns FALSE
T9B44 116:266.560 JLINK_IsHalted()
T9B44 116:267.088 - 0.524ms returns FALSE
T9B44 116:267.112 JLINK_IsHalted()
T9B44 116:267.536 - 0.423ms returns FALSE
T9B44 116:375.320 JLINK_IsHalted()
T9B44 116:376.880 - 1.562ms returns FALSE
T9B44 116:376.912 JLINK_IsHalted()
T9B44 116:377.328 - 0.419ms returns FALSE
T9B44 116:485.160 JLINK_IsHalted()
T9B44 116:485.568 - 0.410ms returns FALSE
T9B44 116:485.584 JLINK_IsHalted()
T9B44 116:485.872 - 0.284ms returns FALSE
T9B44 116:594.368 JLINK_IsHalted()
T9B44 116:595.904 - 1.539ms returns FALSE
T9B44 116:595.928 JLINK_IsHalted()
T9B44 116:596.336 - 0.407ms returns FALSE
T9B44 116:704.040 JLINK_IsHalted()
T9B44 116:704.448 - 0.409ms returns FALSE
T9B44 116:704.472 JLINK_IsHalted()
T9B44 116:704.872 - 0.403ms returns FALSE
T9B44 116:813.288 JLINK_IsHalted()
T9B44 116:813.872 - 0.591ms returns FALSE
T9B44 116:813.904 JLINK_IsHalted()
T9B44 116:814.384 - 0.494ms returns FALSE
T9B44 116:922.416 JLINK_IsHalted()
T9B44 116:922.944 - 0.523ms returns FALSE
T9B44 116:922.960 JLINK_IsHalted()
T9B44 116:923.712 - 0.746ms returns FALSE
T778C 117:009.680 JLINK_IsHalted()
T778C 117:010.160 - 0.484ms returns FALSE
T778C 117:010.192 JLINK_IsHalted()
T778C 117:010.688 - 0.505ms returns FALSE
T9B44 117:032.256 JLINK_IsHalted()
T9B44 117:032.848 - 0.594ms returns FALSE
T9B44 117:032.872 JLINK_IsHalted()
T9B44 117:033.328 - 0.460ms returns FALSE
T9B44 117:140.864 JLINK_IsHalted()
T9B44 117:141.360 - 0.502ms returns FALSE
T9B44 117:141.392 JLINK_IsHalted()
T9B44 117:141.848 - 0.464ms returns FALSE
T9B44 117:250.904 JLINK_IsHalted()
T9B44 117:251.472 - 0.564ms returns FALSE
T9B44 117:251.496 JLINK_IsHalted()
T9B44 117:251.904 - 0.414ms returns FALSE
T9B44 117:360.192 JLINK_IsHalted()
T9B44 117:360.792 - 0.599ms returns FALSE
T9B44 117:360.808 JLINK_IsHalted()
T9B44 117:361.328 - 0.522ms returns FALSE
T9B44 117:469.264 JLINK_IsHalted()
T9B44 117:469.864 - 0.597ms returns FALSE
T9B44 117:469.888 JLINK_IsHalted()
T9B44 117:470.320 - 0.441ms returns FALSE
T9B44 117:578.200 JLINK_IsHalted()
T9B44 117:579.728 - 1.522ms returns FALSE
T9B44 117:579.736 JLINK_IsHalted()
T9B44 117:580.144 - 0.409ms returns FALSE
T9B44 117:688.240 JLINK_IsHalted()
T9B44 117:688.720 - 0.467ms returns FALSE
T9B44 117:688.728 JLINK_IsHalted()
T9B44 117:689.128 - 0.394ms returns FALSE
T9B44 117:797.080 JLINK_IsHalted()
T9B44 117:797.552 - 0.471ms returns FALSE
T9B44 117:797.584 JLINK_IsHalted()
T9B44 117:798.016 - 0.433ms returns FALSE
T9B44 117:906.880 JLINK_IsHalted()
T9B44 117:908.080 - 1.204ms returns FALSE
T9B44 117:908.120 JLINK_IsHalted()
T9B44 117:908.696 - 0.565ms returns FALSE
T778C 118:011.624 JLINK_IsHalted()
T778C 118:012.096 - 0.473ms returns FALSE
T778C 118:012.112 JLINK_IsHalted()
T778C 118:012.496 - 0.377ms returns FALSE
T9B44 118:016.408 JLINK_IsHalted()
T9B44 118:016.912 - 0.496ms returns FALSE
T9B44 118:016.936 JLINK_IsHalted()
T9B44 118:017.432 - 0.506ms returns FALSE
T9B44 118:126.032 JLINK_IsHalted()
T9B44 118:126.504 - 0.473ms returns FALSE
T9B44 118:126.512 JLINK_IsHalted()
T9B44 118:128.112 - 1.598ms returns FALSE
T9B44 118:235.112 JLINK_IsHalted()
T9B44 118:237.008 - 1.893ms returns FALSE
T9B44 118:237.016 JLINK_IsHalted()
T9B44 118:237.400 - 0.382ms returns FALSE
T9B44 118:344.088 JLINK_IsHalted()
T9B44 118:344.688 - 0.604ms returns FALSE
T9B44 118:344.704 JLINK_IsHalted()
T9B44 118:345.200 - 0.489ms returns FALSE
T9B44 118:453.568 JLINK_IsHalted()
T9B44 118:454.080 - 0.508ms returns FALSE
T9B44 118:454.096 JLINK_IsHalted()
T9B44 118:454.680 - 0.589ms returns FALSE
T9B44 118:562.984 JLINK_IsHalted()
T9B44 118:563.376 - 0.396ms returns FALSE
T9B44 118:563.392 JLINK_IsHalted()
T9B44 118:563.696 - 0.303ms returns FALSE
T9B44 118:672.688 JLINK_IsHalted()
T9B44 118:673.232 - 0.532ms returns FALSE
T9B44 118:673.240 JLINK_IsHalted()
T9B44 118:674.176 - 0.930ms returns FALSE
T9B44 118:782.096 JLINK_IsHalted()
T9B44 118:782.672 - 0.584ms returns FALSE
T9B44 118:782.704 JLINK_IsHalted()
T9B44 118:783.192 - 0.493ms returns FALSE
T9B44 118:891.376 JLINK_IsHalted()
T9B44 118:893.144 - 1.768ms returns FALSE
T9B44 118:893.168 JLINK_IsHalted()
T9B44 118:893.672 - 0.507ms returns FALSE
T9B44 119:000.784 JLINK_IsHalted()
T9B44 119:001.264 - 0.487ms returns FALSE
T9B44 119:001.280 JLINK_IsHalted()
T9B44 119:001.880 - 0.591ms returns FALSE
T778C 119:013.160 JLINK_IsHalted()
T778C 119:013.648 - 0.475ms returns FALSE
T778C 119:013.680 JLINK_IsHalted()
T778C 119:014.064 - 0.384ms returns FALSE
T9B44 119:109.440 JLINK_IsHalted()
T9B44 119:109.952 - 0.515ms returns FALSE
T9B44 119:109.992 JLINK_IsHalted()
T9B44 119:110.544 - 0.560ms returns FALSE
T9B44 119:219.456 JLINK_IsHalted()
T9B44 119:219.952 - 0.487ms returns FALSE
T9B44 119:219.968 JLINK_IsHalted()
T9B44 119:220.544 - 0.579ms returns FALSE
T9B44 119:328.368 JLINK_IsHalted()
T9B44 119:329.136 - 0.772ms returns FALSE
T9B44 119:329.256 JLINK_IsHalted()
T9B44 119:329.808 - 0.556ms returns FALSE
T9B44 119:438.080 JLINK_IsHalted()
T9B44 119:438.800 - 0.724ms returns FALSE
T9B44 119:438.824 JLINK_IsHalted()
T9B44 119:439.512 - 0.697ms returns FALSE
T9B44 119:547.112 JLINK_IsHalted()
T9B44 119:547.608 - 0.494ms returns FALSE
T9B44 119:547.624 JLINK_IsHalted()
T9B44 119:548.112 - 0.476ms returns FALSE
T9B44 119:657.552 JLINK_IsHalted()
T9B44 119:658.328 - 0.781ms returns FALSE
T9B44 119:658.352 JLINK_IsHalted()
T9B44 119:658.648 - 0.296ms returns FALSE
T9B44 119:765.760 JLINK_IsHalted()
T9B44 119:766.272 - 0.511ms returns FALSE
T9B44 119:766.288 JLINK_IsHalted()
T9B44 119:766.720 - 0.436ms returns FALSE
T9B44 119:875.664 JLINK_IsHalted()
T9B44 119:876.224 - 0.558ms returns FALSE
T9B44 119:876.248 JLINK_IsHalted()
T9B44 119:876.928 - 0.677ms returns FALSE
T9B44 119:985.392 JLINK_IsHalted()
T9B44 119:985.904 - 0.507ms returns FALSE
T9B44 119:985.920 JLINK_IsHalted()
T9B44 119:986.448 - 0.521ms returns FALSE
T778C 120:014.784 JLINK_IsHalted()
T778C 120:015.280 - 0.509ms returns FALSE
T778C 120:015.312 JLINK_IsHalted()
T778C 120:015.848 - 0.535ms returns FALSE
T9B44 120:094.232 JLINK_IsHalted()
T9B44 120:096.040 - 1.810ms returns FALSE
T9B44 120:096.064 JLINK_IsHalted()
T9B44 120:096.408 - 0.351ms returns FALSE
T9B44 120:204.008 JLINK_IsHalted()
T9B44 120:204.544 - 0.526ms returns FALSE
T9B44 120:204.568 JLINK_IsHalted()
T9B44 120:205.056 - 0.488ms returns FALSE
T9B44 120:312.920 JLINK_IsHalted()
T9B44 120:313.536 - 0.618ms returns FALSE
T9B44 120:313.560 JLINK_IsHalted()
T9B44 120:314.072 - 0.511ms returns FALSE
T9B44 120:422.416 JLINK_IsHalted()
T9B44 120:422.928 - 0.503ms returns FALSE
T9B44 120:422.936 JLINK_IsHalted()
T9B44 120:424.192 - 1.249ms returns FALSE
T9B44 120:531.600 JLINK_IsHalted()
T9B44 120:532.136 - 0.540ms returns FALSE
T9B44 120:532.160 JLINK_IsHalted()
T9B44 120:532.568 - 0.414ms returns FALSE
T9B44 120:641.136 JLINK_IsHalted()
T9B44 120:642.008 - 0.873ms returns FALSE
T9B44 120:642.032 JLINK_IsHalted()
T9B44 120:642.496 - 0.463ms returns FALSE
T9B44 120:751.024 JLINK_IsHalted()
T9B44 120:751.664 - 0.636ms returns FALSE
T9B44 120:751.680 JLINK_IsHalted()
T9B44 120:752.216 - 0.530ms returns FALSE
T9B44 120:860.456 JLINK_IsHalted()
T9B44 120:860.840 - 0.390ms returns FALSE
T9B44 120:860.864 JLINK_IsHalted()
T9B44 120:861.520 - 0.648ms returns FALSE
T9B44 120:969.448 JLINK_IsHalted()
T9B44 120:969.936 - 0.491ms returns FALSE
T9B44 120:969.960 JLINK_IsHalted()
T9B44 120:970.432 - 0.482ms returns FALSE
T778C 121:015.984 JLINK_IsHalted()
T778C 121:016.496 - 0.517ms returns FALSE
T778C 121:016.536 JLINK_IsHalted()
T778C 121:016.944 - 0.417ms returns FALSE
T9B44 121:079.064 JLINK_IsHalted()
T9B44 121:079.464 - 0.398ms returns FALSE
T9B44 121:079.488 JLINK_IsHalted()
T9B44 121:079.936 - 0.450ms returns FALSE
T9B44 121:188.112 JLINK_IsHalted()
T9B44 121:188.824 - 0.718ms returns FALSE
T9B44 121:188.864 JLINK_IsHalted()
T9B44 121:189.456 - 0.585ms returns FALSE
T9B44 121:297.456 JLINK_IsHalted()
T9B44 121:298.072 - 0.608ms returns FALSE
T9B44 121:298.088 JLINK_IsHalted()
T9B44 121:298.448 - 0.353ms returns FALSE
T9B44 121:408.104 JLINK_IsHalted()
T9B44 121:408.944 - 0.839ms returns FALSE
T9B44 121:408.960 JLINK_IsHalted()
T9B44 121:409.512 - 0.545ms returns FALSE
T9B44 121:516.224 JLINK_IsHalted()
T9B44 121:518.224 - 1.993ms returns FALSE
T9B44 121:518.248 JLINK_IsHalted()
T9B44 121:518.992 - 0.747ms returns FALSE
T9B44 121:626.032 JLINK_IsHalted()
T9B44 121:626.600 - 0.558ms returns FALSE
T9B44 121:626.608 JLINK_IsHalted()
T9B44 121:627.032 - 0.416ms returns FALSE
T9B44 121:735.440 JLINK_IsHalted()
T9B44 121:736.144 - 0.702ms returns FALSE
T9B44 121:736.192 JLINK_IsHalted()
T9B44 121:736.856 - 0.668ms returns FALSE
T9B44 121:844.720 JLINK_IsHalted()
T9B44 121:847.512 - 2.784ms returns FALSE
T9B44 121:847.616 JLINK_IsHalted()
T9B44 121:848.256 - 0.638ms returns FALSE
T9B44 121:953.552 JLINK_IsHalted()
T9B44 121:954.320 - 0.763ms returns FALSE
T9B44 121:954.384 JLINK_IsHalted()
T9B44 121:954.864 - 0.486ms returns FALSE
T778C 122:017.304 JLINK_IsHalted()
T778C 122:017.896 - 0.588ms returns FALSE
T778C 122:017.944 JLINK_IsHalted()
T778C 122:018.624 - 0.682ms returns FALSE
T9B44 122:062.832 JLINK_IsHalted()
T9B44 122:065.216 - 2.386ms returns FALSE
T9B44 122:065.264 JLINK_IsHalted()
T9B44 122:066.384 - 1.110ms returns FALSE
T9B44 122:172.624 JLINK_IsHalted()
T9B44 122:173.272 - 0.655ms returns FALSE
T9B44 122:173.336 JLINK_IsHalted()
T9B44 122:173.720 - 0.381ms returns FALSE
T9B44 122:281.872 JLINK_IsHalted()
T9B44 122:282.832 - 0.958ms returns FALSE
T9B44 122:282.904 JLINK_IsHalted()
T9B44 122:283.712 - 0.806ms returns FALSE
T9B44 122:391.016 JLINK_IsHalted()
T9B44 122:393.256 - 2.236ms returns FALSE
T9B44 122:393.368 JLINK_IsHalted()
T9B44 122:395.600 - 2.213ms returns FALSE
T9B44 122:501.144 JLINK_IsHalted()
T9B44 122:502.032 - 0.884ms returns FALSE
T9B44 122:502.128 JLINK_IsHalted()
T9B44 122:502.872 - 0.731ms returns FALSE
T9B44 122:610.304 JLINK_IsHalted()
T9B44 122:611.248 - 0.952ms returns FALSE
T9B44 122:611.328 JLINK_IsHalted()
T9B44 122:612.136 - 0.807ms returns FALSE
T9B44 122:719.512 JLINK_IsHalted()
T9B44 122:720.336 - 0.822ms returns FALSE
T9B44 122:720.384 JLINK_IsHalted()
T9B44 122:721.024 - 0.630ms returns FALSE
T9B44 122:829.184 JLINK_IsHalted()
T9B44 122:830.168 - 0.974ms returns FALSE
T9B44 122:830.232 JLINK_IsHalted()
T9B44 122:831.056 - 0.816ms returns FALSE
T9B44 122:938.624 JLINK_IsHalted()
T9B44 122:939.184 - 0.550ms returns FALSE
T9B44 122:939.264 JLINK_IsHalted()
T9B44 122:939.792 - 0.530ms returns FALSE
T778C 123:019.136 JLINK_IsHalted()
T778C 123:019.752 - 0.618ms returns FALSE
T778C 123:019.792 JLINK_IsHalted()
T778C 123:020.248 - 0.457ms returns FALSE
T9B44 123:047.744 JLINK_IsHalted()
T9B44 123:049.704 - 1.950ms returns FALSE
T9B44 123:049.744 JLINK_IsHalted()
T9B44 123:050.320 - 0.575ms returns FALSE
T9B44 123:157.016 JLINK_IsHalted()
T9B44 123:157.488 - 0.479ms returns FALSE
T9B44 123:157.528 JLINK_IsHalted()
T9B44 123:157.936 - 0.411ms returns FALSE
T9B44 123:265.776 JLINK_IsHalted()
T9B44 123:266.224 - 0.441ms returns FALSE
T9B44 123:266.256 JLINK_IsHalted()
T9B44 123:266.776 - 0.517ms returns FALSE
T9B44 123:375.376 JLINK_IsHalted()
T9B44 123:376.000 - 0.626ms returns FALSE
T9B44 123:376.024 JLINK_IsHalted()
T9B44 123:376.536 - 0.509ms returns FALSE
T9B44 123:484.560 JLINK_IsHalted()
T9B44 123:485.184 - 0.636ms returns FALSE
T9B44 123:485.224 JLINK_IsHalted()
T9B44 123:485.744 - 0.518ms returns FALSE
T9B44 123:594.472 JLINK_IsHalted()
T9B44 123:595.112 - 0.632ms returns FALSE
T9B44 123:595.136 JLINK_IsHalted()
T9B44 123:595.648 - 0.512ms returns FALSE
T9B44 123:704.064 JLINK_IsHalted()
T9B44 123:705.968 - 1.896ms returns FALSE
T9B44 123:706.008 JLINK_IsHalted()
T9B44 123:706.392 - 0.382ms returns FALSE
T9B44 123:812.736 JLINK_IsHalted()
T9B44 123:813.400 - 0.666ms returns FALSE
T9B44 123:813.456 JLINK_IsHalted()
T9B44 123:814.040 - 0.594ms returns FALSE
T9B44 123:922.088 JLINK_IsHalted()
T9B44 123:922.672 - 0.596ms returns FALSE
T9B44 123:922.712 JLINK_IsHalted()
T9B44 123:923.304 - 0.589ms returns FALSE
T778C 124:021.800 JLINK_IsHalted()
T778C 124:022.424 - 0.627ms returns FALSE
T778C 124:022.480 JLINK_IsHalted()
T778C 124:022.952 - 0.476ms returns FALSE
T9B44 124:031.320 JLINK_IsHalted()
T9B44 124:031.936 - 0.611ms returns FALSE
T9B44 124:031.976 JLINK_IsHalted()
T9B44 124:032.464 - 0.493ms returns FALSE
T9B44 124:141.480 JLINK_IsHalted()
T9B44 124:142.032 - 0.546ms returns FALSE
T9B44 124:142.064 JLINK_IsHalted()
T9B44 124:142.440 - 0.375ms returns FALSE
T9B44 124:250.344 JLINK_IsHalted()
T9B44 124:250.904 - 0.564ms returns FALSE
T9B44 124:250.944 JLINK_IsHalted()
T9B44 124:251.480 - 0.536ms returns FALSE
T9B44 124:360.576 JLINK_IsHalted()
T9B44 124:361.232 - 0.641ms returns FALSE
T9B44 124:361.256 JLINK_IsHalted()
T9B44 124:361.840 - 0.585ms returns FALSE
T9B44 124:469.288 JLINK_IsHalted()
T9B44 124:469.888 - 0.594ms returns FALSE
T9B44 124:469.912 JLINK_IsHalted()
T9B44 124:470.528 - 0.618ms returns FALSE
T9B44 124:578.304 JLINK_IsHalted()
T9B44 124:578.864 - 0.569ms returns FALSE
T9B44 124:578.904 JLINK_IsHalted()
T9B44 124:579.496 - 0.581ms returns FALSE
T9B44 124:688.472 JLINK_IsHalted()
T9B44 124:689.112 - 0.646ms returns FALSE
T9B44 124:689.152 JLINK_IsHalted()
T9B44 124:689.664 - 0.506ms returns FALSE
T9B44 124:797.416 JLINK_IsHalted()
T9B44 124:797.872 - 0.458ms returns FALSE
T9B44 124:797.904 JLINK_IsHalted()
T9B44 124:798.488 - 0.578ms returns FALSE
T9B44 124:906.640 JLINK_IsHalted()
T9B44 124:907.176 - 0.540ms returns FALSE
T9B44 124:907.216 JLINK_IsHalted()
T9B44 124:907.728 - 0.508ms returns FALSE
T9B44 125:016.336 JLINK_IsHalted()
T9B44 125:016.832 - 0.491ms returns FALSE
T9B44 125:016.856 JLINK_IsHalted()
T9B44 125:017.192 - 0.326ms returns FALSE
T778C 125:023.768 JLINK_IsHalted()
T778C 125:024.240 - 0.466ms returns FALSE
T778C 125:024.272 JLINK_IsHalted()
T778C 125:024.640 - 0.369ms returns FALSE
T9B44 125:126.016 JLINK_IsHalted()
T9B44 125:126.552 - 0.526ms returns FALSE
T9B44 125:126.576 JLINK_IsHalted()
T9B44 125:127.120 - 0.532ms returns FALSE
T9B44 125:234.920 JLINK_IsHalted()
T9B44 125:235.408 - 0.491ms returns FALSE
T9B44 125:235.432 JLINK_IsHalted()
T9B44 125:235.840 - 0.399ms returns FALSE
T9B44 125:343.920 JLINK_IsHalted()
T9B44 125:344.496 - 0.578ms returns FALSE
T9B44 125:344.512 JLINK_IsHalted()
T9B44 125:344.944 - 0.434ms returns FALSE
T9B44 125:454.000 JLINK_IsHalted()
T9B44 125:454.720 - 0.714ms returns FALSE
T9B44 125:454.808 JLINK_IsHalted()
T9B44 125:455.600 - 0.790ms returns FALSE
T9B44 125:563.408 JLINK_IsHalted()
T9B44 125:564.336 - 0.930ms returns FALSE
T9B44 125:564.416 JLINK_IsHalted()
T9B44 125:565.200 - 0.786ms returns FALSE
T9B44 125:672.728 JLINK_IsHalted()
T9B44 125:673.256 - 0.530ms returns FALSE
T9B44 125:673.768 JLINK_IsHalted()
T9B44 125:674.664 - 0.897ms returns FALSE
T9B44 125:781.568 JLINK_IsHalted()
T9B44 125:782.208 - 0.637ms returns FALSE
T9B44 125:782.248 JLINK_IsHalted()
T9B44 125:782.784 - 0.540ms returns FALSE
T9B44 125:891.240 JLINK_IsHalted()
T9B44 125:891.712 - 0.469ms returns FALSE
T9B44 125:891.736 JLINK_IsHalted()
T9B44 125:892.328 - 0.575ms returns FALSE
T9B44 126:000.912 JLINK_IsHalted()
T9B44 126:001.384 - 0.477ms returns FALSE
T9B44 126:001.424 JLINK_IsHalted()
T9B44 126:001.936 - 0.513ms returns FALSE
T778C 126:025.600 JLINK_IsHalted()
T778C 126:026.096 - 0.497ms returns FALSE
T778C 126:026.128 JLINK_IsHalted()
T778C 126:026.664 - 0.531ms returns FALSE
T9B44 126:109.824 JLINK_IsHalted()
T9B44 126:110.488 - 0.675ms returns FALSE
T9B44 126:110.528 JLINK_IsHalted()
T9B44 126:111.064 - 0.539ms returns FALSE
T9B44 126:219.760 JLINK_IsHalted()
T9B44 126:220.480 - 0.722ms returns FALSE
T9B44 126:220.520 JLINK_IsHalted()
T9B44 126:220.928 - 0.414ms returns FALSE
T9B44 126:329.064 JLINK_IsHalted()
T9B44 126:329.752 - 0.686ms returns FALSE
T9B44 126:329.792 JLINK_IsHalted()
T9B44 126:330.328 - 0.541ms returns FALSE
T9B44 126:438.248 JLINK_IsHalted()
T9B44 126:442.896 - 4.637ms returns FALSE
T9B44 126:442.928 JLINK_IsHalted()
T9B44 126:443.432 - 0.494ms returns FALSE
T9B44 126:547.248 JLINK_IsHalted()
T9B44 126:547.824 - 0.580ms returns FALSE
T9B44 126:547.864 JLINK_IsHalted()
T9B44 126:548.544 - 0.677ms returns FALSE
T9B44 126:656.384 JLINK_IsHalted()
T9B44 126:657.000 - 0.602ms returns FALSE
T9B44 126:657.024 JLINK_IsHalted()
T9B44 126:657.640 - 0.606ms returns FALSE
T9B44 126:766.128 JLINK_IsHalted()
T9B44 126:766.656 - 0.521ms returns FALSE
T9B44 126:766.696 JLINK_IsHalted()
T9B44 126:767.064 - 0.377ms returns FALSE
T9B44 126:875.688 JLINK_IsHalted()
T9B44 126:876.184 - 0.503ms returns FALSE
T9B44 126:876.224 JLINK_IsHalted()
T9B44 126:876.544 - 0.316ms returns FALSE
T9B44 126:985.520 JLINK_IsHalted()
T9B44 126:986.128 - 0.604ms returns FALSE
T9B44 126:986.160 JLINK_IsHalted()
T9B44 126:986.672 - 0.509ms returns FALSE
T778C 127:028.200 JLINK_IsHalted()
T778C 127:028.784 - 0.588ms returns FALSE
T778C 127:028.824 JLINK_IsHalted()
T778C 127:029.464 - 0.641ms returns FALSE
T9B44 127:094.608 JLINK_IsHalted()
T9B44 127:095.256 - 0.650ms returns FALSE
T9B44 127:095.296 JLINK_IsHalted()
T9B44 127:095.832 - 0.541ms returns FALSE
T9B44 127:204.120 JLINK_IsHalted()
T9B44 127:204.624 - 0.502ms returns FALSE
T9B44 127:204.656 JLINK_IsHalted()
T9B44 127:205.208 - 0.548ms returns FALSE
T9B44 127:313.560 JLINK_IsHalted()
T9B44 127:314.072 - 0.508ms returns FALSE
T9B44 127:314.112 JLINK_IsHalted()
T9B44 127:314.664 - 0.550ms returns FALSE
T9B44 127:422.168 JLINK_IsHalted()
T9B44 127:423.064 - 0.894ms returns FALSE
T9B44 127:423.104 JLINK_IsHalted()
T9B44 127:424.296 - 1.200ms returns FALSE
T9B44 127:531.880 JLINK_IsHalted()
T9B44 127:532.496 - 0.614ms returns FALSE
T9B44 127:532.528 JLINK_IsHalted()
T9B44 127:533.096 - 0.568ms returns FALSE
T9B44 127:641.392 JLINK_IsHalted()
T9B44 127:641.944 - 0.548ms returns FALSE
T9B44 127:641.984 JLINK_IsHalted()
T9B44 127:642.584 - 0.602ms returns FALSE
T9B44 127:750.192 JLINK_IsHalted()
T9B44 127:750.808 - 0.607ms returns FALSE
T9B44 127:750.832 JLINK_IsHalted()
T9B44 127:751.504 - 0.656ms returns FALSE
T9B44 127:860.176 JLINK_IsHalted()
T9B44 127:860.848 - 0.681ms returns FALSE
T9B44 127:860.888 JLINK_IsHalted()
T9B44 127:861.488 - 0.603ms returns FALSE
T9B44 127:969.360 JLINK_IsHalted()
T9B44 127:969.984 - 0.627ms returns FALSE
T9B44 127:970.008 JLINK_IsHalted()
T9B44 127:970.496 - 0.491ms returns FALSE
T778C 128:031.080 JLINK_IsHalted()
T778C 128:031.616 - 0.538ms returns FALSE
T778C 128:031.632 JLINK_IsHalted()
T778C 128:032.048 - 0.426ms returns FALSE
T9B44 128:079.296 JLINK_IsHalted()
T9B44 128:079.896 - 0.598ms returns FALSE
T9B44 128:079.920 JLINK_IsHalted()
T9B44 128:080.384 - 0.467ms returns FALSE
T9B44 128:188.800 JLINK_IsHalted()
T9B44 128:190.896 - 2.091ms returns FALSE
T9B44 128:190.952 JLINK_IsHalted()
T9B44 128:191.440 - 0.497ms returns FALSE
T9B44 128:297.488 JLINK_IsHalted()
T9B44 128:298.088 - 0.595ms returns FALSE
T9B44 128:298.096 JLINK_IsHalted()
T9B44 128:298.672 - 0.574ms returns FALSE
T9B44 128:406.760 JLINK_IsHalted()
T9B44 128:407.528 - 0.767ms returns FALSE
T9B44 128:407.568 JLINK_IsHalted()
T9B44 128:408.040 - 0.476ms returns FALSE
T9B44 128:516.496 JLINK_IsHalted()
T9B44 128:517.008 - 0.515ms returns FALSE
T9B44 128:517.016 JLINK_IsHalted()
T9B44 128:517.328 - 0.302ms returns FALSE
T9B44 128:625.344 JLINK_IsHalted()
T9B44 128:627.312 - 1.966ms returns FALSE
T9B44 128:627.376 JLINK_IsHalted()
T9B44 128:627.920 - 0.543ms returns FALSE
T9B44 128:735.000 JLINK_IsHalted()
T9B44 128:735.408 - 0.408ms returns FALSE
T9B44 128:735.448 JLINK_IsHalted()
T9B44 128:735.728 - 0.284ms returns FALSE
T9B44 128:843.968 JLINK_IsHalted()
T9B44 128:844.504 - 0.531ms returns FALSE
T9B44 128:844.528 JLINK_IsHalted()
T9B44 128:845.072 - 0.546ms returns FALSE
T9B44 128:953.688 JLINK_IsHalted()
T9B44 128:954.112 - 0.418ms returns FALSE
T9B44 128:954.128 JLINK_IsHalted()
T9B44 128:954.392 - 0.268ms returns FALSE
T778C 129:032.704 JLINK_IsHalted()
T778C 129:033.152 - 0.444ms returns FALSE
T778C 129:033.168 JLINK_IsHalted()
T778C 129:033.560 - 0.393ms returns FALSE
T9B44 129:063.144 JLINK_IsHalted()
T9B44 129:063.600 - 0.464ms returns FALSE
T9B44 129:063.616 JLINK_IsHalted()
T9B44 129:064.080 - 0.463ms returns FALSE
T9B44 129:172.584 JLINK_IsHalted()
T9B44 129:174.632 - 2.043ms returns FALSE
T9B44 129:174.672 JLINK_IsHalted()
T9B44 129:175.464 - 0.790ms returns FALSE
T9B44 129:281.808 JLINK_IsHalted()
T9B44 129:282.408 - 0.598ms returns FALSE
T9B44 129:282.416 JLINK_IsHalted()
T9B44 129:283.056 - 0.636ms returns FALSE
T9B44 129:391.872 JLINK_IsHalted()
T9B44 129:400.536 - 8.665ms returns FALSE
T9B44 129:400.576 JLINK_IsHalted()
T9B44 129:401.048 - 0.465ms returns FALSE
T9B44 129:500.816 JLINK_IsHalted()
T9B44 129:501.328 - 0.514ms returns FALSE
T9B44 129:501.352 JLINK_IsHalted()
T9B44 129:501.904 - 0.560ms returns FALSE
T9B44 129:609.808 JLINK_IsHalted()
T9B44 129:610.496 - 0.692ms returns FALSE
T9B44 129:610.520 JLINK_IsHalted()
T9B44 129:611.024 - 0.494ms returns FALSE
T9B44 129:719.144 JLINK_IsHalted()
T9B44 129:719.664 - 0.525ms returns FALSE
T9B44 129:719.680 JLINK_IsHalted()
T9B44 129:720.168 - 0.481ms returns FALSE
T9B44 129:828.864 JLINK_IsHalted()
T9B44 129:829.360 - 0.506ms returns FALSE
T9B44 129:829.392 JLINK_IsHalted()
T9B44 129:829.928 - 0.538ms returns FALSE
T9B44 129:938.160 JLINK_IsHalted()
T9B44 129:938.712 - 0.543ms returns FALSE
T9B44 129:938.728 JLINK_IsHalted()
T9B44 129:939.152 - 0.409ms returns FALSE
T778C 130:033.776 JLINK_IsHalted()
T778C 130:034.496 - 0.709ms returns FALSE
T778C 130:034.520 JLINK_IsHalted()
T778C 130:034.960 - 0.437ms returns FALSE
T9B44 130:047.512 JLINK_IsHalted()
T9B44 130:048.048 - 0.542ms returns FALSE
T9B44 130:048.080 JLINK_IsHalted()
T9B44 130:048.576 - 0.496ms returns FALSE
T9B44 130:156.480 JLINK_IsHalted()
T9B44 130:157.056 - 0.582ms returns FALSE
T9B44 130:157.080 JLINK_IsHalted()
T9B44 130:157.552 - 0.472ms returns FALSE
T9B44 130:266.688 JLINK_IsHalted()
T9B44 130:268.496 - 1.798ms returns FALSE
T9B44 130:268.528 JLINK_IsHalted()
T9B44 130:269.104 - 0.572ms returns FALSE
T9B44 130:375.896 JLINK_IsHalted()
T9B44 130:376.816 - 0.911ms returns FALSE
T9B44 130:376.912 JLINK_IsHalted()
T9B44 130:377.648 - 0.742ms returns FALSE
T9B44 130:484.912 JLINK_IsHalted()
T9B44 130:486.744 - 1.833ms returns FALSE
T9B44 130:486.824 JLINK_IsHalted()
T9B44 130:487.552 - 0.727ms returns FALSE
T9B44 130:594.096 JLINK_IsHalted()
T9B44 130:595.224 - 1.118ms returns FALSE
T9B44 130:595.304 JLINK_IsHalted()
T9B44 130:595.928 - 0.625ms returns FALSE
T9B44 130:704.656 JLINK_IsHalted()
T9B44 130:707.392 - 2.738ms returns FALSE
T9B44 130:707.496 JLINK_IsHalted()
T9B44 130:710.800 - 3.292ms returns FALSE
T9B44 130:813.440 JLINK_IsHalted()
T9B44 130:814.376 - 0.934ms returns FALSE
T9B44 130:814.440 JLINK_IsHalted()
T9B44 130:815.128 - 0.688ms returns FALSE
T9B44 130:922.648 JLINK_IsHalted()
T9B44 130:925.336 - 2.688ms returns FALSE
T9B44 130:925.424 JLINK_IsHalted()
T9B44 130:926.288 - 0.854ms returns FALSE
T9B44 131:031.568 JLINK_IsHalted()
T9B44 131:032.600 - 1.026ms returns FALSE
T9B44 131:032.688 JLINK_IsHalted()
T9B44 131:035.688 - 2.997ms returns FALSE
T778C 131:036.976 JLINK_IsHalted()
T778C 131:037.720 - 0.748ms returns FALSE
T778C 131:037.784 JLINK_IsHalted()
T778C 131:038.528 - 0.746ms returns FALSE
T9B44 131:141.400 JLINK_IsHalted()
T9B44 131:144.272 - 2.860ms returns FALSE
T9B44 131:144.368 JLINK_IsHalted()
T9B44 131:145.024 - 0.648ms returns FALSE
T9B44 131:250.608 JLINK_IsHalted()
T9B44 131:251.432 - 0.821ms returns FALSE
T9B44 131:251.520 JLINK_IsHalted()
T9B44 131:251.952 - 0.434ms returns FALSE
T9B44 131:359.896 JLINK_IsHalted()
T9B44 131:360.488 - 0.588ms returns FALSE
T9B44 131:360.536 JLINK_IsHalted()
T9B44 131:360.960 - 0.422ms returns FALSE
T9B44 131:470.056 JLINK_IsHalted()
T9B44 131:470.672 - 0.619ms returns FALSE
T9B44 131:470.704 JLINK_IsHalted()
T9B44 131:471.080 - 0.364ms returns FALSE
T9B44 131:578.640 JLINK_IsHalted()
T9B44 131:579.176 - 0.537ms returns FALSE
T9B44 131:579.184 JLINK_IsHalted()
T9B44 131:579.584 - 0.389ms returns FALSE
T9B44 131:687.568 JLINK_IsHalted()
T9B44 131:688.144 - 0.574ms returns FALSE
T9B44 131:688.168 JLINK_IsHalted()
T9B44 131:688.624 - 0.459ms returns FALSE
T9B44 131:797.744 JLINK_IsHalted()
T9B44 131:798.272 - 0.519ms returns FALSE
T9B44 131:798.288 JLINK_IsHalted()
T9B44 131:798.704 - 0.419ms returns FALSE
T9B44 131:906.520 JLINK_IsHalted()
T9B44 131:907.440 - 0.928ms returns FALSE
T9B44 131:907.480 JLINK_IsHalted()
T9B44 131:907.952 - 0.478ms returns FALSE
T9B44 132:016.080 JLINK_IsHalted()
T9B44 132:016.680 - 0.596ms returns FALSE
T9B44 132:016.688 JLINK_IsHalted()
T9B44 132:017.200 - 0.502ms returns FALSE
T778C 132:039.104 JLINK_IsHalted()
T778C 132:039.552 - 0.457ms returns FALSE
T778C 132:039.576 JLINK_IsHalted()
T778C 132:040.336 - 0.751ms returns FALSE
T9B44 132:125.264 JLINK_IsHalted()
T9B44 132:125.928 - 0.666ms returns FALSE
T9B44 132:125.968 JLINK_IsHalted()
T9B44 132:126.440 - 0.476ms returns FALSE
T9B44 132:235.096 JLINK_IsHalted()
T9B44 132:235.600 - 0.489ms returns FALSE
T9B44 132:235.608 JLINK_IsHalted()
T9B44 132:236.056 - 0.452ms returns FALSE
T9B44 132:344.728 JLINK_IsHalted()
T9B44 132:345.296 - 0.566ms returns FALSE
T9B44 132:345.304 JLINK_IsHalted()
T9B44 132:345.808 - 0.490ms returns FALSE
T9B44 132:453.784 JLINK_IsHalted()
T9B44 132:454.376 - 0.584ms returns FALSE
T9B44 132:454.376 JLINK_IsHalted()
T9B44 132:454.824 - 0.439ms returns FALSE
T9B44 132:563.456 JLINK_IsHalted()
T9B44 132:564.072 - 0.606ms returns FALSE
T9B44 132:564.080 JLINK_IsHalted()
T9B44 132:564.560 - 0.471ms returns FALSE
T9B44 132:672.960 JLINK_IsHalted()
T9B44 132:673.432 - 0.469ms returns FALSE
T9B44 132:673.448 JLINK_IsHalted()
T9B44 132:673.808 - 0.354ms returns FALSE
T9B44 132:782.312 JLINK_IsHalted()
T9B44 132:782.896 - 0.594ms returns FALSE
T9B44 132:782.928 JLINK_IsHalted()
T9B44 132:783.504 - 0.577ms returns FALSE
T9B44 132:891.944 JLINK_IsHalted()
T9B44 132:892.544 - 0.602ms returns FALSE
T9B44 132:892.568 JLINK_IsHalted()
T9B44 132:893.016 - 0.452ms returns FALSE
T9B44 133:000.768 JLINK_IsHalted()
T9B44 133:001.232 - 0.460ms returns FALSE
T9B44 133:001.240 JLINK_IsHalted()
T9B44 133:001.808 - 0.566ms returns FALSE
T778C 133:040.936 JLINK_IsHalted()
T778C 133:041.456 - 0.519ms returns FALSE
T778C 133:041.472 JLINK_IsHalted()
T778C 133:041.944 - 0.463ms returns FALSE
T9B44 133:109.656 JLINK_IsHalted()
T9B44 133:111.336 - 1.676ms returns FALSE
T9B44 133:111.384 JLINK_IsHalted()
T9B44 133:111.920 - 0.544ms returns FALSE
T9B44 133:219.312 JLINK_IsHalted()
T9B44 133:219.920 - 0.599ms returns FALSE
T9B44 133:219.928 JLINK_IsHalted()
T9B44 133:220.312 - 0.372ms returns FALSE
T9B44 133:328.720 JLINK_IsHalted()
T9B44 133:329.152 - 0.432ms returns FALSE
T9B44 133:329.168 JLINK_IsHalted()
T9B44 133:329.520 - 0.349ms returns FALSE
T9B44 133:437.872 JLINK_IsHalted()
T9B44 133:438.568 - 0.688ms returns FALSE
T9B44 133:438.576 JLINK_IsHalted()
T9B44 133:439.120 - 0.536ms returns FALSE
T9B44 133:547.008 JLINK_IsHalted()
T9B44 133:547.560 - 0.544ms returns FALSE
T9B44 133:547.584 JLINK_IsHalted()
T9B44 133:547.952 - 0.382ms returns FALSE
T9B44 133:657.000 JLINK_IsHalted()
T9B44 133:657.832 - 0.833ms returns FALSE
T9B44 133:657.856 JLINK_IsHalted()
T9B44 133:658.416 - 0.565ms returns FALSE
T9B44 133:765.912 JLINK_IsHalted()
T9B44 133:766.488 - 0.569ms returns FALSE
T9B44 133:766.544 JLINK_IsHalted()
T9B44 133:767.088 - 0.547ms returns FALSE
T9B44 133:875.176 JLINK_IsHalted()
T9B44 133:877.136 - 1.953ms returns FALSE
T9B44 133:877.184 JLINK_IsHalted()
T9B44 133:877.824 - 0.639ms returns FALSE
T9B44 133:984.624 JLINK_IsHalted()
T9B44 133:986.408 - 1.772ms returns FALSE
T9B44 133:986.456 JLINK_IsHalted()
T9B44 133:988.304 - 1.848ms returns FALSE
T778C 134:042.992 JLINK_IsHalted()
T778C 134:043.712 - 0.716ms returns FALSE
T778C 134:043.760 JLINK_IsHalted()
T778C 134:044.392 - 0.631ms returns FALSE
T9B44 134:094.832 JLINK_IsHalted()
T9B44 134:095.640 - 0.813ms returns FALSE
T9B44 134:095.696 JLINK_IsHalted()
T9B44 134:096.128 - 0.426ms returns FALSE
T9B44 134:203.968 JLINK_IsHalted()
T9B44 134:204.760 - 0.795ms returns FALSE
T9B44 134:204.816 JLINK_IsHalted()
T9B44 134:205.488 - 0.677ms returns FALSE
T9B44 134:312.800 JLINK_IsHalted()
T9B44 134:313.504 - 0.698ms returns FALSE
T9B44 134:313.552 JLINK_IsHalted()
T9B44 134:314.048 - 0.495ms returns FALSE
T9B44 134:422.336 JLINK_IsHalted()
T9B44 134:422.912 - 0.569ms returns FALSE
T9B44 134:422.944 JLINK_IsHalted()
T9B44 134:425.312 - 2.383ms returns FALSE
T9B44 134:531.648 JLINK_IsHalted()
T9B44 134:532.256 - 0.609ms returns FALSE
T9B44 134:532.304 JLINK_IsHalted()
T9B44 134:532.912 - 0.618ms returns FALSE
T9B44 134:640.848 JLINK_IsHalted()
T9B44 134:641.520 - 0.679ms returns FALSE
T9B44 134:641.568 JLINK_IsHalted()
T9B44 134:642.064 - 0.489ms returns FALSE
T9B44 134:750.160 JLINK_IsHalted()
T9B44 134:750.768 - 0.613ms returns FALSE
T9B44 134:750.816 JLINK_IsHalted()
T9B44 134:751.488 - 0.679ms returns FALSE
T9B44 134:860.240 JLINK_IsHalted()
T9B44 134:860.864 - 0.623ms returns FALSE
T9B44 134:860.912 JLINK_IsHalted()
T9B44 134:861.584 - 0.662ms returns FALSE
T9B44 134:968.992 JLINK_IsHalted()
T9B44 134:970.960 - 1.971ms returns FALSE
T9B44 134:971.024 JLINK_IsHalted()
T9B44 134:971.520 - 0.504ms returns FALSE
T778C 135:045.456 JLINK_IsHalted()
T778C 135:046.112 - 0.660ms returns FALSE
T778C 135:046.176 JLINK_IsHalted()
T778C 135:046.640 - 0.472ms returns FALSE
T9B44 135:079.360 JLINK_IsHalted()
T9B44 135:079.984 - 0.620ms returns FALSE
T9B44 135:080.032 JLINK_IsHalted()
T9B44 135:080.672 - 0.647ms returns FALSE
T9B44 135:188.416 JLINK_IsHalted()
T9B44 135:189.152 - 0.728ms returns FALSE
T9B44 135:189.200 JLINK_IsHalted()
T9B44 135:189.680 - 0.482ms returns FALSE
T9B44 135:297.104 JLINK_IsHalted()
T9B44 135:297.824 - 0.706ms returns FALSE
T9B44 135:297.856 JLINK_IsHalted()
T9B44 135:298.560 - 0.690ms returns FALSE
T9B44 135:406.944 JLINK_IsHalted()
T9B44 135:407.408 - 0.474ms returns FALSE
T9B44 135:407.440 JLINK_IsHalted()
T9B44 135:407.840 - 0.401ms returns FALSE
T9B44 135:516.160 JLINK_IsHalted()
T9B44 135:516.624 - 0.463ms returns FALSE
T9B44 135:516.640 JLINK_IsHalted()
T9B44 135:517.040 - 0.406ms returns FALSE
T9B44 135:625.280 JLINK_IsHalted()
T9B44 135:625.856 - 0.571ms returns FALSE
T9B44 135:625.872 JLINK_IsHalted()
T9B44 135:626.144 - 0.285ms returns FALSE
T9B44 135:735.248 JLINK_IsHalted()
T9B44 135:735.904 - 0.665ms returns FALSE
T9B44 135:735.968 JLINK_IsHalted()
T9B44 135:736.608 - 0.642ms returns FALSE
T9B44 135:843.952 JLINK_IsHalted()
T9B44 135:844.704 - 0.751ms returns FALSE
T9B44 135:844.768 JLINK_IsHalted()
T9B44 135:845.408 - 0.644ms returns FALSE
T9B44 135:953.664 JLINK_IsHalted()
T9B44 135:954.320 - 0.653ms returns FALSE
T9B44 135:954.416 JLINK_IsHalted()
T9B44 135:954.896 - 0.476ms returns FALSE
T778C 136:047.696 JLINK_IsHalted()
T778C 136:048.464 - 0.772ms returns FALSE
T778C 136:048.512 JLINK_IsHalted()
T778C 136:050.976 - 2.459ms returns FALSE
T9B44 136:063.216 JLINK_IsHalted()
T9B44 136:063.872 - 0.645ms returns FALSE
T9B44 136:063.968 JLINK_IsHalted()
T9B44 136:064.336 - 0.376ms returns FALSE
T9B44 136:172.320 JLINK_IsHalted()
T9B44 136:172.912 - 0.591ms returns FALSE
T9B44 136:172.960 JLINK_IsHalted()
T9B44 136:175.568 - 2.604ms returns FALSE
T9B44 136:282.096 JLINK_IsHalted()
T9B44 136:284.048 - 1.945ms returns FALSE
T9B44 136:284.096 JLINK_IsHalted()
T9B44 136:284.752 - 0.652ms returns FALSE
T9B44 136:391.184 JLINK_IsHalted()
T9B44 136:391.904 - 0.717ms returns FALSE
T9B44 136:391.952 JLINK_IsHalted()
T9B44 136:393.760 - 1.817ms returns FALSE
T9B44 136:500.256 JLINK_IsHalted()
T9B44 136:500.960 - 0.709ms returns FALSE
T9B44 136:501.008 JLINK_IsHalted()
T9B44 136:501.520 - 0.510ms returns FALSE
T9B44 136:610.384 JLINK_IsHalted()
T9B44 136:611.040 - 0.670ms returns FALSE
T9B44 136:611.104 JLINK_IsHalted()
T9B44 136:611.616 - 0.521ms returns FALSE
T9B44 136:719.392 JLINK_IsHalted()
T9B44 136:721.312 - 1.909ms returns FALSE
T9B44 136:721.360 JLINK_IsHalted()
T9B44 136:721.984 - 0.622ms returns FALSE
T9B44 136:829.280 JLINK_IsHalted()
T9B44 136:829.984 - 0.703ms returns FALSE
T9B44 136:830.032 JLINK_IsHalted()
T9B44 136:830.736 - 0.698ms returns FALSE
T9B44 136:937.952 JLINK_IsHalted()
T9B44 136:938.560 - 0.608ms returns FALSE
T9B44 136:938.592 JLINK_IsHalted()
T9B44 136:939.056 - 0.480ms returns FALSE
T9B44 137:047.504 JLINK_IsHalted()
T9B44 137:048.144 - 0.640ms returns FALSE
T9B44 137:048.176 JLINK_IsHalted()
T9B44 137:048.736 - 0.544ms returns FALSE
T778C 137:051.872 JLINK_IsHalted()
T778C 137:052.432 - 0.542ms returns FALSE
T778C 137:052.448 JLINK_IsHalted()
T778C 137:052.944 - 0.487ms returns FALSE
T9B44 137:157.120 JLINK_IsHalted()
T9B44 137:157.744 - 0.625ms returns FALSE
T9B44 137:157.776 JLINK_IsHalted()
T9B44 137:158.208 - 0.435ms returns FALSE
T9B44 137:266.960 JLINK_IsHalted()
T9B44 137:267.488 - 0.541ms returns FALSE
T9B44 137:267.520 JLINK_IsHalted()
T9B44 137:270.240 - 2.718ms returns FALSE
T9B44 137:376.128 JLINK_IsHalted()
T9B44 137:376.576 - 0.446ms returns FALSE
T9B44 137:376.608 JLINK_IsHalted()
T9B44 137:377.056 - 0.450ms returns FALSE
T9B44 137:484.736 JLINK_IsHalted()
T9B44 137:485.664 - 0.936ms returns FALSE
T9B44 137:485.696 JLINK_IsHalted()
T9B44 137:486.416 - 0.711ms returns FALSE
T9B44 137:594.336 JLINK_IsHalted()
T9B44 137:594.896 - 0.561ms returns FALSE
T9B44 137:594.928 JLINK_IsHalted()
T9B44 137:595.424 - 0.503ms returns FALSE
T9B44 137:704.096 JLINK_IsHalted()
T9B44 137:704.768 - 0.679ms returns FALSE
T9B44 137:704.800 JLINK_IsHalted()
T9B44 137:705.376 - 0.565ms returns FALSE
T9B44 137:813.344 JLINK_IsHalted()
T9B44 137:815.232 - 1.880ms returns FALSE
T9B44 137:815.312 JLINK_IsHalted()
T9B44 137:816.176 - 0.867ms returns FALSE
T9B44 137:922.656 JLINK_IsHalted()
T9B44 137:923.120 - 0.466ms returns FALSE
T9B44 137:923.136 JLINK_IsHalted()
T9B44 137:924.288 - 1.150ms returns FALSE
T9B44 138:032.288 JLINK_IsHalted()
T9B44 138:032.816 - 0.526ms returns FALSE
T9B44 138:032.832 JLINK_IsHalted()
T9B44 138:033.344 - 0.508ms returns FALSE
T778C 138:054.464 JLINK_IsHalted()
T778C 138:055.040 - 0.569ms returns FALSE
T778C 138:055.056 JLINK_IsHalted()
T778C 138:055.648 - 0.590ms returns FALSE
T9B44 138:141.376 JLINK_IsHalted()
T9B44 138:141.936 - 0.562ms returns FALSE
T9B44 138:141.968 JLINK_IsHalted()
T9B44 138:142.464 - 0.506ms returns FALSE
T9B44 138:250.336 JLINK_IsHalted()
T9B44 138:250.928 - 0.592ms returns FALSE
T9B44 138:250.960 JLINK_IsHalted()
T9B44 138:251.424 - 0.462ms returns FALSE
T9B44 138:359.744 JLINK_IsHalted()
T9B44 138:360.160 - 0.410ms returns FALSE
T9B44 138:360.160 JLINK_IsHalted()
T9B44 138:360.720 - 0.548ms returns FALSE
T9B44 138:469.728 JLINK_IsHalted()
T9B44 138:470.224 - 0.501ms returns FALSE
T9B44 138:470.240 JLINK_IsHalted()
T9B44 138:470.592 - 0.347ms returns FALSE
T9B44 138:578.944 JLINK_IsHalted()
T9B44 138:579.616 - 0.678ms returns FALSE
T9B44 138:579.680 JLINK_IsHalted()
T9B44 138:580.112 - 0.428ms returns FALSE
T9B44 138:688.032 JLINK_IsHalted()
T9B44 138:688.480 - 0.461ms returns FALSE
T9B44 138:688.528 JLINK_IsHalted()
T9B44 138:688.912 - 0.375ms returns FALSE
T9B44 138:797.040 JLINK_IsHalted()
T9B44 138:797.520 - 0.477ms returns FALSE
T9B44 138:797.552 JLINK_IsHalted()
T9B44 138:798.032 - 0.476ms returns FALSE
T9B44 138:906.544 JLINK_IsHalted()
T9B44 138:907.040 - 0.503ms returns FALSE
T9B44 138:907.088 JLINK_IsHalted()
T9B44 138:907.504 - 0.413ms returns FALSE
T9B44 139:015.856 JLINK_IsHalted()
T9B44 139:016.304 - 0.445ms returns FALSE
T9B44 139:016.352 JLINK_IsHalted()
T9B44 139:016.800 - 0.449ms returns FALSE
T778C 139:055.792 JLINK_IsHalted()
T778C 139:056.224 - 0.436ms returns FALSE
T778C 139:056.256 JLINK_IsHalted()
T778C 139:056.624 - 0.370ms returns FALSE
T9B44 139:125.968 JLINK_IsHalted()
T9B44 139:126.368 - 0.416ms returns FALSE
T9B44 139:126.400 JLINK_IsHalted()
T9B44 139:126.880 - 0.469ms returns FALSE
T9B44 139:234.640 JLINK_IsHalted()
T9B44 139:239.920 - 5.285ms returns FALSE
T9B44 139:240.800 JLINK_IsHalted()
T9B44 139:241.328 - 0.533ms returns FALSE
T9B44 139:344.160 JLINK_IsHalted()
T9B44 139:344.608 - 0.450ms returns FALSE
T9B44 139:344.640 JLINK_IsHalted()
T9B44 139:344.992 - 0.349ms returns FALSE
T9B44 139:454.544 JLINK_IsHalted()
T9B44 139:455.424 - 0.882ms returns FALSE
T9B44 139:455.456 JLINK_IsHalted()
T9B44 139:455.968 - 0.504ms returns FALSE
T9B44 139:563.056 JLINK_IsHalted()
T9B44 139:563.504 - 0.449ms returns FALSE
T9B44 139:563.552 JLINK_IsHalted()
T9B44 139:563.904 - 0.358ms returns FALSE
T9B44 139:672.096 JLINK_IsHalted()
T9B44 139:672.688 - 0.585ms returns FALSE
T9B44 139:672.736 JLINK_IsHalted()
T9B44 139:673.152 - 0.432ms returns FALSE
T9B44 139:782.000 JLINK_IsHalted()
T9B44 139:782.544 - 0.536ms returns FALSE
T9B44 139:782.560 JLINK_IsHalted()
T9B44 139:782.880 - 0.304ms returns FALSE
T9B44 139:891.424 JLINK_IsHalted()
T9B44 139:891.872 - 0.453ms returns FALSE
T9B44 139:891.904 JLINK_IsHalted()
T9B44 139:892.192 - 0.292ms returns FALSE
T9B44 140:000.224 JLINK_IsHalted()
T9B44 140:002.048 - 1.831ms returns FALSE
T9B44 140:002.080 JLINK_IsHalted()
T9B44 140:002.496 - 0.426ms returns FALSE
T778C 140:056.624 JLINK_IsHalted()
T778C 140:058.336 - 1.710ms returns FALSE
T778C 140:058.400 JLINK_IsHalted()
T778C 140:058.864 - 0.457ms returns FALSE
T9B44 140:109.840 JLINK_IsHalted()
T9B44 140:110.320 - 0.479ms returns FALSE
T9B44 140:110.352 JLINK_IsHalted()
T9B44 140:110.704 - 0.352ms returns FALSE
T9B44 140:219.376 JLINK_IsHalted()
T9B44 140:219.856 - 0.470ms returns FALSE
T9B44 140:219.872 JLINK_IsHalted()
T9B44 140:220.320 - 0.450ms returns FALSE
T9B44 140:328.576 JLINK_IsHalted()
T9B44 140:329.120 - 0.531ms returns FALSE
T9B44 140:329.152 JLINK_IsHalted()
T9B44 140:329.600 - 0.451ms returns FALSE
T9B44 140:437.568 JLINK_IsHalted()
T9B44 140:438.080 - 0.509ms returns FALSE
T9B44 140:438.112 JLINK_IsHalted()
T9B44 140:438.512 - 0.412ms returns FALSE
T9B44 140:547.008 JLINK_IsHalted()
T9B44 140:548.880 - 1.876ms returns FALSE
T9B44 140:548.896 JLINK_IsHalted()
T9B44 140:549.296 - 0.400ms returns FALSE
T9B44 140:656.784 JLINK_IsHalted()
T9B44 140:657.568 - 0.798ms returns FALSE
T9B44 140:657.600 JLINK_IsHalted()
T9B44 140:657.936 - 0.335ms returns FALSE
T9B44 140:766.544 JLINK_IsHalted()
T9B44 140:767.008 - 0.477ms returns FALSE
T9B44 140:767.056 JLINK_IsHalted()
T9B44 140:767.488 - 0.440ms returns FALSE
T9B44 140:875.888 JLINK_IsHalted()
T9B44 140:876.368 - 0.465ms returns FALSE
T9B44 140:876.416 JLINK_IsHalted()
T9B44 140:876.800 - 0.389ms returns FALSE
T9B44 140:985.248 JLINK_IsHalted()
T9B44 140:985.696 - 0.442ms returns FALSE
T9B44 140:985.728 JLINK_IsHalted()
T9B44 140:986.080 - 0.350ms returns FALSE
T778C 141:059.648 JLINK_IsHalted()
T778C 141:060.112 - 0.461ms returns FALSE
T778C 141:060.144 JLINK_IsHalted()
T778C 141:060.480 - 0.342ms returns FALSE
T9B44 141:094.256 JLINK_IsHalted()
T9B44 141:094.800 - 0.537ms returns FALSE
T9B44 141:094.816 JLINK_IsHalted()
T9B44 141:097.056 - 2.226ms returns FALSE
T9B44 141:203.872 JLINK_IsHalted()
T9B44 141:205.792 - 1.930ms returns FALSE
T9B44 141:205.840 JLINK_IsHalted()
T9B44 141:206.224 - 0.384ms returns FALSE
T9B44 141:313.056 JLINK_IsHalted()
T9B44 141:313.504 - 0.442ms returns FALSE
T9B44 141:313.520 JLINK_IsHalted()
T9B44 141:313.872 - 0.345ms returns FALSE
T9B44 141:422.064 JLINK_IsHalted()
T9B44 141:422.480 - 0.406ms returns FALSE
T9B44 141:422.496 JLINK_IsHalted()
T9B44 141:422.816 - 0.316ms returns FALSE
T9B44 141:531.744 JLINK_IsHalted()
T9B44 141:532.192 - 0.447ms returns FALSE
T9B44 141:532.208 JLINK_IsHalted()
T9B44 141:532.944 - 0.731ms returns FALSE
T9B44 141:641.728 JLINK_IsHalted()
T9B44 141:642.208 - 0.472ms returns FALSE
T9B44 141:642.208 JLINK_IsHalted()
T9B44 141:642.544 - 0.326ms returns FALSE
T9B44 141:750.416 JLINK_IsHalted()
T9B44 141:750.896 - 0.485ms returns FALSE
T9B44 141:750.928 JLINK_IsHalted()
T9B44 141:751.456 - 0.518ms returns FALSE
T9B44 141:860.304 JLINK_IsHalted()
T9B44 141:860.848 - 0.546ms returns FALSE
T9B44 141:860.864 JLINK_IsHalted()
T9B44 141:861.296 - 0.428ms returns FALSE
T9B44 141:969.216 JLINK_IsHalted()
T9B44 141:969.792 - 0.574ms returns FALSE
T9B44 141:969.808 JLINK_IsHalted()
T9B44 141:972.112 - 2.302ms returns FALSE
T778C 142:061.520 JLINK_IsHalted()
T778C 142:062.160 - 0.639ms returns FALSE
T778C 142:062.176 JLINK_IsHalted()
T778C 142:062.608 - 0.421ms returns FALSE
T9B44 142:079.200 JLINK_IsHalted()
T9B44 142:079.808 - 0.589ms returns FALSE
T9B44 142:079.824 JLINK_IsHalted()
T9B44 142:080.352 - 0.525ms returns FALSE
T9B44 142:188.736 JLINK_IsHalted()
T9B44 142:189.408 - 0.661ms returns FALSE
T9B44 142:189.440 JLINK_IsHalted()
T9B44 142:190.000 - 0.563ms returns FALSE
T9B44 142:297.824 JLINK_IsHalted()
T9B44 142:298.304 - 0.474ms returns FALSE
T9B44 142:298.384 JLINK_IsHalted()
T9B44 142:298.768 - 0.375ms returns FALSE
T9B44 142:407.056 JLINK_IsHalted()
T9B44 142:407.600 - 0.550ms returns FALSE
T9B44 142:407.648 JLINK_IsHalted()
T9B44 142:408.048 - 0.404ms returns FALSE
T9B44 142:516.464 JLINK_IsHalted()
T9B44 142:516.896 - 0.441ms returns FALSE
T9B44 142:516.928 JLINK_IsHalted()
T9B44 142:517.280 - 0.351ms returns FALSE
T9B44 142:625.376 JLINK_IsHalted()
T9B44 142:625.840 - 0.454ms returns FALSE
T9B44 142:625.872 JLINK_IsHalted()
T9B44 142:626.304 - 0.437ms returns FALSE
T9B44 142:735.264 JLINK_IsHalted()
T9B44 142:735.728 - 0.470ms returns FALSE
T9B44 142:735.760 JLINK_IsHalted()
T9B44 142:736.112 - 0.366ms returns FALSE
T9B44 142:844.336 JLINK_IsHalted()
T9B44 142:844.784 - 0.447ms returns FALSE
T9B44 142:844.816 JLINK_IsHalted()
T9B44 142:845.216 - 0.397ms returns FALSE
T9B44 142:953.632 JLINK_IsHalted()
T9B44 142:954.064 - 0.425ms returns FALSE
T9B44 142:954.080 JLINK_IsHalted()
T9B44 142:954.464 - 0.378ms returns FALSE
T9B44 143:063.136 JLINK_IsHalted()
T9B44 143:063.728 - 0.591ms returns FALSE
T9B44 143:063.776 JLINK_IsHalted()
T9B44 143:064.416 - 0.631ms returns FALSE
T778C 143:064.592 JLINK_IsHalted()
T778C 143:065.216 - 0.627ms returns FALSE
T778C 143:065.248 JLINK_IsHalted()
T778C 143:065.712 - 0.466ms returns FALSE
T9B44 143:172.000 JLINK_IsHalted()
T9B44 143:172.384 - 0.385ms returns FALSE
T9B44 143:172.400 JLINK_IsHalted()
T9B44 143:172.672 - 0.274ms returns FALSE
T9B44 143:282.016 JLINK_IsHalted()
T9B44 143:282.768 - 0.748ms returns FALSE
T9B44 143:282.800 JLINK_IsHalted()
T9B44 143:283.296 - 0.493ms returns FALSE
T9B44 143:391.296 JLINK_IsHalted()
T9B44 143:391.888 - 0.591ms returns FALSE
T9B44 143:391.904 JLINK_IsHalted()
T9B44 143:392.400 - 0.480ms returns FALSE
T9B44 143:500.640 JLINK_IsHalted()
T9B44 143:501.088 - 0.451ms returns FALSE
T9B44 143:501.136 JLINK_IsHalted()
T9B44 143:501.552 - 0.430ms returns FALSE
T9B44 143:609.664 JLINK_IsHalted()
T9B44 143:610.096 - 0.438ms returns FALSE
T9B44 143:610.128 JLINK_IsHalted()
T9B44 143:610.480 - 0.361ms returns FALSE
T9B44 143:719.280 JLINK_IsHalted()
T9B44 143:719.712 - 0.421ms returns FALSE
T9B44 143:719.744 JLINK_IsHalted()
T9B44 143:720.112 - 0.373ms returns FALSE
T9B44 143:828.640 JLINK_IsHalted()
T9B44 143:829.104 - 0.456ms returns FALSE
T9B44 143:829.136 JLINK_IsHalted()
T9B44 143:829.456 - 0.313ms returns FALSE
T9B44 143:937.744 JLINK_IsHalted()
T9B44 143:938.128 - 0.383ms returns FALSE
T9B44 143:938.144 JLINK_IsHalted()
T9B44 143:938.560 - 0.416ms returns FALSE
T9B44 144:047.280 JLINK_IsHalted()
T9B44 144:047.696 - 0.405ms returns FALSE
T9B44 144:047.728 JLINK_IsHalted()
T9B44 144:048.048 - 0.318ms returns FALSE
T778C 144:067.600 JLINK_IsHalted()
T778C 144:068.048 - 0.445ms returns FALSE
T778C 144:068.080 JLINK_IsHalted()
T778C 144:068.432 - 0.351ms returns FALSE
T9B44 144:157.568 JLINK_IsHalted()
T9B44 144:158.000 - 0.434ms returns FALSE
T9B44 144:158.016 JLINK_IsHalted()
T9B44 144:158.384 - 0.359ms returns FALSE
T9B44 144:265.952 JLINK_IsHalted()
T9B44 144:266.464 - 0.503ms returns FALSE
T9B44 144:266.480 JLINK_IsHalted()
T9B44 144:266.816 - 0.326ms returns FALSE
T9B44 144:375.712 JLINK_IsHalted()
T9B44 144:376.160 - 0.462ms returns FALSE
T9B44 144:376.192 JLINK_IsHalted()
T9B44 144:376.544 - 0.362ms returns FALSE
T9B44 144:485.936 JLINK_IsHalted()
T9B44 144:486.848 - 0.899ms returns FALSE
T9B44 144:486.944 JLINK_IsHalted()
T9B44 144:487.664 - 0.706ms returns FALSE
T9B44 144:594.752 JLINK_IsHalted()
T9B44 144:595.200 - 0.444ms returns FALSE
T9B44 144:595.232 JLINK_IsHalted()
T9B44 144:595.584 - 0.352ms returns FALSE
T9B44 144:704.160 JLINK_IsHalted()
T9B44 144:704.608 - 0.443ms returns FALSE
T9B44 144:704.640 JLINK_IsHalted()
T9B44 144:705.104 - 0.466ms returns FALSE
T9B44 144:812.688 JLINK_IsHalted()
T9B44 144:813.200 - 0.512ms returns FALSE
T9B44 144:813.216 JLINK_IsHalted()
T9B44 144:813.536 - 0.312ms returns FALSE
T9B44 144:922.720 JLINK_IsHalted()
T9B44 144:923.168 - 0.453ms returns FALSE
T9B44 144:923.216 JLINK_IsHalted()
T9B44 144:923.680 - 0.463ms returns FALSE
T9B44 145:031.984 JLINK_IsHalted()
T9B44 145:032.480 - 0.502ms returns FALSE
T9B44 145:032.528 JLINK_IsHalted()
T9B44 145:032.960 - 0.438ms returns FALSE
T778C 145:068.672 JLINK_IsHalted()
T778C 145:069.216 - 0.535ms returns FALSE
T778C 145:069.264 JLINK_IsHalted()
T778C 145:069.680 - 0.430ms returns FALSE
T9B44 145:141.648 JLINK_IsHalted()
T9B44 145:142.112 - 0.474ms returns FALSE
T9B44 145:142.144 JLINK_IsHalted()
T9B44 145:142.512 - 0.368ms returns FALSE
T9B44 145:250.880 JLINK_IsHalted()
T9B44 145:251.408 - 0.515ms returns FALSE
T9B44 145:251.440 JLINK_IsHalted()
T9B44 145:251.808 - 0.366ms returns FALSE
T9B44 145:359.840 JLINK_IsHalted()
T9B44 145:360.336 - 0.484ms returns FALSE
T9B44 145:360.368 JLINK_IsHalted()
T9B44 145:360.736 - 0.361ms returns FALSE
T9B44 145:469.024 JLINK_IsHalted()
T9B44 145:469.472 - 0.446ms returns FALSE
T9B44 145:469.504 JLINK_IsHalted()
T9B44 145:469.888 - 0.378ms returns FALSE
T9B44 145:578.528 JLINK_IsHalted()
T9B44 145:578.976 - 0.463ms returns FALSE
T9B44 145:579.024 JLINK_IsHalted()
T9B44 145:579.392 - 0.374ms returns FALSE
T9B44 145:688.080 JLINK_IsHalted()
T9B44 145:688.512 - 0.438ms returns FALSE
T9B44 145:688.544 JLINK_IsHalted()
T9B44 145:688.912 - 0.358ms returns FALSE
T9B44 145:797.216 JLINK_IsHalted()
T9B44 145:797.696 - 0.476ms returns FALSE
T9B44 145:797.728 JLINK_IsHalted()
T9B44 145:798.160 - 0.429ms returns FALSE
T9B44 145:907.296 JLINK_IsHalted()
T9B44 145:907.760 - 0.472ms returns FALSE
T9B44 145:907.792 JLINK_IsHalted()
T9B44 145:908.272 - 0.490ms returns FALSE
T9B44 146:016.096 JLINK_IsHalted()
T9B44 146:016.544 - 0.442ms returns FALSE
T9B44 146:016.592 JLINK_IsHalted()
T9B44 146:016.944 - 0.367ms returns FALSE
T778C 146:070.304 JLINK_IsHalted()
T778C 146:070.880 - 0.566ms returns FALSE
T778C 146:070.896 JLINK_IsHalted()
T778C 146:071.328 - 0.436ms returns FALSE
T9B44 146:126.064 JLINK_IsHalted()
T9B44 146:126.592 - 0.523ms returns FALSE
T9B44 146:126.624 JLINK_IsHalted()
T9B44 146:127.040 - 0.417ms returns FALSE
T9B44 146:235.248 JLINK_IsHalted()
T9B44 146:235.744 - 0.495ms returns FALSE
T9B44 146:235.792 JLINK_IsHalted()
T9B44 146:236.288 - 0.506ms returns FALSE
T9B44 146:344.640 JLINK_IsHalted()
T9B44 146:345.200 - 0.571ms returns FALSE
T9B44 146:345.248 JLINK_IsHalted()
T9B44 146:345.744 - 0.496ms returns FALSE
T9B44 146:453.296 JLINK_IsHalted()
T9B44 146:453.840 - 0.533ms returns FALSE
T9B44 146:453.872 JLINK_IsHalted()
T9B44 146:454.368 - 0.486ms returns FALSE
T9B44 146:563.392 JLINK_IsHalted()
T9B44 146:563.936 - 0.532ms returns FALSE
T9B44 146:563.968 JLINK_IsHalted()
T9B44 146:564.400 - 0.443ms returns FALSE
T9B44 146:672.704 JLINK_IsHalted()
T9B44 146:673.184 - 0.491ms returns FALSE
T9B44 146:673.232 JLINK_IsHalted()
T9B44 146:675.648 - 2.422ms returns FALSE
T9B44 146:781.792 JLINK_IsHalted()
T9B44 146:782.304 - 0.509ms returns FALSE
T9B44 146:782.336 JLINK_IsHalted()
T9B44 146:782.800 - 0.462ms returns FALSE
T9B44 146:891.424 JLINK_IsHalted()
T9B44 146:891.872 - 0.448ms returns FALSE
T9B44 146:891.872 JLINK_IsHalted()
T9B44 146:892.272 - 0.392ms returns FALSE
T9B44 147:000.464 JLINK_IsHalted()
T9B44 147:000.896 - 0.428ms returns FALSE
T9B44 147:000.928 JLINK_IsHalted()
T9B44 147:001.360 - 0.426ms returns FALSE
T778C 147:071.648 JLINK_IsHalted()
T778C 147:072.080 - 0.418ms returns FALSE
T778C 147:072.096 JLINK_IsHalted()
T778C 147:072.432 - 0.335ms returns FALSE
T9B44 147:109.584 JLINK_IsHalted()
T9B44 147:110.128 - 0.550ms returns FALSE
T9B44 147:110.176 JLINK_IsHalted()
T9B44 147:110.560 - 0.392ms returns FALSE
T9B44 147:219.744 JLINK_IsHalted()
T9B44 147:220.208 - 0.455ms returns FALSE
T9B44 147:220.224 JLINK_IsHalted()
T9B44 147:220.592 - 0.364ms returns FALSE
T9B44 147:328.752 JLINK_IsHalted()
T9B44 147:329.216 - 0.465ms returns FALSE
T9B44 147:329.248 JLINK_IsHalted()
T9B44 147:329.568 - 0.322ms returns FALSE
T9B44 147:438.240 JLINK_IsHalted()
T9B44 147:438.800 - 0.561ms returns FALSE
T9B44 147:438.864 JLINK_IsHalted()
T9B44 147:439.312 - 0.449ms returns FALSE
T9B44 147:547.712 JLINK_IsHalted()
T9B44 147:548.208 - 0.504ms returns FALSE
T9B44 147:548.256 JLINK_IsHalted()
T9B44 147:548.656 - 0.409ms returns FALSE
T9B44 147:658.080 JLINK_IsHalted()
T9B44 147:658.592 - 0.505ms returns FALSE
T9B44 147:658.624 JLINK_IsHalted()
T9B44 147:659.136 - 0.509ms returns FALSE
T9B44 147:765.952 JLINK_IsHalted()
T9B44 147:766.496 - 0.537ms returns FALSE
T9B44 147:766.544 JLINK_IsHalted()
T9B44 147:766.992 - 0.453ms returns FALSE
T9B44 147:875.632 JLINK_IsHalted()
T9B44 147:876.064 - 0.433ms returns FALSE
T9B44 147:876.080 JLINK_IsHalted()
T9B44 147:876.512 - 0.425ms returns FALSE
T9B44 147:984.800 JLINK_IsHalted()
T9B44 147:985.312 - 0.506ms returns FALSE
T9B44 147:985.328 JLINK_IsHalted()
T9B44 147:985.856 - 0.524ms returns FALSE
T778C 148:072.640 JLINK_IsHalted()
T778C 148:073.152 - 0.521ms returns FALSE
T778C 148:073.184 JLINK_IsHalted()
T778C 148:075.264 - 2.081ms returns FALSE
T9B44 148:094.240 JLINK_IsHalted()
T9B44 148:094.752 - 0.511ms returns FALSE
T9B44 148:094.784 JLINK_IsHalted()
T9B44 148:095.136 - 0.357ms returns FALSE
T9B44 148:204.000 JLINK_IsHalted()
T9B44 148:204.512 - 0.510ms returns FALSE
T9B44 148:204.544 JLINK_IsHalted()
T9B44 148:204.848 - 0.304ms returns FALSE
T9B44 148:313.600 JLINK_IsHalted()
T9B44 148:314.080 - 0.476ms returns FALSE
T9B44 148:314.096 JLINK_IsHalted()
T9B44 148:314.544 - 0.447ms returns FALSE
T9B44 148:422.128 JLINK_IsHalted()
T9B44 148:422.656 - 0.515ms returns FALSE
T9B44 148:422.688 JLINK_IsHalted()
T9B44 148:423.152 - 0.468ms returns FALSE
T9B44 148:531.616 JLINK_IsHalted()
T9B44 148:532.048 - 0.441ms returns FALSE
T9B44 148:532.064 JLINK_IsHalted()
T9B44 148:532.432 - 0.360ms returns FALSE
T9B44 148:641.568 JLINK_IsHalted()
T9B44 148:642.016 - 0.441ms returns FALSE
T9B44 148:642.016 JLINK_IsHalted()
T9B44 148:642.432 - 0.401ms returns FALSE
T9B44 148:750.368 JLINK_IsHalted()
T9B44 148:750.800 - 0.424ms returns FALSE
T9B44 148:750.816 JLINK_IsHalted()
T9B44 148:751.152 - 0.329ms returns FALSE
T9B44 148:859.824 JLINK_IsHalted()
T9B44 148:860.256 - 0.428ms returns FALSE
T9B44 148:860.272 JLINK_IsHalted()
T9B44 148:860.624 - 0.350ms returns FALSE
T9B44 148:969.840 JLINK_IsHalted()
T9B44 148:970.272 - 0.418ms returns FALSE
T9B44 148:970.288 JLINK_IsHalted()
T9B44 148:970.720 - 0.431ms returns FALSE
T778C 149:075.632 JLINK_IsHalted()
T778C 149:076.048 - 0.406ms returns FALSE
T778C 149:076.064 JLINK_IsHalted()
T778C 149:076.448 - 0.369ms returns FALSE
T9B44 149:078.400 JLINK_IsHalted()
T9B44 149:078.816 - 0.419ms returns FALSE
T9B44 149:078.832 JLINK_IsHalted()
T9B44 149:079.184 - 0.343ms returns FALSE
T9B44 149:188.288 JLINK_IsHalted()
T9B44 149:188.768 - 0.489ms returns FALSE
T9B44 149:188.800 JLINK_IsHalted()
T9B44 149:189.184 - 0.371ms returns FALSE
T9B44 149:297.296 JLINK_IsHalted()
T9B44 149:297.760 - 0.461ms returns FALSE
T9B44 149:297.808 JLINK_IsHalted()
T9B44 149:298.144 - 0.347ms returns FALSE
T9B44 149:407.584 JLINK_IsHalted()
T9B44 149:408.032 - 0.440ms returns FALSE
T9B44 149:408.064 JLINK_IsHalted()
T9B44 149:408.416 - 0.367ms returns FALSE
T9B44 149:515.920 JLINK_IsHalted()
T9B44 149:516.400 - 0.486ms returns FALSE
T9B44 149:516.416 JLINK_IsHalted()
T9B44 149:516.832 - 0.420ms returns FALSE
T9B44 149:625.856 JLINK_IsHalted()
T9B44 149:626.288 - 0.442ms returns FALSE
T9B44 149:626.320 JLINK_IsHalted()
T9B44 149:626.656 - 0.349ms returns FALSE
T9B44 149:735.328 JLINK_IsHalted()
T9B44 149:735.712 - 0.396ms returns FALSE
T9B44 149:735.744 JLINK_IsHalted()
T9B44 149:736.048 - 0.314ms returns FALSE
T9B44 149:844.640 JLINK_IsHalted()
T9B44 149:846.176 - 1.551ms returns FALSE
T9B44 149:846.208 JLINK_IsHalted()
T9B44 149:846.544 - 0.328ms returns FALSE
T9B44 149:954.240 JLINK_IsHalted()
T9B44 149:954.784 - 0.549ms returns FALSE
T9B44 149:954.816 JLINK_IsHalted()
T9B44 149:955.152 - 0.333ms returns FALSE
T9B44 150:062.720 JLINK_IsHalted()
T9B44 150:063.136 - 0.416ms returns FALSE
T9B44 150:063.152 JLINK_IsHalted()
T9B44 150:063.424 - 0.271ms returns FALSE
T778C 150:077.056 JLINK_IsHalted()
T778C 150:077.440 - 0.384ms returns FALSE
T778C 150:077.472 JLINK_IsHalted()
T778C 150:078.160 - 0.676ms returns FALSE
T9B44 150:172.192 JLINK_IsHalted()
T9B44 150:172.656 - 0.457ms returns FALSE
T9B44 150:172.672 JLINK_IsHalted()
T9B44 150:172.976 - 0.311ms returns FALSE
T9B44 150:282.144 JLINK_IsHalted()
T9B44 150:282.528 - 0.384ms returns FALSE
T9B44 150:282.544 JLINK_IsHalted()
T9B44 150:282.960 - 0.402ms returns FALSE
T9B44 150:390.960 JLINK_IsHalted()
T9B44 150:391.520 - 0.563ms returns FALSE
T9B44 150:391.648 JLINK_IsHalted()
T9B44 150:392.080 - 0.440ms returns FALSE
T9B44 150:501.040 JLINK_IsHalted()
T9B44 150:501.440 - 0.403ms returns FALSE
T9B44 150:501.472 JLINK_IsHalted()
T9B44 150:501.808 - 0.350ms returns FALSE
T9B44 150:609.536 JLINK_IsHalted()
T9B44 150:610.032 - 0.488ms returns FALSE
T9B44 150:610.080 JLINK_IsHalted()
T9B44 150:610.480 - 0.387ms returns FALSE
T9B44 150:719.696 JLINK_IsHalted()
T9B44 150:720.288 - 0.595ms returns FALSE
T9B44 150:720.320 JLINK_IsHalted()
T9B44 150:720.624 - 0.309ms returns FALSE
T9B44 150:828.864 JLINK_IsHalted()
T9B44 150:829.360 - 0.490ms returns FALSE
T9B44 150:829.376 JLINK_IsHalted()
T9B44 150:829.840 - 0.457ms returns FALSE
T9B44 150:938.464 JLINK_IsHalted()
T9B44 150:938.880 - 0.416ms returns FALSE
T9B44 150:938.912 JLINK_IsHalted()
T9B44 150:939.232 - 0.338ms returns FALSE
T9B44 151:047.264 JLINK_IsHalted()
T9B44 151:047.696 - 0.418ms returns FALSE
T9B44 151:047.728 JLINK_IsHalted()
T9B44 151:048.032 - 0.306ms returns FALSE
T778C 151:078.432 JLINK_IsHalted()
T778C 151:078.928 - 0.497ms returns FALSE
T778C 151:078.944 JLINK_IsHalted()
T778C 151:079.280 - 0.330ms returns FALSE
T9B44 151:156.944 JLINK_IsHalted()
T9B44 151:157.536 - 0.600ms returns FALSE
T9B44 151:157.584 JLINK_IsHalted()
T9B44 151:157.984 - 0.402ms returns FALSE
T9B44 151:266.576 JLINK_IsHalted()
T9B44 151:267.040 - 0.466ms returns FALSE
T9B44 151:267.040 JLINK_IsHalted()
T9B44 151:267.520 - 0.472ms returns FALSE
T9B44 151:375.472 JLINK_IsHalted()
T9B44 151:376.032 - 0.552ms returns FALSE
T9B44 151:376.096 JLINK_IsHalted()
T9B44 151:376.544 - 0.437ms returns FALSE
T9B44 151:485.120 JLINK_IsHalted()
T9B44 151:485.600 - 0.471ms returns FALSE
T9B44 151:485.632 JLINK_IsHalted()
T9B44 151:485.984 - 0.340ms returns FALSE
T9B44 151:594.560 JLINK_IsHalted()
T9B44 151:596.512 - 1.961ms returns FALSE
T9B44 151:596.576 JLINK_IsHalted()
T9B44 151:597.024 - 0.439ms returns FALSE
T9B44 151:704.192 JLINK_IsHalted()
T9B44 151:704.752 - 0.567ms returns FALSE
T9B44 151:704.784 JLINK_IsHalted()
T9B44 151:705.536 - 0.750ms returns FALSE
T9B44 151:813.600 JLINK_IsHalted()
T9B44 151:814.368 - 0.759ms returns FALSE
T9B44 151:814.416 JLINK_IsHalted()
T9B44 151:815.344 - 0.938ms returns FALSE
T9B44 151:922.960 JLINK_IsHalted()
T9B44 151:925.744 - 2.783ms returns FALSE
T9B44 151:925.792 JLINK_IsHalted()
T9B44 151:926.384 - 0.586ms returns FALSE
T9B44 152:031.536 JLINK_IsHalted()
T9B44 152:031.952 - 0.405ms returns FALSE
T9B44 152:031.968 JLINK_IsHalted()
T9B44 152:032.288 - 0.310ms returns FALSE
T778C 152:079.904 JLINK_IsHalted()
T778C 152:080.368 - 0.468ms returns FALSE
T778C 152:080.400 JLINK_IsHalted()
T778C 152:080.752 - 0.355ms returns FALSE
T9B44 152:141.216 JLINK_IsHalted()
T9B44 152:141.664 - 0.444ms returns FALSE
T9B44 152:141.680 JLINK_IsHalted()
T9B44 152:142.032 - 0.340ms returns FALSE
T9B44 152:251.232 JLINK_IsHalted()
T9B44 152:251.632 - 0.401ms returns FALSE
T9B44 152:251.664 JLINK_IsHalted()
T9B44 152:252.096 - 0.436ms returns FALSE
T9B44 152:359.840 JLINK_IsHalted()
T9B44 152:360.416 - 0.575ms returns FALSE
T9B44 152:360.448 JLINK_IsHalted()
T9B44 152:360.928 - 0.489ms returns FALSE
T9B44 152:469.920 JLINK_IsHalted()
T9B44 152:470.528 - 0.605ms returns FALSE
T9B44 152:470.560 JLINK_IsHalted()
T9B44 152:471.072 - 0.505ms returns FALSE
T9B44 152:578.544 JLINK_IsHalted()
T9B44 152:580.368 - 1.817ms returns FALSE
T9B44 152:580.400 JLINK_IsHalted()
T9B44 152:580.816 - 0.409ms returns FALSE
T9B44 152:688.480 JLINK_IsHalted()
T9B44 152:689.008 - 0.527ms returns FALSE
T9B44 152:689.040 JLINK_IsHalted()
T9B44 152:689.456 - 0.430ms returns FALSE
T9B44 152:797.344 JLINK_IsHalted()
T9B44 152:797.920 - 0.579ms returns FALSE
T9B44 152:797.936 JLINK_IsHalted()
T9B44 152:798.320 - 0.376ms returns FALSE
T9B44 152:907.040 JLINK_IsHalted()
T9B44 152:907.680 - 0.630ms returns FALSE
T9B44 152:907.712 JLINK_IsHalted()
T9B44 152:908.128 - 0.403ms returns FALSE
T9B44 153:016.416 JLINK_IsHalted()
T9B44 153:017.520 - 1.104ms returns FALSE
T9B44 153:017.568 JLINK_IsHalted()
T9B44 153:018.128 - 0.549ms returns FALSE
T778C 153:081.184 JLINK_IsHalted()
T778C 153:081.760 - 0.574ms returns FALSE
T778C 153:081.792 JLINK_IsHalted()
T778C 153:082.144 - 0.348ms returns FALSE
T9B44 153:126.192 JLINK_IsHalted()
T9B44 153:126.976 - 0.773ms returns FALSE
T9B44 153:127.056 JLINK_IsHalted()
T9B44 153:127.760 - 0.703ms returns FALSE
T9B44 153:235.584 JLINK_IsHalted()
T9B44 153:237.312 - 1.725ms returns FALSE
T9B44 153:237.392 JLINK_IsHalted()
T9B44 153:238.368 - 0.961ms returns FALSE
T9B44 153:344.992 JLINK_IsHalted()
T9B44 153:345.488 - 0.484ms returns FALSE
T9B44 153:345.520 JLINK_IsHalted()
T9B44 153:346.048 - 0.533ms returns FALSE
T9B44 153:454.240 JLINK_IsHalted()
T9B44 153:454.736 - 0.487ms returns FALSE
T9B44 153:454.752 JLINK_IsHalted()
T9B44 153:455.120 - 0.354ms returns FALSE
T9B44 153:563.616 JLINK_IsHalted()
T9B44 153:564.320 - 0.692ms returns FALSE
T9B44 153:564.336 JLINK_IsHalted()
T9B44 153:564.880 - 0.532ms returns FALSE
T9B44 153:672.656 JLINK_IsHalted()
T9B44 153:673.200 - 0.547ms returns FALSE
T9B44 153:673.232 JLINK_IsHalted()
T9B44 153:673.856 - 0.627ms returns FALSE
T9B44 153:781.472 JLINK_IsHalted()
T9B44 153:781.984 - 0.514ms returns FALSE
T9B44 153:782.032 JLINK_IsHalted()
T9B44 153:782.656 - 0.625ms returns FALSE
T9B44 153:890.896 JLINK_IsHalted()
T9B44 153:891.616 - 0.714ms returns FALSE
T9B44 153:891.632 JLINK_IsHalted()
T9B44 153:892.224 - 0.580ms returns FALSE
T9B44 154:000.944 JLINK_IsHalted()
T9B44 154:001.680 - 0.730ms returns FALSE
T9B44 154:001.728 JLINK_IsHalted()
T9B44 154:002.176 - 0.442ms returns FALSE
T778C 154:082.752 JLINK_IsHalted()
T778C 154:083.376 - 0.626ms returns FALSE
T778C 154:083.440 JLINK_IsHalted()
T778C 154:083.968 - 0.523ms returns FALSE
T9B44 154:110.576 JLINK_IsHalted()
T9B44 154:111.440 - 0.853ms returns FALSE
T9B44 154:111.520 JLINK_IsHalted()
T9B44 154:112.176 - 0.650ms returns FALSE
T9B44 154:219.904 JLINK_IsHalted()
T9B44 154:220.416 - 0.513ms returns FALSE
T9B44 154:220.448 JLINK_IsHalted()
T9B44 154:220.944 - 0.492ms returns FALSE
T9B44 154:328.432 JLINK_IsHalted()
T9B44 154:330.320 - 1.878ms returns FALSE
T9B44 154:330.384 JLINK_IsHalted()
T9B44 154:330.912 - 0.538ms returns FALSE
T9B44 154:438.416 JLINK_IsHalted()
T9B44 154:439.024 - 0.613ms returns FALSE
T9B44 154:439.104 JLINK_IsHalted()
T9B44 154:439.568 - 0.460ms returns FALSE
T9B44 154:547.424 JLINK_IsHalted()
T9B44 154:547.920 - 0.502ms returns FALSE
T9B44 154:547.936 JLINK_IsHalted()
T9B44 154:548.368 - 0.425ms returns FALSE
T9B44 154:657.184 JLINK_IsHalted()
T9B44 154:657.632 - 0.463ms returns FALSE
T9B44 154:657.696 JLINK_IsHalted()
T9B44 154:658.144 - 0.445ms returns FALSE
T9B44 154:766.064 JLINK_IsHalted()
T9B44 154:766.752 - 0.675ms returns FALSE
T9B44 154:766.800 JLINK_IsHalted()
T9B44 154:767.408 - 0.607ms returns FALSE
T9B44 154:875.584 JLINK_IsHalted()
T9B44 154:876.048 - 0.451ms returns FALSE
T9B44 154:876.064 JLINK_IsHalted()
T9B44 154:876.432 - 0.362ms returns FALSE
T9B44 154:985.376 JLINK_IsHalted()
T9B44 154:987.184 - 1.827ms returns FALSE
T9B44 154:987.232 JLINK_IsHalted()
T9B44 154:987.696 - 0.470ms returns FALSE
T778C 155:085.072 JLINK_IsHalted()
T778C 155:085.840 - 0.755ms returns FALSE
T778C 155:085.888 JLINK_IsHalted()
T778C 155:087.856 - 1.966ms returns FALSE
T9B44 155:094.288 JLINK_IsHalted()
T9B44 155:094.880 - 0.591ms returns FALSE
T9B44 155:094.896 JLINK_IsHalted()
T9B44 155:095.296 - 0.397ms returns FALSE
T9B44 155:204.192 JLINK_IsHalted()
T9B44 155:204.992 - 0.803ms returns FALSE
T9B44 155:205.040 JLINK_IsHalted()
T9B44 155:205.728 - 0.685ms returns FALSE
T9B44 155:313.760 JLINK_IsHalted()
T9B44 155:314.528 - 0.756ms returns FALSE
T9B44 155:314.592 JLINK_IsHalted()
T9B44 155:315.248 - 0.653ms returns FALSE
T9B44 155:422.480 JLINK_IsHalted()
T9B44 155:423.040 - 0.560ms returns FALSE
T9B44 155:423.056 JLINK_IsHalted()
T9B44 155:425.536 - 2.482ms returns FALSE
T9B44 155:532.192 JLINK_IsHalted()
T9B44 155:532.704 - 0.495ms returns FALSE
T9B44 155:532.736 JLINK_IsHalted()
T9B44 155:533.184 - 0.440ms returns FALSE
T9B44 155:641.056 JLINK_IsHalted()
T9B44 155:641.888 - 0.830ms returns FALSE
T9B44 155:641.984 JLINK_IsHalted()
T9B44 155:642.640 - 0.653ms returns FALSE
T9B44 155:750.224 JLINK_IsHalted()
T9B44 155:751.040 - 0.818ms returns FALSE
T9B44 155:751.088 JLINK_IsHalted()
T9B44 155:751.584 - 0.496ms returns FALSE
T9B44 155:859.536 JLINK_IsHalted()
T9B44 155:860.320 - 0.789ms returns FALSE
T9B44 155:860.400 JLINK_IsHalted()
T9B44 155:861.088 - 0.693ms returns FALSE
T9B44 155:970.592 JLINK_IsHalted()
T9B44 155:971.296 - 0.680ms returns FALSE
T9B44 155:971.360 JLINK_IsHalted()
T9B44 155:971.872 - 0.507ms returns FALSE
T9B44 156:079.152 JLINK_IsHalted()
T9B44 156:079.872 - 0.705ms returns FALSE
T9B44 156:079.952 JLINK_IsHalted()
T9B44 156:080.560 - 0.613ms returns FALSE
T778C 156:088.784 JLINK_IsHalted()
T778C 156:089.472 - 0.679ms returns FALSE
T778C 156:089.568 JLINK_IsHalted()
T778C 156:090.272 - 0.702ms returns FALSE
T9B44 156:187.664 JLINK_IsHalted()
T9B44 156:188.288 - 0.632ms returns FALSE
T9B44 156:188.352 JLINK_IsHalted()
T9B44 156:188.880 - 0.528ms returns FALSE
T9B44 156:297.520 JLINK_IsHalted()
T9B44 156:298.416 - 0.896ms returns FALSE
T9B44 156:298.480 JLINK_IsHalted()
T9B44 156:299.040 - 0.552ms returns FALSE
T9B44 156:407.264 JLINK_IsHalted()
T9B44 156:409.120 - 1.855ms returns FALSE
T9B44 156:409.200 JLINK_IsHalted()
T9B44 156:410.112 - 0.903ms returns FALSE
T9B44 156:516.384 JLINK_IsHalted()
T9B44 156:517.232 - 0.846ms returns FALSE
T9B44 156:517.344 JLINK_IsHalted()
T9B44 156:517.872 - 0.536ms returns FALSE
T9B44 156:625.312 JLINK_IsHalted()
T9B44 156:625.888 - 0.586ms returns FALSE
T9B44 156:625.920 JLINK_IsHalted()
T9B44 156:626.432 - 0.523ms returns FALSE
T9B44 156:735.488 JLINK_IsHalted()
T9B44 156:736.448 - 0.957ms returns FALSE
T9B44 156:736.560 JLINK_IsHalted()
T9B44 156:737.376 - 0.819ms returns FALSE
T9B44 156:844.064 JLINK_IsHalted()
T9B44 156:844.720 - 0.665ms returns FALSE
T9B44 156:844.784 JLINK_IsHalted()
T9B44 156:845.264 - 0.463ms returns FALSE
T9B44 156:953.952 JLINK_IsHalted()
T9B44 156:954.624 - 0.686ms returns FALSE
T9B44 156:954.672 JLINK_IsHalted()
T9B44 156:956.896 - 2.218ms returns FALSE
T9B44 157:062.768 JLINK_IsHalted()
T9B44 157:063.312 - 0.536ms returns FALSE
T9B44 157:063.328 JLINK_IsHalted()
T9B44 157:063.728 - 0.388ms returns FALSE
T778C 157:092.320 JLINK_IsHalted()
T778C 157:092.912 - 0.599ms returns FALSE
T778C 157:092.944 JLINK_IsHalted()
T778C 157:093.344 - 0.390ms returns FALSE
T9B44 157:172.032 JLINK_IsHalted()
T9B44 157:172.768 - 0.728ms returns FALSE
T9B44 157:172.784 JLINK_IsHalted()
T9B44 157:173.504 - 0.712ms returns FALSE
T9B44 157:281.744 JLINK_IsHalted()
T9B44 157:282.288 - 0.545ms returns FALSE
T9B44 157:282.320 JLINK_IsHalted()
T9B44 157:282.720 - 0.412ms returns FALSE
T9B44 157:391.600 JLINK_IsHalted()
T9B44 157:392.336 - 0.735ms returns FALSE
T9B44 157:392.416 JLINK_IsHalted()
T9B44 157:395.056 - 2.642ms returns FALSE
T9B44 157:501.568 JLINK_IsHalted()
T9B44 157:502.160 - 0.594ms returns FALSE
T9B44 157:502.176 JLINK_IsHalted()
T9B44 157:502.784 - 0.599ms returns FALSE
T9B44 157:610.272 JLINK_IsHalted()
T9B44 157:611.168 - 0.914ms returns FALSE
T9B44 157:611.280 JLINK_IsHalted()
T9B44 157:611.824 - 0.555ms returns FALSE
T9B44 157:719.392 JLINK_IsHalted()
T9B44 157:720.256 - 0.855ms returns FALSE
T9B44 157:720.352 JLINK_IsHalted()
T9B44 157:720.960 - 0.605ms returns FALSE
T9B44 157:828.704 JLINK_IsHalted()
T9B44 157:831.328 - 2.616ms returns FALSE
T9B44 157:831.408 JLINK_IsHalted()
T9B44 157:832.112 - 0.701ms returns FALSE
T9B44 157:938.944 JLINK_IsHalted()
T9B44 157:940.096 - 1.150ms returns FALSE
T9B44 157:940.176 JLINK_IsHalted()
T9B44 157:940.816 - 0.642ms returns FALSE
T9B44 158:048.096 JLINK_IsHalted()
T9B44 158:048.480 - 0.391ms returns FALSE
T9B44 158:048.512 JLINK_IsHalted()
T9B44 158:048.784 - 0.277ms returns FALSE
T778C 158:093.472 JLINK_IsHalted()
T778C 158:093.872 - 0.398ms returns FALSE
T778C 158:093.904 JLINK_IsHalted()
T778C 158:094.224 - 0.318ms returns FALSE
T9B44 158:156.704 JLINK_IsHalted()
T9B44 158:157.200 - 0.496ms returns FALSE
T9B44 158:157.248 JLINK_IsHalted()
T9B44 158:157.680 - 0.442ms returns FALSE
T9B44 158:266.208 JLINK_IsHalted()
T9B44 158:266.720 - 0.516ms returns FALSE
T9B44 158:266.752 JLINK_IsHalted()
T9B44 158:267.072 - 0.322ms returns FALSE
T9B44 158:375.648 JLINK_IsHalted()
T9B44 158:376.048 - 0.408ms returns FALSE
T9B44 158:376.064 JLINK_IsHalted()
T9B44 158:376.400 - 0.328ms returns FALSE
T9B44 158:485.200 JLINK_IsHalted()
T9B44 158:485.696 - 0.492ms returns FALSE
T9B44 158:485.712 JLINK_IsHalted()
T9B44 158:486.048 - 0.346ms returns FALSE
T9B44 158:594.144 JLINK_IsHalted()
T9B44 158:594.592 - 0.443ms returns FALSE
T9B44 158:594.608 JLINK_IsHalted()
T9B44 158:594.928 - 0.315ms returns FALSE
T9B44 158:703.584 JLINK_IsHalted()
T9B44 158:704.160 - 0.591ms returns FALSE
T9B44 158:704.224 JLINK_IsHalted()
T9B44 158:704.720 - 0.496ms returns FALSE
T9B44 158:814.416 JLINK_IsHalted()
T9B44 158:814.880 - 0.469ms returns FALSE
T9B44 158:814.912 JLINK_IsHalted()
T9B44 158:815.456 - 0.548ms returns FALSE
T9B44 158:922.560 JLINK_IsHalted()
T9B44 158:923.088 - 0.518ms returns FALSE
T9B44 158:923.104 JLINK_IsHalted()
T9B44 158:923.408 - 0.316ms returns FALSE
T9B44 159:031.824 JLINK_IsHalted()
T9B44 159:032.416 - 0.595ms returns FALSE
T9B44 159:032.432 JLINK_IsHalted()
T9B44 159:032.960 - 0.521ms returns FALSE
T778C 159:096.768 JLINK_IsHalted()
T778C 159:097.824 - 1.050ms returns FALSE
T778C 159:097.872 JLINK_IsHalted()
T778C 159:098.320 - 0.449ms returns FALSE
T9B44 159:140.848 JLINK_IsHalted()
T9B44 159:141.904 - 1.051ms returns FALSE
T9B44 159:141.968 JLINK_IsHalted()
T9B44 159:142.496 - 0.528ms returns FALSE
T9B44 159:250.736 JLINK_IsHalted()
T9B44 159:251.360 - 0.629ms returns FALSE
T9B44 159:251.424 JLINK_IsHalted()
T9B44 159:251.872 - 0.448ms returns FALSE
T9B44 159:359.808 JLINK_IsHalted()
T9B44 159:360.768 - 0.949ms returns FALSE
T9B44 159:360.832 JLINK_IsHalted()
T9B44 159:361.360 - 0.529ms returns FALSE
T9B44 159:469.472 JLINK_IsHalted()
T9B44 159:470.304 - 0.853ms returns FALSE
T9B44 159:470.352 JLINK_IsHalted()
T9B44 159:471.008 - 0.674ms returns FALSE
T9B44 159:578.400 JLINK_IsHalted()
T9B44 159:579.072 - 0.685ms returns FALSE
T9B44 159:579.168 JLINK_IsHalted()
T9B44 159:579.904 - 0.741ms returns FALSE
T9B44 159:688.080 JLINK_IsHalted()
T9B44 159:688.816 - 0.748ms returns FALSE
T9B44 159:688.928 JLINK_IsHalted()
T9B44 159:689.568 - 0.660ms returns FALSE
T9B44 159:798.176 JLINK_IsHalted()
T9B44 159:800.080 - 1.891ms returns FALSE
T9B44 159:800.144 JLINK_IsHalted()
T9B44 159:802.976 - 2.841ms returns FALSE
T9B44 159:907.744 JLINK_IsHalted()
T9B44 159:908.704 - 0.949ms returns FALSE
T9B44 159:908.768 JLINK_IsHalted()
T9B44 159:909.344 - 0.563ms returns FALSE
T9B44 160:016.336 JLINK_IsHalted()
T9B44 160:017.280 - 0.940ms returns FALSE
T9B44 160:017.424 JLINK_IsHalted()
T9B44 160:018.016 - 0.588ms returns FALSE
T778C 160:099.600 JLINK_IsHalted()
T778C 160:100.160 - 0.556ms returns FALSE
T778C 160:100.208 JLINK_IsHalted()
T778C 160:102.112 - 1.910ms returns FALSE
T9B44 160:125.376 JLINK_IsHalted()
T9B44 160:126.048 - 0.671ms returns FALSE
T9B44 160:126.080 JLINK_IsHalted()
T9B44 160:126.608 - 0.519ms returns FALSE
T9B44 160:235.360 JLINK_IsHalted()
T9B44 160:236.000 - 0.622ms returns FALSE
T9B44 160:236.032 JLINK_IsHalted()
T9B44 160:236.448 - 0.425ms returns FALSE
T9B44 160:344.096 JLINK_IsHalted()
T9B44 160:344.688 - 0.608ms returns FALSE
T9B44 160:344.736 JLINK_IsHalted()
T9B44 160:345.200 - 0.469ms returns FALSE
T9B44 160:453.664 JLINK_IsHalted()
T9B44 160:455.088 - 1.424ms returns FALSE
T9B44 160:455.152 JLINK_IsHalted()
T9B44 160:455.952 - 0.784ms returns FALSE
T9B44 160:562.736 JLINK_IsHalted()
T9B44 160:565.264 - 2.522ms returns FALSE
T9B44 160:565.328 JLINK_IsHalted()
T9B44 160:565.904 - 0.575ms returns FALSE
T9B44 160:672.800 JLINK_IsHalted()
T9B44 160:675.408 - 2.601ms returns FALSE
T9B44 160:675.824 JLINK_IsHalted()
T9B44 160:676.704 - 0.877ms returns FALSE
T9B44 160:781.520 JLINK_IsHalted()
T9B44 160:781.968 - 0.438ms returns FALSE
T9B44 160:781.984 JLINK_IsHalted()
T9B44 160:782.400 - 0.409ms returns FALSE
T9B44 160:890.752 JLINK_IsHalted()
T9B44 160:891.312 - 0.553ms returns FALSE
T9B44 160:891.344 JLINK_IsHalted()
T9B44 160:891.760 - 0.425ms returns FALSE
T9B44 161:000.992 JLINK_IsHalted()
T9B44 161:001.632 - 0.646ms returns FALSE
T9B44 161:001.680 JLINK_IsHalted()
T9B44 161:002.256 - 0.581ms returns FALSE
T778C 161:102.624 JLINK_IsHalted()
T778C 161:103.168 - 0.541ms returns FALSE
T778C 161:103.200 JLINK_IsHalted()
T778C 161:103.680 - 0.473ms returns FALSE
T9B44 161:110.432 JLINK_IsHalted()
T9B44 161:111.008 - 0.569ms returns FALSE
T9B44 161:111.056 JLINK_IsHalted()
T9B44 161:111.392 - 0.356ms returns FALSE
T9B44 161:219.664 JLINK_IsHalted()
T9B44 161:222.176 - 2.499ms returns FALSE
T9B44 161:222.192 JLINK_IsHalted()
T9B44 161:222.624 - 0.428ms returns FALSE
T9B44 161:328.960 JLINK_IsHalted()
T9B44 161:329.456 - 0.495ms returns FALSE
T9B44 161:329.488 JLINK_IsHalted()
T9B44 161:329.920 - 0.444ms returns FALSE
T9B44 161:437.792 JLINK_IsHalted()
T9B44 161:438.416 - 0.601ms returns FALSE
T9B44 161:438.448 JLINK_IsHalted()
T9B44 161:439.056 - 0.593ms returns FALSE
T9B44 161:547.728 JLINK_IsHalted()
T9B44 161:548.336 - 0.604ms returns FALSE
T9B44 161:548.352 JLINK_IsHalted()
T9B44 161:548.832 - 0.481ms returns FALSE
T9B44 161:656.752 JLINK_IsHalted()
T9B44 161:657.136 - 0.387ms returns FALSE
T9B44 161:657.152 JLINK_IsHalted()
T9B44 161:657.488 - 0.325ms returns FALSE
T9B44 161:766.672 JLINK_IsHalted()
T9B44 161:767.120 - 0.450ms returns FALSE
T9B44 161:767.136 JLINK_IsHalted()
T9B44 161:767.520 - 0.388ms returns FALSE
T9B44 161:876.064 JLINK_IsHalted()
T9B44 161:876.816 - 0.739ms returns FALSE
T9B44 161:876.864 JLINK_IsHalted()
T9B44 161:877.536 - 0.660ms returns FALSE
T9B44 161:985.264 JLINK_IsHalted()
T9B44 161:988.000 - 2.728ms returns FALSE
T9B44 161:988.080 JLINK_IsHalted()
T9B44 161:988.784 - 0.700ms returns FALSE
T9B44 162:094.848 JLINK_IsHalted()
T9B44 162:095.456 - 0.603ms returns FALSE
T9B44 162:095.520 JLINK_IsHalted()
T9B44 162:095.936 - 0.419ms returns FALSE
T778C 162:105.536 JLINK_IsHalted()
T778C 162:106.320 - 0.781ms returns FALSE
T778C 162:106.368 JLINK_IsHalted()
T778C 162:108.880 - 2.497ms returns FALSE
T9B44 162:204.144 JLINK_IsHalted()
T9B44 162:204.864 - 0.714ms returns FALSE
T9B44 162:204.912 JLINK_IsHalted()
T9B44 162:205.456 - 0.542ms returns FALSE
T9B44 162:313.120 JLINK_IsHalted()
T9B44 162:313.632 - 0.506ms returns FALSE
T9B44 162:313.648 JLINK_IsHalted()
T9B44 162:313.984 - 0.337ms returns FALSE
T9B44 162:422.176 JLINK_IsHalted()
T9B44 162:423.008 - 0.834ms returns FALSE
T9B44 162:423.072 JLINK_IsHalted()
T9B44 162:424.704 - 1.638ms returns FALSE
T9B44 162:531.952 JLINK_IsHalted()
T9B44 162:532.576 - 0.624ms returns FALSE
T9B44 162:532.640 JLINK_IsHalted()
T9B44 162:533.056 - 0.415ms returns FALSE
T9B44 162:640.768 JLINK_IsHalted()
T9B44 162:641.232 - 0.462ms returns FALSE
T9B44 162:641.264 JLINK_IsHalted()
T9B44 162:641.568 - 0.309ms returns FALSE
T9B44 162:751.072 JLINK_IsHalted()
T9B44 162:751.728 - 0.655ms returns FALSE
T9B44 162:751.760 JLINK_IsHalted()
T9B44 162:752.224 - 0.469ms returns FALSE
T9B44 162:859.728 JLINK_IsHalted()
T9B44 162:860.336 - 0.624ms returns FALSE
T9B44 162:860.384 JLINK_IsHalted()
T9B44 162:860.832 - 0.441ms returns FALSE
T9B44 162:969.680 JLINK_IsHalted()
T9B44 162:970.128 - 0.442ms returns FALSE
T9B44 162:970.144 JLINK_IsHalted()
T9B44 162:970.624 - 0.475ms returns FALSE
T9B44 163:079.072 JLINK_IsHalted()
T9B44 163:079.584 - 0.495ms returns FALSE
T9B44 163:079.616 JLINK_IsHalted()
T9B44 163:080.000 - 0.385ms returns FALSE
T778C 163:109.984 JLINK_IsHalted()
T778C 163:110.688 - 0.690ms returns FALSE
T778C 163:110.704 JLINK_IsHalted()
T778C 163:111.200 - 0.496ms returns FALSE
T9B44 163:188.464 JLINK_IsHalted()
T9B44 163:189.152 - 0.686ms returns FALSE
T9B44 163:189.184 JLINK_IsHalted()
T9B44 163:189.696 - 0.515ms returns FALSE
T9B44 163:297.152 JLINK_IsHalted()
T9B44 163:298.080 - 0.935ms returns FALSE
T9B44 163:298.128 JLINK_IsHalted()
T9B44 163:298.656 - 0.529ms returns FALSE
T9B44 163:406.400 JLINK_IsHalted()
T9B44 163:407.008 - 0.602ms returns FALSE
T9B44 163:407.056 JLINK_IsHalted()
T9B44 163:407.408 - 0.362ms returns FALSE
T9B44 163:517.344 JLINK_IsHalted()
T9B44 163:518.080 - 0.744ms returns FALSE
T9B44 163:518.208 JLINK_IsHalted()
T9B44 163:519.040 - 0.837ms returns FALSE
T9B44 163:625.312 JLINK_IsHalted()
T9B44 163:625.776 - 0.470ms returns FALSE
T9B44 163:625.808 JLINK_IsHalted()
T9B44 163:626.208 - 0.415ms returns FALSE
T9B44 163:734.912 JLINK_IsHalted()
T9B44 163:735.424 - 0.513ms returns FALSE
T9B44 163:735.456 JLINK_IsHalted()
T9B44 163:735.920 - 0.473ms returns FALSE
T9B44 163:844.064 JLINK_IsHalted()
T9B44 163:844.560 - 0.486ms returns FALSE
T9B44 163:844.608 JLINK_IsHalted()
T9B44 163:845.184 - 0.575ms returns FALSE
T9B44 163:953.936 JLINK_IsHalted()
T9B44 163:956.704 - 2.776ms returns FALSE
T9B44 163:956.800 JLINK_IsHalted()
T9B44 163:960.688 - 3.893ms returns FALSE
T9B44 164:062.688 JLINK_IsHalted()
T9B44 164:063.216 - 0.522ms returns FALSE
T9B44 164:063.248 JLINK_IsHalted()
T9B44 164:063.600 - 0.350ms returns FALSE
T778C 164:112.304 JLINK_IsHalted()
T778C 164:112.800 - 0.491ms returns FALSE
T778C 164:112.832 JLINK_IsHalted()
T778C 164:113.328 - 0.497ms returns FALSE
T9B44 164:172.560 JLINK_IsHalted()
T9B44 164:172.960 - 0.417ms returns FALSE
T9B44 164:172.992 JLINK_IsHalted()
T9B44 164:173.328 - 0.331ms returns FALSE
T9B44 164:282.048 JLINK_IsHalted()
T9B44 164:282.480 - 0.433ms returns FALSE
T9B44 164:282.512 JLINK_IsHalted()
T9B44 164:282.864 - 0.353ms returns FALSE
T9B44 164:391.536 JLINK_IsHalted()
T9B44 164:392.208 - 0.665ms returns FALSE
T9B44 164:392.224 JLINK_IsHalted()
T9B44 164:392.624 - 0.398ms returns FALSE
T9B44 164:500.512 JLINK_IsHalted()
T9B44 164:500.960 - 0.428ms returns FALSE
T9B44 164:500.960 JLINK_IsHalted()
T9B44 164:501.360 - 0.396ms returns FALSE
T9B44 164:610.096 JLINK_IsHalted()
T9B44 164:610.720 - 0.622ms returns FALSE
T9B44 164:610.752 JLINK_IsHalted()
T9B44 164:611.104 - 0.353ms returns FALSE
T9B44 164:719.312 JLINK_IsHalted()
T9B44 164:719.936 - 0.628ms returns FALSE
T9B44 164:719.984 JLINK_IsHalted()
T9B44 164:720.432 - 0.453ms returns FALSE
T9B44 164:829.168 JLINK_IsHalted()
T9B44 164:829.664 - 0.511ms returns FALSE
T9B44 164:829.696 JLINK_IsHalted()
T9B44 164:830.192 - 0.497ms returns FALSE
T9B44 164:938.128 JLINK_IsHalted()
T9B44 164:938.688 - 0.556ms returns FALSE
T9B44 164:938.720 JLINK_IsHalted()
T9B44 164:939.312 - 0.594ms returns FALSE
T9B44 165:047.920 JLINK_IsHalted()
T9B44 165:048.880 - 0.961ms returns FALSE
T9B44 165:048.992 JLINK_IsHalted()
T9B44 165:049.616 - 0.615ms returns FALSE
T778C 165:115.424 JLINK_IsHalted()
T778C 165:116.416 - 0.982ms returns FALSE
T778C 165:116.464 JLINK_IsHalted()
T778C 165:117.120 - 0.652ms returns FALSE
T9B44 165:157.280 JLINK_IsHalted()
T9B44 165:158.048 - 0.779ms returns FALSE
T9B44 165:158.112 JLINK_IsHalted()
T9B44 165:158.640 - 0.535ms returns FALSE
T9B44 165:266.784 JLINK_IsHalted()
T9B44 165:267.312 - 0.525ms returns FALSE
T9B44 165:267.376 JLINK_IsHalted()
T9B44 165:267.872 - 0.491ms returns FALSE
T9B44 165:375.824 JLINK_IsHalted()
T9B44 165:376.288 - 0.452ms returns FALSE
T9B44 165:376.288 JLINK_IsHalted()
T9B44 165:376.624 - 0.322ms returns FALSE
T9B44 165:485.408 JLINK_IsHalted()
T9B44 165:487.360 - 1.959ms returns FALSE
T9B44 165:487.424 JLINK_IsHalted()
T9B44 165:489.120 - 1.686ms returns FALSE
T9B44 165:594.464 JLINK_IsHalted()
T9B44 165:595.040 - 0.564ms returns FALSE
T9B44 165:595.056 JLINK_IsHalted()
T9B44 165:595.648 - 0.577ms returns FALSE
T9B44 165:703.712 JLINK_IsHalted()
T9B44 165:704.256 - 0.536ms returns FALSE
T9B44 165:704.304 JLINK_IsHalted()
T9B44 165:704.736 - 0.433ms returns FALSE
T9B44 165:813.216 JLINK_IsHalted()
T9B44 165:813.712 - 0.499ms returns FALSE
T9B44 165:813.728 JLINK_IsHalted()
T9B44 165:814.048 - 0.325ms returns FALSE
T9B44 165:922.912 JLINK_IsHalted()
T9B44 165:925.088 - 2.170ms returns FALSE
T9B44 165:925.152 JLINK_IsHalted()
T9B44 165:925.616 - 0.470ms returns FALSE
T9B44 166:031.744 JLINK_IsHalted()
T9B44 166:032.224 - 0.469ms returns FALSE
T9B44 166:032.272 JLINK_IsHalted()
T9B44 166:032.832 - 0.574ms returns FALSE
T778C 166:119.760 JLINK_IsHalted()
T778C 166:120.320 - 0.568ms returns FALSE
T778C 166:120.352 JLINK_IsHalted()
T778C 166:120.800 - 0.429ms returns FALSE
T9B44 166:141.984 JLINK_IsHalted()
T9B44 166:142.512 - 0.517ms returns FALSE
T9B44 166:142.560 JLINK_IsHalted()
T9B44 166:143.040 - 0.489ms returns FALSE
T9B44 166:250.592 JLINK_IsHalted()
T9B44 166:251.392 - 0.797ms returns FALSE
T9B44 166:251.424 JLINK_IsHalted()
T9B44 166:252.000 - 0.566ms returns FALSE
T9B44 166:360.272 JLINK_IsHalted()
T9B44 166:362.480 - 2.215ms returns FALSE
T9B44 166:362.592 JLINK_IsHalted()
T9B44 166:363.152 - 0.563ms returns FALSE
T9B44 166:468.928 JLINK_IsHalted()
T9B44 166:469.536 - 0.611ms returns FALSE
T9B44 166:469.568 JLINK_IsHalted()
T9B44 166:470.128 - 0.558ms returns FALSE
T9B44 166:578.720 JLINK_IsHalted()
T9B44 166:580.688 - 1.951ms returns FALSE
T9B44 166:580.752 JLINK_IsHalted()
T9B44 166:582.544 - 1.790ms returns FALSE
T9B44 166:688.544 JLINK_IsHalted()
T9B44 166:689.168 - 0.606ms returns FALSE
T9B44 166:689.200 JLINK_IsHalted()
T9B44 166:689.760 - 0.554ms returns FALSE
T9B44 166:797.696 JLINK_IsHalted()
T9B44 166:800.288 - 2.601ms returns FALSE
T9B44 166:800.336 JLINK_IsHalted()
T9B44 166:800.880 - 0.541ms returns FALSE
T9B44 166:907.280 JLINK_IsHalted()
T9B44 166:908.576 - 1.297ms returns FALSE
T9B44 166:908.624 JLINK_IsHalted()
T9B44 166:910.192 - 1.565ms returns FALSE
T9B44 167:016.352 JLINK_IsHalted()
T9B44 167:016.992 - 0.627ms returns FALSE
T9B44 167:017.024 JLINK_IsHalted()
T9B44 167:017.440 - 0.430ms returns FALSE
T778C 167:121.712 JLINK_IsHalted()
T778C 167:122.272 - 0.544ms returns FALSE
T778C 167:122.304 JLINK_IsHalted()
T778C 167:123.984 - 1.676ms returns FALSE
T9B44 167:125.584 JLINK_IsHalted()
T9B44 167:126.096 - 0.508ms returns FALSE
T9B44 167:126.128 JLINK_IsHalted()
T9B44 167:126.528 - 0.401ms returns FALSE
T9B44 167:235.296 JLINK_IsHalted()
T9B44 167:235.936 - 0.633ms returns FALSE
T9B44 167:235.968 JLINK_IsHalted()
T9B44 167:236.448 - 0.480ms returns FALSE
T9B44 167:344.896 JLINK_IsHalted()
T9B44 167:346.864 - 1.969ms returns FALSE
T9B44 167:346.928 JLINK_IsHalted()
T9B44 167:347.536 - 0.601ms returns FALSE
T9B44 167:453.744 JLINK_IsHalted()
T9B44 167:454.480 - 0.718ms returns FALSE
T9B44 167:454.512 JLINK_IsHalted()
T9B44 167:454.944 - 0.440ms returns FALSE
T9B44 167:562.784 JLINK_IsHalted()
T9B44 167:563.488 - 0.702ms returns FALSE
T9B44 167:563.552 JLINK_IsHalted()
T9B44 167:564.176 - 0.616ms returns FALSE
T9B44 167:672.672 JLINK_IsHalted()
T9B44 167:673.472 - 0.798ms returns FALSE
T9B44 167:673.504 JLINK_IsHalted()
T9B44 167:674.512 - 1.003ms returns FALSE
T9B44 167:782.272 JLINK_IsHalted()
T9B44 167:782.832 - 0.564ms returns FALSE
T9B44 167:782.880 JLINK_IsHalted()
T9B44 167:783.392 - 0.530ms returns FALSE
T9B44 167:891.456 JLINK_IsHalted()
T9B44 167:892.016 - 0.563ms returns FALSE
T9B44 167:892.064 JLINK_IsHalted()
T9B44 167:892.512 - 0.450ms returns FALSE
T9B44 168:000.656 JLINK_IsHalted()
T9B44 168:001.232 - 0.574ms returns FALSE
T9B44 168:001.264 JLINK_IsHalted()
T9B44 168:001.728 - 0.462ms returns FALSE
T9B44 168:109.568 JLINK_IsHalted()
T9B44 168:110.144 - 0.579ms returns FALSE
T9B44 168:110.176 JLINK_IsHalted()
T9B44 168:110.768 - 0.578ms returns FALSE
T778C 168:124.464 JLINK_IsHalted()
T778C 168:125.040 - 0.575ms returns FALSE
T778C 168:125.088 JLINK_IsHalted()
T778C 168:125.600 - 0.504ms returns FALSE
T9B44 168:219.408 JLINK_IsHalted()
T9B44 168:219.936 - 0.515ms returns FALSE
T9B44 168:219.968 JLINK_IsHalted()
T9B44 168:220.384 - 0.401ms returns FALSE
T9B44 168:328.736 JLINK_IsHalted()
T9B44 168:329.248 - 0.501ms returns FALSE
T9B44 168:329.280 JLINK_IsHalted()
T9B44 168:329.792 - 0.515ms returns FALSE
T9B44 168:437.712 JLINK_IsHalted()
T9B44 168:439.968 - 2.263ms returns FALSE
T9B44 168:440.032 JLINK_IsHalted()
T9B44 168:440.544 - 0.500ms returns FALSE
T9B44 168:547.424 JLINK_IsHalted()
T9B44 168:548.624 - 1.192ms returns FALSE
T9B44 168:548.672 JLINK_IsHalted()
T9B44 168:550.688 - 2.018ms returns FALSE
T9B44 168:657.072 JLINK_IsHalted()
T9B44 168:657.648 - 0.566ms returns FALSE
T9B44 168:657.696 JLINK_IsHalted()
T9B44 168:658.368 - 0.666ms returns FALSE
T9B44 168:766.288 JLINK_IsHalted()
T9B44 168:766.928 - 0.630ms returns FALSE
T9B44 168:766.960 JLINK_IsHalted()
T9B44 168:767.376 - 0.413ms returns FALSE
T9B44 168:875.680 JLINK_IsHalted()
T9B44 168:876.320 - 0.639ms returns FALSE
T9B44 168:876.352 JLINK_IsHalted()
T9B44 168:876.768 - 0.397ms returns FALSE
T9B44 168:985.408 JLINK_IsHalted()
T9B44 168:986.032 - 0.620ms returns FALSE
T9B44 168:986.080 JLINK_IsHalted()
T9B44 168:986.528 - 0.462ms returns FALSE
T9B44 169:094.256 JLINK_IsHalted()
T9B44 169:094.784 - 0.525ms returns FALSE
T9B44 169:094.816 JLINK_IsHalted()
T9B44 169:095.408 - 0.601ms returns FALSE
T778C 169:126.512 JLINK_IsHalted()
T778C 169:126.944 - 0.427ms returns FALSE
T778C 169:126.960 JLINK_IsHalted()
T778C 169:127.408 - 0.448ms returns FALSE
T9B44 169:203.616 JLINK_IsHalted()
T9B44 169:204.576 - 0.948ms returns FALSE
T9B44 169:204.640 JLINK_IsHalted()
T9B44 169:205.488 - 0.838ms returns FALSE
T9B44 169:312.864 JLINK_IsHalted()
T9B44 169:313.408 - 0.533ms returns FALSE
T9B44 169:313.568 JLINK_IsHalted()
T9B44 169:314.192 - 0.622ms returns FALSE
T9B44 169:422.976 JLINK_IsHalted()
T9B44 169:423.648 - 0.679ms returns FALSE
T9B44 169:423.712 JLINK_IsHalted()
T9B44 169:424.240 - 0.519ms returns FALSE
T9B44 169:531.456 JLINK_IsHalted()
T9B44 169:533.520 - 2.055ms returns FALSE
T9B44 169:533.568 JLINK_IsHalted()
T9B44 169:534.160 - 0.587ms returns FALSE
T9B44 169:641.456 JLINK_IsHalted()
T9B44 169:642.144 - 0.676ms returns FALSE
T9B44 169:642.208 JLINK_IsHalted()
T9B44 169:643.040 - 0.831ms returns FALSE
T9B44 169:751.072 JLINK_IsHalted()
T9B44 169:751.888 - 0.800ms returns FALSE
T9B44 169:751.984 JLINK_IsHalted()
T9B44 169:752.672 - 0.688ms returns FALSE
T9B44 169:859.936 JLINK_IsHalted()
T9B44 169:860.896 - 0.943ms returns FALSE
T9B44 169:860.976 JLINK_IsHalted()
T9B44 169:861.456 - 0.471ms returns FALSE
T9B44 169:969.296 JLINK_IsHalted()
T9B44 169:969.888 - 0.595ms returns FALSE
T9B44 169:969.920 JLINK_IsHalted()
T9B44 169:970.336 - 0.417ms returns FALSE
T9B44 170:079.008 JLINK_IsHalted()
T9B44 170:079.504 - 0.488ms returns FALSE
T9B44 170:079.552 JLINK_IsHalted()
T9B44 170:080.096 - 0.556ms returns FALSE
T778C 170:128.144 JLINK_IsHalted()
T778C 170:128.768 - 0.631ms returns FALSE
T778C 170:128.816 JLINK_IsHalted()
T778C 170:129.344 - 0.526ms returns FALSE
T9B44 170:188.160 JLINK_IsHalted()
T9B44 170:189.312 - 1.150ms returns FALSE
T9B44 170:189.344 JLINK_IsHalted()
T9B44 170:189.792 - 0.454ms returns FALSE
T9B44 170:297.024 JLINK_IsHalted()
T9B44 170:297.568 - 0.550ms returns FALSE
T9B44 170:297.616 JLINK_IsHalted()
T9B44 170:298.112 - 0.497ms returns FALSE
T9B44 170:406.560 JLINK_IsHalted()
T9B44 170:409.488 - 2.935ms returns FALSE
T9B44 170:409.536 JLINK_IsHalted()
T9B44 170:410.080 - 0.555ms returns FALSE
T9B44 170:516.944 JLINK_IsHalted()
T9B44 170:517.616 - 0.667ms returns FALSE
T9B44 170:517.664 JLINK_IsHalted()
T9B44 170:518.224 - 0.565ms returns FALSE
T9B44 170:626.208 JLINK_IsHalted()
T9B44 170:632.512 - 6.296ms returns FALSE
T9B44 170:632.544 JLINK_IsHalted()
T9B44 170:634.112 - 1.560ms returns FALSE
T9B44 170:735.072 JLINK_IsHalted()
T9B44 170:735.552 - 0.464ms returns FALSE
T9B44 170:735.584 JLINK_IsHalted()
T9B44 170:736.032 - 0.444ms returns FALSE
T9B44 170:844.256 JLINK_IsHalted()
T9B44 170:844.704 - 0.443ms returns FALSE
T9B44 170:844.720 JLINK_IsHalted()
T9B44 170:845.120 - 0.405ms returns FALSE
T9B44 170:953.408 JLINK_IsHalted()
T9B44 170:954.032 - 0.634ms returns FALSE
T9B44 170:954.080 JLINK_IsHalted()
T9B44 170:954.560 - 0.491ms returns FALSE
T9B44 171:062.976 JLINK_IsHalted()
T9B44 171:063.584 - 0.615ms returns FALSE
T9B44 171:063.664 JLINK_IsHalted()
T9B44 171:064.352 - 0.687ms returns FALSE
T778C 171:130.144 JLINK_IsHalted()
T778C 171:130.816 - 0.669ms returns FALSE
T778C 171:130.864 JLINK_IsHalted()
T778C 171:131.280 - 0.416ms returns FALSE
T9B44 171:172.080 JLINK_IsHalted()
T9B44 171:172.544 - 0.456ms returns FALSE
T9B44 171:172.592 JLINK_IsHalted()
T9B44 171:173.024 - 0.430ms returns FALSE
T9B44 171:281.952 JLINK_IsHalted()
T9B44 171:282.480 - 0.540ms returns FALSE
T9B44 171:282.528 JLINK_IsHalted()
T9B44 171:283.184 - 0.661ms returns FALSE
T9B44 171:390.880 JLINK_IsHalted()
T9B44 171:391.424 - 0.533ms returns FALSE
T9B44 171:391.456 JLINK_IsHalted()
T9B44 171:391.936 - 0.493ms returns FALSE
T9B44 171:500.192 JLINK_IsHalted()
T9B44 171:500.656 - 0.468ms returns FALSE
T9B44 171:500.704 JLINK_IsHalted()
T9B44 171:501.344 - 0.645ms returns FALSE
T9B44 171:610.352 JLINK_IsHalted()
T9B44 171:610.848 - 0.477ms returns FALSE
T9B44 171:610.880 JLINK_IsHalted()
T9B44 171:611.360 - 0.482ms returns FALSE
T9B44 171:719.632 JLINK_IsHalted()
T9B44 171:720.224 - 0.583ms returns FALSE
T9B44 171:720.256 JLINK_IsHalted()
T9B44 171:720.848 - 0.586ms returns FALSE
T9B44 171:828.768 JLINK_IsHalted()
T9B44 171:829.600 - 0.824ms returns FALSE
T9B44 171:829.696 JLINK_IsHalted()
T9B44 171:830.368 - 0.674ms returns FALSE
T9B44 171:938.144 JLINK_IsHalted()
T9B44 171:939.056 - 0.899ms returns FALSE
T9B44 171:939.152 JLINK_IsHalted()
T9B44 171:939.872 - 0.735ms returns FALSE
T9B44 172:047.552 JLINK_IsHalted()
T9B44 172:048.304 - 0.760ms returns FALSE
T9B44 172:048.384 JLINK_IsHalted()
T9B44 172:048.896 - 0.511ms returns FALSE
T778C 172:132.784 JLINK_IsHalted()
T778C 172:133.984 - 1.189ms returns FALSE
T778C 172:134.208 JLINK_IsHalted()
T778C 172:134.832 - 0.623ms returns FALSE
T9B44 172:157.008 JLINK_IsHalted()
T9B44 172:159.968 - 2.967ms returns FALSE
T9B44 172:160.080 JLINK_IsHalted()
T9B44 172:161.056 - 0.988ms returns FALSE
T9B44 172:265.824 JLINK_IsHalted()
T9B44 172:266.544 - 0.732ms returns FALSE
T9B44 172:266.592 JLINK_IsHalted()
T9B44 172:267.280 - 0.697ms returns FALSE
T9B44 172:375.264 JLINK_IsHalted()
T9B44 172:376.224 - 0.949ms returns FALSE
T9B44 172:376.272 JLINK_IsHalted()
T9B44 172:376.896 - 0.631ms returns FALSE
T9B44 172:485.104 JLINK_IsHalted()
T9B44 172:486.400 - 1.294ms returns FALSE
T9B44 172:486.496 JLINK_IsHalted()
T9B44 172:487.488 - 0.985ms returns FALSE
T9B44 172:595.744 JLINK_IsHalted()
T9B44 172:596.832 - 1.096ms returns FALSE
T9B44 172:597.024 JLINK_IsHalted()
T9B44 172:598.112 - 1.083ms returns FALSE
T9B44 172:703.936 JLINK_IsHalted()
T9B44 172:704.496 - 0.555ms returns FALSE
T9B44 172:704.544 JLINK_IsHalted()
T9B44 172:704.944 - 0.411ms returns FALSE
T9B44 172:813.600 JLINK_IsHalted()
T9B44 172:814.592 - 0.997ms returns FALSE
T9B44 172:814.688 JLINK_IsHalted()
T9B44 172:815.520 - 0.837ms returns FALSE
T9B44 172:922.496 JLINK_IsHalted()
T9B44 172:925.424 - 2.929ms returns FALSE
T9B44 172:925.520 JLINK_IsHalted()
T9B44 172:926.304 - 0.777ms returns FALSE
T9B44 173:032.256 JLINK_IsHalted()
T9B44 173:032.880 - 0.633ms returns FALSE
T9B44 173:032.928 JLINK_IsHalted()
T9B44 173:033.616 - 0.686ms returns FALSE
T778C 173:136.016 JLINK_IsHalted()
T778C 173:138.160 - 2.153ms returns FALSE
T778C 173:138.208 JLINK_IsHalted()
T778C 173:138.592 - 0.380ms returns FALSE
T9B44 173:141.200 JLINK_IsHalted()
T9B44 173:141.680 - 0.494ms returns FALSE
T9B44 173:141.728 JLINK_IsHalted()
T9B44 173:142.256 - 0.533ms returns FALSE
T9B44 173:250.976 JLINK_IsHalted()
T9B44 173:251.456 - 0.475ms returns FALSE
T9B44 173:251.488 JLINK_IsHalted()
T9B44 173:251.904 - 0.409ms returns FALSE
T9B44 173:359.456 JLINK_IsHalted()
T9B44 173:359.888 - 0.418ms returns FALSE
T9B44 173:359.904 JLINK_IsHalted()
T9B44 173:360.288 - 0.386ms returns FALSE
T9B44 173:469.056 JLINK_IsHalted()
T9B44 173:469.616 - 0.566ms returns FALSE
T9B44 173:469.648 JLINK_IsHalted()
T9B44 173:470.048 - 0.421ms returns FALSE
T9B44 173:578.912 JLINK_IsHalted()
T9B44 173:579.408 - 0.500ms returns FALSE
T9B44 173:579.440 JLINK_IsHalted()
T9B44 173:579.904 - 0.460ms returns FALSE
T9B44 173:687.648 JLINK_IsHalted()
T9B44 173:688.352 - 0.699ms returns FALSE
T9B44 173:688.352 JLINK_IsHalted()
T9B44 173:688.832 - 0.468ms returns FALSE
T9B44 173:797.520 JLINK_IsHalted()
T9B44 173:798.096 - 0.567ms returns FALSE
T9B44 173:798.112 JLINK_IsHalted()
T9B44 173:798.640 - 0.526ms returns FALSE
T9B44 173:907.024 JLINK_IsHalted()
T9B44 173:907.520 - 0.494ms returns FALSE
T9B44 173:907.552 JLINK_IsHalted()
T9B44 173:908.000 - 0.441ms returns FALSE
T9B44 174:016.512 JLINK_IsHalted()
T9B44 174:016.944 - 0.427ms returns FALSE
T9B44 174:016.976 JLINK_IsHalted()
T9B44 174:017.376 - 0.410ms returns FALSE
T9B44 174:125.312 JLINK_IsHalted()
T9B44 174:125.904 - 0.587ms returns FALSE
T9B44 174:125.920 JLINK_IsHalted()
T9B44 174:126.544 - 0.616ms returns FALSE
T778C 174:138.592 JLINK_IsHalted()
T778C 174:138.976 - 0.384ms returns FALSE
T778C 174:138.992 JLINK_IsHalted()
T778C 174:139.344 - 0.342ms returns FALSE
T9B44 174:235.056 JLINK_IsHalted()
T9B44 174:235.488 - 0.433ms returns FALSE
T9B44 174:235.520 JLINK_IsHalted()
T9B44 174:235.872 - 0.345ms returns FALSE
T9B44 174:344.256 JLINK_IsHalted()
T9B44 174:344.816 - 0.555ms returns FALSE
T9B44 174:344.864 JLINK_IsHalted()
T9B44 174:345.424 - 0.560ms returns FALSE
T9B44 174:453.920 JLINK_IsHalted()
T9B44 174:454.304 - 0.373ms returns FALSE
T9B44 174:454.320 JLINK_IsHalted()
T9B44 174:454.800 - 0.475ms returns FALSE
T9B44 174:563.632 JLINK_IsHalted()
T9B44 174:564.432 - 0.800ms returns FALSE
T9B44 174:564.496 JLINK_IsHalted()
T9B44 174:566.560 - 2.063ms returns FALSE
T9B44 174:672.672 JLINK_IsHalted()
T9B44 174:673.152 - 0.474ms returns FALSE
T9B44 174:673.184 JLINK_IsHalted()
T9B44 174:673.712 - 0.537ms returns FALSE
T9B44 174:781.792 JLINK_IsHalted()
T9B44 174:782.320 - 0.527ms returns FALSE
T9B44 174:782.352 JLINK_IsHalted()
T9B44 174:782.736 - 0.375ms returns FALSE
T9B44 174:891.008 JLINK_IsHalted()
T9B44 174:891.600 - 0.587ms returns FALSE
T9B44 174:891.632 JLINK_IsHalted()
T9B44 174:892.080 - 0.449ms returns FALSE
T9B44 175:000.480 JLINK_IsHalted()
T9B44 175:000.928 - 0.462ms returns FALSE
T9B44 175:000.960 JLINK_IsHalted()
T9B44 175:001.424 - 0.462ms returns FALSE
T9B44 175:109.648 JLINK_IsHalted()
T9B44 175:110.304 - 0.663ms returns FALSE
T9B44 175:110.352 JLINK_IsHalted()
T9B44 175:110.816 - 0.469ms returns FALSE
T778C 175:138.912 JLINK_IsHalted()
T778C 175:139.552 - 0.651ms returns FALSE
T778C 175:139.600 JLINK_IsHalted()
T778C 175:139.968 - 0.380ms returns FALSE
T9B44 175:219.184 JLINK_IsHalted()
T9B44 175:219.808 - 0.635ms returns FALSE
T9B44 175:219.856 JLINK_IsHalted()
T9B44 175:220.320 - 0.463ms returns FALSE
T9B44 175:328.928 JLINK_IsHalted()
T9B44 175:329.440 - 0.504ms returns FALSE
T9B44 175:329.472 JLINK_IsHalted()
T9B44 175:330.144 - 0.660ms returns FALSE
T9B44 175:437.888 JLINK_IsHalted()
T9B44 175:438.560 - 0.670ms returns FALSE
T9B44 175:438.592 JLINK_IsHalted()
T9B44 175:439.008 - 0.416ms returns FALSE
T9B44 175:547.680 JLINK_IsHalted()
T9B44 175:548.256 - 0.571ms returns FALSE
T9B44 175:548.288 JLINK_IsHalted()
T9B44 175:548.720 - 0.438ms returns FALSE
T9B44 175:656.592 JLINK_IsHalted()
T9B44 175:657.072 - 0.483ms returns FALSE
T9B44 175:657.280 JLINK_IsHalted()
T9B44 175:657.680 - 0.394ms returns FALSE
T9B44 175:766.432 JLINK_IsHalted()
T9B44 175:766.848 - 0.421ms returns FALSE
T9B44 175:766.864 JLINK_IsHalted()
T9B44 175:767.232 - 0.373ms returns FALSE
T9B44 175:875.264 JLINK_IsHalted()
T9B44 175:875.680 - 0.400ms returns FALSE
T9B44 175:875.680 JLINK_IsHalted()
T9B44 175:876.000 - 0.307ms returns FALSE
T9B44 175:985.296 JLINK_IsHalted()
T9B44 175:985.744 - 0.445ms returns FALSE
T9B44 175:985.760 JLINK_IsHalted()
T9B44 175:986.064 - 0.298ms returns FALSE
T9B44 176:094.624 JLINK_IsHalted()
T9B44 176:095.008 - 0.391ms returns FALSE
T9B44 176:095.024 JLINK_IsHalted()
T9B44 176:095.360 - 0.335ms returns FALSE
T778C 176:140.128 JLINK_IsHalted()
T778C 176:140.528 - 0.414ms returns FALSE
T778C 176:140.544 JLINK_IsHalted()
T778C 176:140.832 - 0.290ms returns FALSE
T9B44 176:205.728 JLINK_IsHalted()
T9B44 176:207.456 - 1.720ms returns FALSE
T9B44 176:207.648 JLINK_IsHalted()
T9B44 176:210.592 - 2.946ms returns FALSE
T9B44 176:312.816 JLINK_IsHalted()
T9B44 176:313.360 - 0.540ms returns FALSE
T9B44 176:313.376 JLINK_IsHalted()
T9B44 176:313.760 - 0.391ms returns FALSE
T9B44 176:421.984 JLINK_IsHalted()
T9B44 176:422.464 - 0.483ms returns FALSE
T9B44 176:422.480 JLINK_IsHalted()
T9B44 176:422.816 - 0.342ms returns FALSE
T9B44 176:531.744 JLINK_IsHalted()
T9B44 176:532.160 - 0.407ms returns FALSE
T9B44 176:532.176 JLINK_IsHalted()
T9B44 176:532.464 - 0.291ms returns FALSE
T9B44 176:641.664 JLINK_IsHalted()
T9B44 176:642.240 - 0.571ms returns FALSE
T9B44 176:642.256 JLINK_IsHalted()
T9B44 176:642.672 - 0.424ms returns FALSE
T9B44 176:750.304 JLINK_IsHalted()
T9B44 176:750.704 - 0.411ms returns FALSE
T9B44 176:750.720 JLINK_IsHalted()
T9B44 176:751.136 - 0.410ms returns FALSE
T9B44 176:859.696 JLINK_IsHalted()
T9B44 176:860.192 - 0.485ms returns FALSE
T9B44 176:860.192 JLINK_IsHalted()
T9B44 176:860.608 - 0.404ms returns FALSE
T9B44 176:969.120 JLINK_IsHalted()
T9B44 176:969.584 - 0.467ms returns FALSE
T9B44 176:969.616 JLINK_IsHalted()
T9B44 176:970.080 - 0.475ms returns FALSE
T9B44 177:079.024 JLINK_IsHalted()
T9B44 177:079.536 - 0.510ms returns FALSE
T9B44 177:079.568 JLINK_IsHalted()
T9B44 177:080.112 - 0.550ms returns FALSE
T778C 177:142.000 JLINK_IsHalted()
T778C 177:142.560 - 0.561ms returns FALSE
T778C 177:142.608 JLINK_IsHalted()
T778C 177:143.232 - 0.629ms returns FALSE
T9B44 177:188.480 JLINK_IsHalted()
T9B44 177:189.040 - 0.560ms returns FALSE
T9B44 177:189.056 JLINK_IsHalted()
T9B44 177:189.568 - 0.509ms returns FALSE
T9B44 177:297.392 JLINK_IsHalted()
T9B44 177:297.936 - 0.535ms returns FALSE
T9B44 177:297.952 JLINK_IsHalted()
T9B44 177:298.416 - 0.456ms returns FALSE
T9B44 177:406.688 JLINK_IsHalted()
T9B44 177:408.288 - 1.599ms returns FALSE
T9B44 177:408.320 JLINK_IsHalted()
T9B44 177:408.864 - 0.547ms returns FALSE
T9B44 177:515.744 JLINK_IsHalted()
T9B44 177:516.160 - 0.425ms returns FALSE
T9B44 177:516.176 JLINK_IsHalted()
T9B44 177:516.480 - 0.305ms returns FALSE
T9B44 177:625.824 JLINK_IsHalted()
T9B44 177:626.320 - 0.508ms returns FALSE
T9B44 177:626.336 JLINK_IsHalted()
T9B44 177:626.800 - 0.456ms returns FALSE
T9B44 177:735.184 JLINK_IsHalted()
T9B44 177:735.744 - 0.559ms returns FALSE
T9B44 177:735.760 JLINK_IsHalted()
T9B44 177:736.224 - 0.450ms returns FALSE
T9B44 177:843.984 JLINK_IsHalted()
T9B44 177:844.640 - 0.664ms returns FALSE
T9B44 177:844.672 JLINK_IsHalted()
T9B44 177:845.408 - 0.722ms returns FALSE
T9B44 177:953.296 JLINK_IsHalted()
T9B44 177:953.920 - 0.631ms returns FALSE
T9B44 177:954.048 JLINK_IsHalted()
T9B44 177:954.848 - 0.786ms returns FALSE
T9B44 178:062.688 JLINK_IsHalted()
T9B44 178:063.248 - 0.549ms returns FALSE
T9B44 178:063.280 JLINK_IsHalted()
T9B44 178:063.840 - 0.557ms returns FALSE
T778C 178:144.768 JLINK_IsHalted()
T778C 178:145.360 - 0.583ms returns FALSE
T778C 178:145.392 JLINK_IsHalted()
T778C 178:145.920 - 0.529ms returns FALSE
T9B44 178:172.192 JLINK_IsHalted()
T9B44 178:172.816 - 0.612ms returns FALSE
T9B44 178:172.832 JLINK_IsHalted()
T9B44 178:173.744 - 0.902ms returns FALSE
T9B44 178:282.240 JLINK_IsHalted()
T9B44 178:282.848 - 0.607ms returns FALSE
T9B44 178:282.912 JLINK_IsHalted()
T9B44 178:283.472 - 0.564ms returns FALSE
T9B44 178:391.088 JLINK_IsHalted()
T9B44 178:391.520 - 0.430ms returns FALSE
T9B44 178:391.536 JLINK_IsHalted()
T9B44 178:391.840 - 0.304ms returns FALSE
T9B44 178:500.544 JLINK_IsHalted()
T9B44 178:502.496 - 1.952ms returns FALSE
T9B44 178:502.544 JLINK_IsHalted()
T9B44 178:503.040 - 0.498ms returns FALSE
T9B44 178:610.736 JLINK_IsHalted()
T9B44 178:611.744 - 0.994ms returns FALSE
T9B44 178:611.808 JLINK_IsHalted()
T9B44 178:612.608 - 0.797ms returns FALSE
T9B44 178:719.264 JLINK_IsHalted()
T9B44 178:720.128 - 0.851ms returns FALSE
T9B44 178:720.224 JLINK_IsHalted()
T9B44 178:721.024 - 0.814ms returns FALSE
T9B44 178:828.384 JLINK_IsHalted()
T9B44 178:829.296 - 0.920ms returns FALSE
T9B44 178:829.408 JLINK_IsHalted()
T9B44 178:830.144 - 0.737ms returns FALSE
T9B44 178:938.448 JLINK_IsHalted()
T9B44 178:939.280 - 0.826ms returns FALSE
T9B44 178:939.424 JLINK_IsHalted()
T9B44 178:940.160 - 0.722ms returns FALSE
T9B44 179:047.632 JLINK_IsHalted()
T9B44 179:048.640 - 1.009ms returns FALSE
T9B44 179:048.768 JLINK_IsHalted()
T9B44 179:049.568 - 0.792ms returns FALSE
T778C 179:147.408 JLINK_IsHalted()
T778C 179:148.112 - 0.701ms returns FALSE
T778C 179:148.192 JLINK_IsHalted()
T778C 179:149.824 - 1.642ms returns FALSE
T9B44 179:157.840 JLINK_IsHalted()
T9B44 179:160.336 - 2.495ms returns FALSE
T9B44 179:160.416 JLINK_IsHalted()
T9B44 179:161.264 - 0.848ms returns FALSE
T9B44 179:266.464 JLINK_IsHalted()
T9B44 179:267.360 - 0.875ms returns FALSE
T9B44 179:267.504 JLINK_IsHalted()
T9B44 179:268.224 - 0.713ms returns FALSE
T9B44 179:375.808 JLINK_IsHalted()
T9B44 179:376.608 - 0.799ms returns FALSE
T9B44 179:376.672 JLINK_IsHalted()
T9B44 179:377.328 - 0.641ms returns FALSE
T9B44 179:484.576 JLINK_IsHalted()
T9B44 179:485.552 - 0.988ms returns FALSE
T9B44 179:485.664 JLINK_IsHalted()
T9B44 179:486.464 - 0.801ms returns FALSE
T9B44 179:595.040 JLINK_IsHalted()
T9B44 179:595.712 - 0.663ms returns FALSE
T9B44 179:595.808 JLINK_IsHalted()
T9B44 179:596.544 - 0.747ms returns FALSE
T9B44 179:703.472 JLINK_IsHalted()
T9B44 179:704.224 - 0.730ms returns FALSE
T9B44 179:704.288 JLINK_IsHalted()
T9B44 179:705.104 - 0.816ms returns FALSE
T9B44 179:813.248 JLINK_IsHalted()
T9B44 179:814.144 - 0.890ms returns FALSE
T9B44 179:814.240 JLINK_IsHalted()
T9B44 179:815.072 - 0.822ms returns FALSE
T9B44 179:923.168 JLINK_IsHalted()
T9B44 179:924.064 - 0.913ms returns FALSE
T9B44 179:924.128 JLINK_IsHalted()
T9B44 179:925.904 - 1.763ms returns FALSE
T9B44 180:032.496 JLINK_IsHalted()
T9B44 180:033.440 - 0.922ms returns FALSE
T9B44 180:033.520 JLINK_IsHalted()
T9B44 180:034.336 - 0.817ms returns FALSE
T9B44 180:141.072 JLINK_IsHalted()
T9B44 180:141.520 - 0.451ms returns FALSE
T9B44 180:141.536 JLINK_IsHalted()
T9B44 180:141.984 - 0.429ms returns FALSE
T778C 180:150.496 JLINK_IsHalted()
T778C 180:150.880 - 0.384ms returns FALSE
T778C 180:150.912 JLINK_IsHalted()
T778C 180:151.456 - 0.538ms returns FALSE
T9B44 180:251.040 JLINK_IsHalted()
T9B44 180:251.952 - 0.912ms returns FALSE
T9B44 180:251.984 JLINK_IsHalted()
T9B44 180:252.608 - 0.626ms returns FALSE
T9B44 180:359.936 JLINK_IsHalted()
T9B44 180:360.864 - 0.936ms returns FALSE
T9B44 180:360.928 JLINK_IsHalted()
T9B44 180:361.792 - 0.849ms returns FALSE
T9B44 180:468.976 JLINK_IsHalted()
T9B44 180:469.824 - 0.844ms returns FALSE
T9B44 180:469.920 JLINK_IsHalted()
T9B44 180:470.784 - 0.861ms returns FALSE
T9B44 180:578.592 JLINK_IsHalted()
T9B44 180:579.168 - 0.590ms returns FALSE
T9B44 180:579.232 JLINK_IsHalted()
T9B44 180:579.776 - 0.545ms returns FALSE
T9B44 180:690.048 JLINK_IsHalted()
T9B44 180:692.576 - 2.530ms returns FALSE
T9B44 180:692.656 JLINK_IsHalted()
T9B44 180:693.344 - 0.695ms returns FALSE
T9B44 180:797.792 JLINK_IsHalted()
T9B44 180:798.944 - 1.137ms returns FALSE
T9B44 180:799.024 JLINK_IsHalted()
T9B44 180:799.904 - 0.873ms returns FALSE
T9B44 180:906.784 JLINK_IsHalted()
T9B44 180:907.552 - 0.766ms returns FALSE
T9B44 180:907.616 JLINK_IsHalted()
T9B44 180:908.112 - 0.498ms returns FALSE
T9B44 181:016.032 JLINK_IsHalted()
T9B44 181:016.720 - 0.682ms returns FALSE
T9B44 181:016.800 JLINK_IsHalted()
T9B44 181:017.424 - 0.619ms returns FALSE
T9B44 181:125.344 JLINK_IsHalted()
T9B44 181:126.208 - 0.860ms returns FALSE
T9B44 181:126.336 JLINK_IsHalted()
T9B44 181:126.848 - 0.511ms returns FALSE
T778C 181:151.840 JLINK_IsHalted()
T778C 181:153.488 - 1.643ms returns FALSE
T778C 181:153.520 JLINK_IsHalted()
T778C 181:153.840 - 0.321ms returns FALSE
T9B44 181:234.736 JLINK_IsHalted()
T9B44 181:236.832 - 2.094ms returns FALSE
T9B44 181:236.864 JLINK_IsHalted()
T9B44 181:237.248 - 0.383ms returns FALSE
T9B44 181:344.576 JLINK_IsHalted()
T9B44 181:345.040 - 0.455ms returns FALSE
T9B44 181:345.056 JLINK_IsHalted()
T9B44 181:345.392 - 0.344ms returns FALSE
T9B44 181:454.048 JLINK_IsHalted()
T9B44 181:454.528 - 0.485ms returns FALSE
T9B44 181:454.544 JLINK_IsHalted()
T9B44 181:454.896 - 0.346ms returns FALSE
T9B44 181:563.360 JLINK_IsHalted()
T9B44 181:563.888 - 0.534ms returns FALSE
T9B44 181:563.904 JLINK_IsHalted()
T9B44 181:564.384 - 0.470ms returns FALSE
T9B44 181:672.448 JLINK_IsHalted()
T9B44 181:673.632 - 1.191ms returns FALSE
T9B44 181:673.696 JLINK_IsHalted()
T9B44 181:674.688 - 0.974ms returns FALSE
T9B44 181:782.320 JLINK_IsHalted()
T9B44 181:783.216 - 0.905ms returns FALSE
T9B44 181:783.296 JLINK_IsHalted()
T9B44 181:784.336 - 1.042ms returns FALSE
T9B44 181:891.328 JLINK_IsHalted()
T9B44 181:892.064 - 0.725ms returns FALSE
T9B44 181:892.128 JLINK_IsHalted()
T9B44 181:892.880 - 0.748ms returns FALSE
T9B44 182:001.008 JLINK_IsHalted()
T9B44 182:001.696 - 0.666ms returns FALSE
T9B44 182:001.744 JLINK_IsHalted()
T9B44 182:002.224 - 0.479ms returns FALSE
T9B44 182:110.128 JLINK_IsHalted()
T9B44 182:110.576 - 0.449ms returns FALSE
T9B44 182:110.608 JLINK_IsHalted()
T9B44 182:110.976 - 0.374ms returns FALSE
T778C 182:154.576 JLINK_IsHalted()
T778C 182:155.456 - 0.880ms returns FALSE
T778C 182:155.488 JLINK_IsHalted()
T778C 182:155.968 - 0.481ms returns FALSE
T9B44 182:219.584 JLINK_IsHalted()
T9B44 182:220.432 - 0.846ms returns FALSE
T9B44 182:220.464 JLINK_IsHalted()
T9B44 182:221.136 - 0.664ms returns FALSE
T9B44 182:329.024 JLINK_IsHalted()
T9B44 182:329.616 - 0.582ms returns FALSE
T9B44 182:329.648 JLINK_IsHalted()
T9B44 182:330.080 - 0.419ms returns FALSE
T9B44 182:437.664 JLINK_IsHalted()
T9B44 182:438.304 - 0.637ms returns FALSE
T9B44 182:438.352 JLINK_IsHalted()
T9B44 182:438.768 - 0.419ms returns FALSE
T9B44 182:547.136 JLINK_IsHalted()
T9B44 182:547.936 - 0.813ms returns FALSE
T9B44 182:548.032 JLINK_IsHalted()
T9B44 182:548.768 - 0.731ms returns FALSE
T9B44 182:657.168 JLINK_IsHalted()
T9B44 182:657.952 - 0.782ms returns FALSE
T9B44 182:658.016 JLINK_IsHalted()
T9B44 182:658.496 - 0.475ms returns FALSE
T9B44 182:766.352 JLINK_IsHalted()
T9B44 182:767.040 - 0.682ms returns FALSE
T9B44 182:767.072 JLINK_IsHalted()
T9B44 182:767.728 - 0.658ms returns FALSE
T9B44 182:876.064 JLINK_IsHalted()
T9B44 182:876.704 - 0.641ms returns FALSE
T9B44 182:876.752 JLINK_IsHalted()
T9B44 182:877.328 - 0.574ms returns FALSE
T9B44 182:985.648 JLINK_IsHalted()
T9B44 182:986.304 - 0.655ms returns FALSE
T9B44 182:986.384 JLINK_IsHalted()
T9B44 182:986.912 - 0.528ms returns FALSE
T9B44 183:094.864 JLINK_IsHalted()
T9B44 183:095.456 - 0.591ms returns FALSE
T9B44 183:095.504 JLINK_IsHalted()
T9B44 183:096.032 - 0.544ms returns FALSE
T778C 183:157.840 JLINK_IsHalted()
T778C 183:158.480 - 0.643ms returns FALSE
T778C 183:158.512 JLINK_IsHalted()
T778C 183:158.928 - 0.406ms returns FALSE
T9B44 183:203.776 JLINK_IsHalted()
T9B44 183:204.192 - 0.409ms returns FALSE
T9B44 183:204.192 JLINK_IsHalted()
T9B44 183:204.528 - 0.336ms returns FALSE
T9B44 183:313.584 JLINK_IsHalted()
T9B44 183:313.968 - 0.385ms returns FALSE
T9B44 183:313.984 JLINK_IsHalted()
T9B44 183:314.304 - 0.325ms returns FALSE
T9B44 183:422.624 JLINK_IsHalted()
T9B44 183:423.248 - 0.606ms returns FALSE
T9B44 183:423.264 JLINK_IsHalted()
T9B44 183:423.616 - 0.353ms returns FALSE
T9B44 183:532.000 JLINK_IsHalted()
T9B44 183:532.720 - 0.726ms returns FALSE
T9B44 183:532.784 JLINK_IsHalted()
T9B44 183:535.568 - 2.782ms returns FALSE
T9B44 183:641.056 JLINK_IsHalted()
T9B44 183:641.712 - 0.761ms returns FALSE
T9B44 183:641.776 JLINK_IsHalted()
T9B44 183:644.448 - 2.668ms returns FALSE
T9B44 183:751.072 JLINK_IsHalted()
T9B44 183:752.000 - 0.927ms returns FALSE
T9B44 183:752.096 JLINK_IsHalted()
T9B44 183:752.992 - 0.897ms returns FALSE
T9B44 183:860.064 JLINK_IsHalted()
T9B44 183:861.024 - 0.943ms returns FALSE
T9B44 183:861.088 JLINK_IsHalted()
T9B44 183:861.904 - 0.801ms returns FALSE
T9B44 183:970.208 JLINK_IsHalted()
T9B44 183:970.864 - 0.654ms returns FALSE
T9B44 183:970.912 JLINK_IsHalted()
T9B44 183:971.440 - 0.525ms returns FALSE
T9B44 184:078.240 JLINK_IsHalted()
T9B44 184:078.832 - 0.598ms returns FALSE
T9B44 184:078.864 JLINK_IsHalted()
T9B44 184:079.536 - 0.667ms returns FALSE
T778C 184:158.736 JLINK_IsHalted()
T778C 184:161.504 - 2.777ms returns FALSE
T778C 184:161.584 JLINK_IsHalted()
T778C 184:162.336 - 0.742ms returns FALSE
T9B44 184:187.936 JLINK_IsHalted()
T9B44 184:190.704 - 2.756ms returns FALSE
T9B44 184:190.832 JLINK_IsHalted()
T9B44 184:193.808 - 2.970ms returns FALSE
T9B44 184:297.392 JLINK_IsHalted()
T9B44 184:298.432 - 1.029ms returns FALSE
T9B44 184:298.512 JLINK_IsHalted()
T9B44 184:299.792 - 1.278ms returns FALSE
T9B44 184:406.752 JLINK_IsHalted()
T9B44 184:409.200 - 2.466ms returns FALSE
T9B44 184:410.944 JLINK_IsHalted()
T9B44 184:411.456 - 0.510ms returns FALSE
T9B44 184:516.976 JLINK_IsHalted()
T9B44 184:517.952 - 0.969ms returns FALSE
T9B44 184:518.048 JLINK_IsHalted()
T9B44 184:518.576 - 0.544ms returns FALSE
T9B44 184:626.032 JLINK_IsHalted()
T9B44 184:628.128 - 2.085ms returns FALSE
T9B44 184:628.192 JLINK_IsHalted()
T9B44 184:629.040 - 0.833ms returns FALSE
T9B44 184:734.880 JLINK_IsHalted()
T9B44 184:735.968 - 1.077ms returns FALSE
T9B44 184:735.984 JLINK_IsHalted()
T9B44 184:736.496 - 0.501ms returns FALSE
T9B44 184:844.656 JLINK_IsHalted()
T9B44 184:845.328 - 0.657ms returns FALSE
T9B44 184:845.376 JLINK_IsHalted()
T9B44 184:845.856 - 0.476ms returns FALSE
T9B44 184:954.224 JLINK_IsHalted()
T9B44 184:955.024 - 0.792ms returns FALSE
T9B44 184:955.072 JLINK_IsHalted()
T9B44 184:955.712 - 0.640ms returns FALSE
T9B44 185:063.952 JLINK_IsHalted()
T9B44 185:064.672 - 0.727ms returns FALSE
T9B44 185:064.736 JLINK_IsHalted()
T9B44 185:065.344 - 0.618ms returns FALSE
T778C 185:163.040 JLINK_IsHalted()
T778C 185:163.824 - 0.787ms returns FALSE
T778C 185:163.872 JLINK_IsHalted()
T778C 185:164.464 - 0.576ms returns FALSE
T9B44 185:172.992 JLINK_IsHalted()
T9B44 185:174.832 - 1.841ms returns FALSE
T9B44 185:174.880 JLINK_IsHalted()
T9B44 185:175.392 - 0.496ms returns FALSE
T9B44 185:282.288 JLINK_IsHalted()
T9B44 185:282.944 - 0.649ms returns FALSE
T9B44 185:282.976 JLINK_IsHalted()
T9B44 185:283.664 - 0.665ms returns FALSE
T9B44 185:390.864 JLINK_IsHalted()
T9B44 185:391.456 - 0.597ms returns FALSE
T9B44 185:391.520 JLINK_IsHalted()
T9B44 185:392.032 - 0.512ms returns FALSE
T9B44 185:501.184 JLINK_IsHalted()
T9B44 185:501.920 - 0.750ms returns FALSE
T9B44 185:501.984 JLINK_IsHalted()
T9B44 185:502.592 - 0.615ms returns FALSE
T9B44 185:610.320 JLINK_IsHalted()
T9B44 185:613.024 - 2.691ms returns FALSE
T9B44 185:613.088 JLINK_IsHalted()
T9B44 185:613.824 - 0.724ms returns FALSE
T9B44 185:719.824 JLINK_IsHalted()
T9B44 185:720.416 - 0.596ms returns FALSE
T9B44 185:720.480 JLINK_IsHalted()
T9B44 185:720.816 - 0.351ms returns FALSE
T9B44 185:829.168 JLINK_IsHalted()
T9B44 185:829.760 - 0.585ms returns FALSE
T9B44 185:829.792 JLINK_IsHalted()
T9B44 185:830.144 - 0.353ms returns FALSE
T9B44 185:938.496 JLINK_IsHalted()
T9B44 185:938.960 - 0.466ms returns FALSE
T9B44 185:938.976 JLINK_IsHalted()
T9B44 185:939.360 - 0.374ms returns FALSE
T9B44 186:047.008 JLINK_IsHalted()
T9B44 186:047.456 - 0.434ms returns FALSE
T9B44 186:047.472 JLINK_IsHalted()
T9B44 186:047.952 - 0.482ms returns FALSE
T9B44 186:157.200 JLINK_IsHalted()
T9B44 186:160.160 - 2.954ms returns FALSE
T9B44 186:160.224 JLINK_IsHalted()
T9B44 186:160.928 - 0.704ms returns FALSE
T778C 186:166.240 JLINK_IsHalted()
T778C 186:166.880 - 0.644ms returns FALSE
T778C 186:166.912 JLINK_IsHalted()
T778C 186:168.704 - 1.787ms returns FALSE
T9B44 186:266.704 JLINK_IsHalted()
T9B44 186:267.472 - 0.763ms returns FALSE
T9B44 186:267.520 JLINK_IsHalted()
T9B44 186:269.344 - 1.827ms returns FALSE
T9B44 186:375.184 JLINK_IsHalted()
T9B44 186:377.040 - 1.853ms returns FALSE
T9B44 186:377.104 JLINK_IsHalted()
T9B44 186:377.776 - 0.680ms returns FALSE
T9B44 186:485.056 JLINK_IsHalted()
T9B44 186:487.008 - 1.947ms returns FALSE
T9B44 186:487.072 JLINK_IsHalted()
T9B44 186:487.648 - 0.563ms returns FALSE
T9B44 186:594.912 JLINK_IsHalted()
T9B44 186:595.696 - 0.784ms returns FALSE
T9B44 186:595.744 JLINK_IsHalted()
T9B44 186:596.416 - 0.664ms returns FALSE
T9B44 186:703.792 JLINK_IsHalted()
T9B44 186:704.352 - 0.542ms returns FALSE
T9B44 186:704.400 JLINK_IsHalted()
T9B44 186:706.816 - 2.423ms returns FALSE
T9B44 186:812.800 JLINK_IsHalted()
T9B44 186:813.600 - 0.785ms returns FALSE
T9B44 186:813.648 JLINK_IsHalted()
T9B44 186:814.336 - 0.691ms returns FALSE
T9B44 186:922.016 JLINK_IsHalted()
T9B44 186:922.784 - 0.785ms returns FALSE
T9B44 186:922.848 JLINK_IsHalted()
T9B44 186:925.472 - 2.626ms returns FALSE
T9B44 187:032.752 JLINK_IsHalted()
T9B44 187:033.312 - 0.562ms returns FALSE
T9B44 187:033.360 JLINK_IsHalted()
T9B44 187:033.792 - 0.435ms returns FALSE
T9B44 187:141.040 JLINK_IsHalted()
T9B44 187:141.664 - 0.614ms returns FALSE
T9B44 187:141.664 JLINK_IsHalted()
T9B44 187:142.160 - 0.488ms returns FALSE
T778C 187:170.176 JLINK_IsHalted()
T778C 187:170.672 - 0.501ms returns FALSE
T778C 187:170.704 JLINK_IsHalted()
T778C 187:171.296 - 0.586ms returns FALSE
T9B44 187:250.768 JLINK_IsHalted()
T9B44 187:251.296 - 0.517ms returns FALSE
T9B44 187:251.296 JLINK_IsHalted()
T9B44 187:251.792 - 0.476ms returns FALSE
T9B44 187:359.632 JLINK_IsHalted()
T9B44 187:360.160 - 0.531ms returns FALSE
T9B44 187:360.176 JLINK_IsHalted()
T9B44 187:360.704 - 0.517ms returns FALSE
T9B44 187:470.144 JLINK_IsHalted()
T9B44 187:470.688 - 0.547ms returns FALSE
T9B44 187:470.720 JLINK_IsHalted()
T9B44 187:471.184 - 0.458ms returns FALSE
T9B44 187:578.400 JLINK_IsHalted()
T9B44 187:578.928 - 0.524ms returns FALSE
T9B44 187:578.960 JLINK_IsHalted()
T9B44 187:579.344 - 0.380ms returns FALSE
T9B44 187:687.984 JLINK_IsHalted()
T9B44 187:688.480 - 0.493ms returns FALSE
T9B44 187:688.512 JLINK_IsHalted()
T9B44 187:688.848 - 0.321ms returns FALSE
T9B44 187:797.792 JLINK_IsHalted()
T9B44 187:798.304 - 0.497ms returns FALSE
T9B44 187:798.320 JLINK_IsHalted()
T9B44 187:798.816 - 0.482ms returns FALSE
T9B44 187:906.944 JLINK_IsHalted()
T9B44 187:907.456 - 0.502ms returns FALSE
T9B44 187:907.472 JLINK_IsHalted()
T9B44 187:907.904 - 0.436ms returns FALSE
T9B44 188:016.096 JLINK_IsHalted()
T9B44 188:016.608 - 0.530ms returns FALSE
T9B44 188:016.640 JLINK_IsHalted()
T9B44 188:017.104 - 0.457ms returns FALSE
T9B44 188:126.560 JLINK_IsHalted()
T9B44 188:127.024 - 0.477ms returns FALSE
T9B44 188:127.072 JLINK_IsHalted()
T9B44 188:127.456 - 0.378ms returns FALSE
T778C 188:171.808 JLINK_IsHalted()
T778C 188:172.256 - 0.444ms returns FALSE
T778C 188:172.272 JLINK_IsHalted()
T778C 188:172.704 - 0.421ms returns FALSE
T9B44 188:234.720 JLINK_IsHalted()
T9B44 188:235.216 - 0.496ms returns FALSE
T9B44 188:235.248 JLINK_IsHalted()
T9B44 188:235.728 - 0.479ms returns FALSE
T9B44 188:344.608 JLINK_IsHalted()
T9B44 188:345.216 - 0.594ms returns FALSE
T9B44 188:345.232 JLINK_IsHalted()
T9B44 188:345.680 - 0.447ms returns FALSE
T9B44 188:453.408 JLINK_IsHalted()
T9B44 188:453.920 - 0.512ms returns FALSE
T9B44 188:453.952 JLINK_IsHalted()
T9B44 188:454.416 - 0.461ms returns FALSE
T9B44 188:562.848 JLINK_IsHalted()
T9B44 188:563.360 - 0.522ms returns FALSE
T9B44 188:563.392 JLINK_IsHalted()
T9B44 188:563.888 - 0.492ms returns FALSE
T9B44 188:672.224 JLINK_IsHalted()
T9B44 188:672.800 - 0.568ms returns FALSE
T9B44 188:672.832 JLINK_IsHalted()
T9B44 188:673.216 - 0.380ms returns FALSE
T9B44 188:781.728 JLINK_IsHalted()
T9B44 188:782.112 - 0.383ms returns FALSE
T9B44 188:782.160 JLINK_IsHalted()
T9B44 188:782.624 - 0.475ms returns FALSE
T9B44 188:890.912 JLINK_IsHalted()
T9B44 188:891.424 - 0.519ms returns FALSE
T9B44 188:891.456 JLINK_IsHalted()
T9B44 188:891.936 - 0.470ms returns FALSE
T9B44 189:001.120 JLINK_IsHalted()
T9B44 189:001.728 - 0.599ms returns FALSE
T9B44 189:001.792 JLINK_IsHalted()
T9B44 189:002.400 - 0.619ms returns FALSE
T9B44 189:110.608 JLINK_IsHalted()
T9B44 189:111.472 - 0.866ms returns FALSE
T9B44 189:111.520 JLINK_IsHalted()
T9B44 189:112.176 - 0.650ms returns FALSE
T778C 189:174.560 JLINK_IsHalted()
T778C 189:175.360 - 0.801ms returns FALSE
T778C 189:175.408 JLINK_IsHalted()
T778C 189:176.352 - 0.937ms returns FALSE
T9B44 189:219.296 JLINK_IsHalted()
T9B44 189:221.280 - 1.999ms returns FALSE
T9B44 189:221.344 JLINK_IsHalted()
T9B44 189:222.048 - 0.693ms returns FALSE
T9B44 189:329.056 JLINK_IsHalted()
T9B44 189:329.632 - 0.588ms returns FALSE
T9B44 189:329.664 JLINK_IsHalted()
T9B44 189:330.080 - 0.409ms returns FALSE
T9B44 189:438.320 JLINK_IsHalted()
T9B44 189:438.992 - 0.655ms returns FALSE
T9B44 189:439.024 JLINK_IsHalted()
T9B44 189:439.568 - 0.538ms returns FALSE
T9B44 189:547.248 JLINK_IsHalted()
T9B44 189:547.760 - 0.511ms returns FALSE
T9B44 189:547.808 JLINK_IsHalted()
T9B44 189:548.240 - 0.424ms returns FALSE
T9B44 189:656.832 JLINK_IsHalted()
T9B44 189:657.280 - 0.452ms returns FALSE
T9B44 189:657.312 JLINK_IsHalted()
T9B44 189:657.776 - 0.466ms returns FALSE
T9B44 189:766.560 JLINK_IsHalted()
T9B44 189:767.120 - 0.546ms returns FALSE
T9B44 189:767.136 JLINK_IsHalted()
T9B44 189:767.632 - 0.501ms returns FALSE
T9B44 189:875.584 JLINK_IsHalted()
T9B44 189:876.256 - 0.689ms returns FALSE
T9B44 189:876.304 JLINK_IsHalted()
T9B44 189:876.832 - 0.533ms returns FALSE
T9B44 189:985.392 JLINK_IsHalted()
T9B44 189:985.984 - 0.589ms returns FALSE
T9B44 189:986.016 JLINK_IsHalted()
T9B44 189:986.448 - 0.413ms returns FALSE
T9B44 190:094.160 JLINK_IsHalted()
T9B44 190:094.704 - 0.560ms returns FALSE
T9B44 190:094.752 JLINK_IsHalted()
T9B44 190:095.264 - 0.505ms returns FALSE
T778C 190:177.920 JLINK_IsHalted()
T778C 190:178.400 - 0.491ms returns FALSE
T778C 190:178.448 JLINK_IsHalted()
T778C 190:179.056 - 0.614ms returns FALSE
T9B44 190:203.616 JLINK_IsHalted()
T9B44 190:204.160 - 0.536ms returns FALSE
T9B44 190:204.208 JLINK_IsHalted()
T9B44 190:204.576 - 0.358ms returns FALSE
T9B44 190:312.864 JLINK_IsHalted()
T9B44 190:313.312 - 0.442ms returns FALSE
T9B44 190:313.360 JLINK_IsHalted()
T9B44 190:313.728 - 0.374ms returns FALSE
T9B44 190:422.448 JLINK_IsHalted()
T9B44 190:422.976 - 0.526ms returns FALSE
T9B44 190:423.040 JLINK_IsHalted()
T9B44 190:423.536 - 0.496ms returns FALSE
T9B44 190:531.536 JLINK_IsHalted()
T9B44 190:532.016 - 0.479ms returns FALSE
T9B44 190:532.048 JLINK_IsHalted()
T9B44 190:532.480 - 0.436ms returns FALSE
T9B44 190:640.992 JLINK_IsHalted()
T9B44 190:641.440 - 0.452ms returns FALSE
T9B44 190:641.472 JLINK_IsHalted()
T9B44 190:641.824 - 0.347ms returns FALSE
T9B44 190:750.176 JLINK_IsHalted()
T9B44 190:750.608 - 0.425ms returns FALSE
T9B44 190:750.640 JLINK_IsHalted()
T9B44 190:750.976 - 0.336ms returns FALSE
T9B44 190:860.384 JLINK_IsHalted()
T9B44 190:860.832 - 0.451ms returns FALSE
T9B44 190:860.848 JLINK_IsHalted()
T9B44 190:861.312 - 0.460ms returns FALSE
T9B44 190:969.648 JLINK_IsHalted()
T9B44 190:970.128 - 0.475ms returns FALSE
T9B44 190:970.160 JLINK_IsHalted()
T9B44 190:970.480 - 0.321ms returns FALSE
T9B44 191:078.656 JLINK_IsHalted()
T9B44 191:079.104 - 0.443ms returns FALSE
T9B44 191:079.136 JLINK_IsHalted()
T9B44 191:079.392 - 0.271ms returns FALSE
T778C 191:179.200 JLINK_IsHalted()
T778C 191:179.584 - 0.391ms returns FALSE
T778C 191:179.616 JLINK_IsHalted()
T778C 191:179.920 - 0.302ms returns FALSE
T9B44 191:187.824 JLINK_IsHalted()
T9B44 191:188.304 - 0.473ms returns FALSE
T9B44 191:188.336 JLINK_IsHalted()
T9B44 191:188.640 - 0.308ms returns FALSE
T9B44 191:297.888 JLINK_IsHalted()
T9B44 191:298.288 - 0.399ms returns FALSE
T9B44 191:298.320 JLINK_IsHalted()
T9B44 191:298.624 - 0.305ms returns FALSE
T9B44 191:406.464 JLINK_IsHalted()
T9B44 191:407.136 - 0.663ms returns FALSE
T9B44 191:407.168 JLINK_IsHalted()
T9B44 191:407.664 - 0.503ms returns FALSE
T9B44 191:515.776 JLINK_IsHalted()
T9B44 191:516.224 - 0.442ms returns FALSE
T9B44 191:516.256 JLINK_IsHalted()
T9B44 191:516.592 - 0.349ms returns FALSE
T9B44 191:625.312 JLINK_IsHalted()
T9B44 191:625.776 - 0.470ms returns FALSE
T9B44 191:625.808 JLINK_IsHalted()
T9B44 191:626.224 - 0.416ms returns FALSE
T9B44 191:734.528 JLINK_IsHalted()
T9B44 191:735.008 - 0.481ms returns FALSE
T9B44 191:735.040 JLINK_IsHalted()
T9B44 191:735.392 - 0.359ms returns FALSE
T9B44 191:844.176 JLINK_IsHalted()
T9B44 191:844.576 - 0.404ms returns FALSE
T9B44 191:844.608 JLINK_IsHalted()
T9B44 191:844.896 - 0.298ms returns FALSE
T9B44 191:953.600 JLINK_IsHalted()
T9B44 191:954.112 - 0.511ms returns FALSE
T9B44 191:954.144 JLINK_IsHalted()
T9B44 191:954.512 - 0.367ms returns FALSE
T9B44 192:063.088 JLINK_IsHalted()
T9B44 192:063.504 - 0.414ms returns FALSE
T9B44 192:063.536 JLINK_IsHalted()
T9B44 192:063.840 - 0.304ms returns FALSE
T9B44 192:173.008 JLINK_IsHalted()
T9B44 192:173.456 - 0.447ms returns FALSE
T9B44 192:173.488 JLINK_IsHalted()
T9B44 192:173.952 - 0.462ms returns FALSE
T778C 192:180.320 JLINK_IsHalted()
T778C 192:180.720 - 0.394ms returns FALSE
T778C 192:180.752 JLINK_IsHalted()
T778C 192:181.104 - 0.351ms returns FALSE
T9B44 192:282.256 JLINK_IsHalted()
T9B44 192:282.704 - 0.454ms returns FALSE
T9B44 192:282.736 JLINK_IsHalted()
T9B44 192:283.136 - 0.405ms returns FALSE
T9B44 192:390.896 JLINK_IsHalted()
T9B44 192:391.408 - 0.504ms returns FALSE
T9B44 192:391.424 JLINK_IsHalted()
T9B44 192:391.920 - 0.500ms returns FALSE
T9B44 192:500.576 JLINK_IsHalted()
T9B44 192:501.232 - 0.645ms returns FALSE
T9B44 192:501.248 JLINK_IsHalted()
T9B44 192:501.728 - 0.488ms returns FALSE
T9B44 192:609.888 JLINK_IsHalted()
T9B44 192:610.448 - 0.547ms returns FALSE
T9B44 192:610.512 JLINK_IsHalted()
T9B44 192:610.944 - 0.431ms returns FALSE
T9B44 192:719.520 JLINK_IsHalted()
T9B44 192:720.112 - 0.592ms returns FALSE
T9B44 192:720.160 JLINK_IsHalted()
T9B44 192:720.480 - 0.319ms returns FALSE
T9B44 192:828.672 JLINK_IsHalted()
T9B44 192:829.104 - 0.433ms returns FALSE
T9B44 192:829.120 JLINK_IsHalted()
T9B44 192:829.408 - 0.272ms returns FALSE
T9B44 192:938.288 JLINK_IsHalted()
T9B44 192:938.672 - 0.383ms returns FALSE
T9B44 192:938.704 JLINK_IsHalted()
T9B44 192:939.008 - 0.309ms returns FALSE
T9B44 193:047.664 JLINK_IsHalted()
T9B44 193:048.112 - 0.447ms returns FALSE
T9B44 193:048.144 JLINK_IsHalted()
T9B44 193:048.432 - 0.292ms returns FALSE
T9B44 193:157.056 JLINK_IsHalted()
T9B44 193:157.616 - 0.562ms returns FALSE
T9B44 193:157.664 JLINK_IsHalted()
T9B44 193:158.208 - 0.557ms returns FALSE
T778C 193:182.352 JLINK_IsHalted()
T778C 193:182.832 - 0.494ms returns FALSE
T778C 193:182.896 JLINK_IsHalted()
T778C 193:183.392 - 0.492ms returns FALSE
T9B44 193:266.384 JLINK_IsHalted()
T9B44 193:266.784 - 0.395ms returns FALSE
T9B44 193:266.784 JLINK_IsHalted()
T9B44 193:267.152 - 0.348ms returns FALSE
T9B44 193:375.888 JLINK_IsHalted()
T9B44 193:376.320 - 0.437ms returns FALSE
T9B44 193:376.352 JLINK_IsHalted()
T9B44 193:376.672 - 0.314ms returns FALSE
T9B44 193:484.704 JLINK_IsHalted()
T9B44 193:485.408 - 0.695ms returns FALSE
T9B44 193:485.472 JLINK_IsHalted()
T9B44 193:486.048 - 0.596ms returns FALSE
T9B44 193:594.144 JLINK_IsHalted()
T9B44 193:595.040 - 0.886ms returns FALSE
T9B44 193:595.136 JLINK_IsHalted()
T9B44 193:595.808 - 0.669ms returns FALSE
T9B44 193:703.920 JLINK_IsHalted()
T9B44 193:705.744 - 1.817ms returns FALSE
T9B44 193:705.824 JLINK_IsHalted()
T9B44 193:706.592 - 0.753ms returns FALSE
T9B44 193:813.472 JLINK_IsHalted()
T9B44 193:814.096 - 0.627ms returns FALSE
T9B44 193:814.128 JLINK_IsHalted()
T9B44 193:814.752 - 0.610ms returns FALSE
T9B44 193:922.640 JLINK_IsHalted()
T9B44 193:924.592 - 1.952ms returns FALSE
T9B44 193:924.640 JLINK_IsHalted()
T9B44 193:925.136 - 0.494ms returns FALSE
T9B44 194:031.840 JLINK_IsHalted()
T9B44 194:032.560 - 0.724ms returns FALSE
T9B44 194:032.608 JLINK_IsHalted()
T9B44 194:033.264 - 0.655ms returns FALSE
T9B44 194:141.072 JLINK_IsHalted()
T9B44 194:141.696 - 0.620ms returns FALSE
T9B44 194:141.744 JLINK_IsHalted()
T9B44 194:142.160 - 0.407ms returns FALSE
T778C 194:183.536 JLINK_IsHalted()
T778C 194:184.192 - 0.644ms returns FALSE
T778C 194:184.224 JLINK_IsHalted()
T778C 194:184.704 - 0.467ms returns FALSE
T9B44 194:250.912 JLINK_IsHalted()
T9B44 194:251.632 - 0.730ms returns FALSE
T9B44 194:251.696 JLINK_IsHalted()
T9B44 194:252.256 - 0.545ms returns FALSE
T9B44 194:359.968 JLINK_IsHalted()
T9B44 194:360.640 - 0.657ms returns FALSE
T9B44 194:360.704 JLINK_IsHalted()
T9B44 194:361.376 - 0.674ms returns FALSE
T9B44 194:469.792 JLINK_IsHalted()
T9B44 194:470.336 - 0.541ms returns FALSE
T9B44 194:470.368 JLINK_IsHalted()
T9B44 194:471.008 - 0.623ms returns FALSE
T9B44 194:579.232 JLINK_IsHalted()
T9B44 194:579.744 - 0.507ms returns FALSE
T9B44 194:579.792 JLINK_IsHalted()
T9B44 194:580.432 - 0.632ms returns FALSE
T9B44 194:688.304 JLINK_IsHalted()
T9B44 194:688.800 - 0.495ms returns FALSE
T9B44 194:688.848 JLINK_IsHalted()
T9B44 194:689.344 - 0.490ms returns FALSE
T9B44 194:797.520 JLINK_IsHalted()
T9B44 194:798.096 - 0.578ms returns FALSE
T9B44 194:798.112 JLINK_IsHalted()
T9B44 194:798.576 - 0.461ms returns FALSE
T9B44 194:907.376 JLINK_IsHalted()
T9B44 194:908.000 - 0.617ms returns FALSE
T9B44 194:908.064 JLINK_IsHalted()
T9B44 194:908.528 - 0.482ms returns FALSE
T9B44 195:016.352 JLINK_IsHalted()
T9B44 195:018.336 - 1.984ms returns FALSE
T9B44 195:018.400 JLINK_IsHalted()
T9B44 195:019.152 - 0.748ms returns FALSE
T9B44 195:125.952 JLINK_IsHalted()
T9B44 195:126.592 - 0.641ms returns FALSE
T9B44 195:126.704 JLINK_IsHalted()
T9B44 195:127.120 - 0.412ms returns FALSE
T778C 195:185.648 JLINK_IsHalted()
T778C 195:186.208 - 0.553ms returns FALSE
T778C 195:186.240 JLINK_IsHalted()
T778C 195:186.688 - 0.435ms returns FALSE
T9B44 195:235.360 JLINK_IsHalted()
T9B44 195:235.968 - 0.597ms returns FALSE
T9B44 195:236.016 JLINK_IsHalted()
T9B44 195:236.464 - 0.454ms returns FALSE
T9B44 195:344.816 JLINK_IsHalted()
T9B44 195:345.312 - 0.487ms returns FALSE
T9B44 195:345.376 JLINK_IsHalted()
T9B44 195:346.000 - 0.624ms returns FALSE
T9B44 195:453.696 JLINK_IsHalted()
T9B44 195:454.304 - 0.603ms returns FALSE
T9B44 195:454.320 JLINK_IsHalted()
T9B44 195:454.768 - 0.441ms returns FALSE
T9B44 195:562.896 JLINK_IsHalted()
T9B44 195:563.312 - 0.423ms returns FALSE
T9B44 195:563.344 JLINK_IsHalted()
T9B44 195:563.712 - 0.369ms returns FALSE
T9B44 195:672.736 JLINK_IsHalted()
T9B44 195:673.248 - 0.493ms returns FALSE
T9B44 195:673.296 JLINK_IsHalted()
T9B44 195:673.696 - 0.409ms returns FALSE
T9B44 195:781.920 JLINK_IsHalted()
T9B44 195:782.448 - 0.548ms returns FALSE
T9B44 195:782.480 JLINK_IsHalted()
T9B44 195:782.928 - 0.453ms returns FALSE
T9B44 195:891.168 JLINK_IsHalted()
T9B44 195:891.872 - 0.692ms returns FALSE
T9B44 195:891.904 JLINK_IsHalted()
T9B44 195:892.384 - 0.492ms returns FALSE
T9B44 196:000.608 JLINK_IsHalted()
T9B44 196:002.512 - 1.895ms returns FALSE
T9B44 196:002.560 JLINK_IsHalted()
T9B44 196:004.768 - 2.192ms returns FALSE
T9B44 196:109.616 JLINK_IsHalted()
T9B44 196:110.176 - 0.566ms returns FALSE
T9B44 196:110.240 JLINK_IsHalted()
T9B44 196:110.640 - 0.411ms returns FALSE
T778C 196:187.984 JLINK_IsHalted()
T778C 196:188.560 - 0.573ms returns FALSE
T778C 196:188.592 JLINK_IsHalted()
T778C 196:189.056 - 0.450ms returns FALSE
T9B44 196:219.248 JLINK_IsHalted()
T9B44 196:219.968 - 0.709ms returns FALSE
T9B44 196:220.000 JLINK_IsHalted()
T9B44 196:220.624 - 0.627ms returns FALSE
T9B44 196:329.216 JLINK_IsHalted()
T9B44 196:329.776 - 0.568ms returns FALSE
T9B44 196:329.824 JLINK_IsHalted()
T9B44 196:330.256 - 0.428ms returns FALSE
T9B44 196:437.856 JLINK_IsHalted()
T9B44 196:438.432 - 0.587ms returns FALSE
T9B44 196:438.496 JLINK_IsHalted()
T9B44 196:439.056 - 0.564ms returns FALSE
T9B44 196:547.360 JLINK_IsHalted()
T9B44 196:547.856 - 0.501ms returns FALSE
T9B44 196:547.904 JLINK_IsHalted()
T9B44 196:548.288 - 0.385ms returns FALSE
T9B44 196:656.992 JLINK_IsHalted()
T9B44 196:658.256 - 1.245ms returns FALSE
T9B44 196:658.288 JLINK_IsHalted()
T9B44 196:658.720 - 0.431ms returns FALSE
T9B44 196:766.304 JLINK_IsHalted()
T9B44 196:767.136 - 0.815ms returns FALSE
T9B44 196:767.168 JLINK_IsHalted()
T9B44 196:767.776 - 0.616ms returns FALSE
T9B44 196:875.840 JLINK_IsHalted()
T9B44 196:876.400 - 0.561ms returns FALSE
T9B44 196:876.448 JLINK_IsHalted()
T9B44 196:878.720 - 2.267ms returns FALSE
T9B44 196:984.592 JLINK_IsHalted()
T9B44 196:985.136 - 0.545ms returns FALSE
T9B44 196:985.168 JLINK_IsHalted()
T9B44 196:985.568 - 0.407ms returns FALSE
T9B44 197:094.464 JLINK_IsHalted()
T9B44 197:094.944 - 0.479ms returns FALSE
T9B44 197:094.960 JLINK_IsHalted()
T9B44 197:095.328 - 0.354ms returns FALSE
T778C 197:190.336 JLINK_IsHalted()
T778C 197:191.584 - 1.227ms returns FALSE
T778C 197:191.648 JLINK_IsHalted()
T778C 197:192.288 - 0.630ms returns FALSE
T9B44 197:203.760 JLINK_IsHalted()
T9B44 197:204.432 - 0.657ms returns FALSE
T9B44 197:204.448 JLINK_IsHalted()
T9B44 197:204.896 - 0.451ms returns FALSE
T9B44 197:313.392 JLINK_IsHalted()
T9B44 197:313.952 - 0.547ms returns FALSE
T9B44 197:313.968 JLINK_IsHalted()
T9B44 197:314.432 - 0.458ms returns FALSE
T9B44 197:422.496 JLINK_IsHalted()
T9B44 197:425.680 - 3.187ms returns FALSE
T9B44 197:425.728 JLINK_IsHalted()
T9B44 197:426.400 - 0.676ms returns FALSE
T9B44 197:531.456 JLINK_IsHalted()
T9B44 197:531.936 - 0.482ms returns FALSE
T9B44 197:531.968 JLINK_IsHalted()
T9B44 197:532.336 - 0.373ms returns FALSE
T9B44 197:640.928 JLINK_IsHalted()
T9B44 197:641.536 - 0.613ms returns FALSE
T9B44 197:641.584 JLINK_IsHalted()
T9B44 197:642.384 - 0.792ms returns FALSE
T9B44 197:750.672 JLINK_IsHalted()
T9B44 197:751.440 - 0.762ms returns FALSE
T9B44 197:751.536 JLINK_IsHalted()
T9B44 197:752.288 - 0.739ms returns FALSE
T9B44 197:859.984 JLINK_IsHalted()
T9B44 197:860.656 - 0.681ms returns FALSE
T9B44 197:860.736 JLINK_IsHalted()
T9B44 197:861.136 - 0.401ms returns FALSE
T9B44 197:969.648 JLINK_IsHalted()
T9B44 197:970.464 - 0.809ms returns FALSE
T9B44 197:970.512 JLINK_IsHalted()
T9B44 197:970.960 - 0.446ms returns FALSE
T9B44 198:078.928 JLINK_IsHalted()
T9B44 198:079.456 - 0.535ms returns FALSE
T9B44 198:079.520 JLINK_IsHalted()
T9B44 198:079.920 - 0.417ms returns FALSE
T9B44 198:188.128 JLINK_IsHalted()
T9B44 198:190.528 - 2.386ms returns FALSE
T9B44 198:190.688 JLINK_IsHalted()
T9B44 198:191.216 - 0.531ms returns FALSE
T778C 198:193.936 JLINK_IsHalted()
T778C 198:194.592 - 0.662ms returns FALSE
T778C 198:194.656 JLINK_IsHalted()
T778C 198:195.152 - 0.498ms returns FALSE
T9B44 198:297.904 JLINK_IsHalted()
T9B44 198:298.576 - 0.675ms returns FALSE
T9B44 198:298.608 JLINK_IsHalted()
T9B44 198:299.184 - 0.578ms returns FALSE
T9B44 198:406.448 JLINK_IsHalted()
T9B44 198:407.024 - 0.573ms returns FALSE
T9B44 198:407.184 JLINK_IsHalted()
T9B44 198:407.520 - 0.354ms returns FALSE
T9B44 198:515.728 JLINK_IsHalted()
T9B44 198:516.160 - 0.434ms returns FALSE
T9B44 198:516.192 JLINK_IsHalted()
T9B44 198:516.512 - 0.330ms returns FALSE
T9B44 198:625.360 JLINK_IsHalted()
T9B44 198:625.760 - 0.411ms returns FALSE
T9B44 198:625.792 JLINK_IsHalted()
T9B44 198:626.144 - 0.342ms returns FALSE
T9B44 198:734.560 JLINK_IsHalted()
T9B44 198:735.008 - 0.453ms returns FALSE
T9B44 198:735.056 JLINK_IsHalted()
T9B44 198:735.344 - 0.297ms returns FALSE
T9B44 198:844.016 JLINK_IsHalted()
T9B44 198:844.448 - 0.426ms returns FALSE
T9B44 198:844.464 JLINK_IsHalted()
T9B44 198:844.800 - 0.328ms returns FALSE
T9B44 198:953.328 JLINK_IsHalted()
T9B44 198:953.856 - 0.513ms returns FALSE
T9B44 198:953.888 JLINK_IsHalted()
T9B44 198:954.416 - 0.545ms returns FALSE
T9B44 199:062.688 JLINK_IsHalted()
T9B44 199:063.168 - 0.484ms returns FALSE
T9B44 199:063.200 JLINK_IsHalted()
T9B44 199:063.504 - 0.308ms returns FALSE
T9B44 199:172.960 JLINK_IsHalted()
T9B44 199:173.472 - 0.515ms returns FALSE
T9B44 199:173.504 JLINK_IsHalted()
T9B44 199:173.888 - 0.389ms returns FALSE
T778C 199:196.352 JLINK_IsHalted()
T778C 199:196.736 - 0.388ms returns FALSE
T778C 199:196.768 JLINK_IsHalted()
T778C 199:197.088 - 0.315ms returns FALSE
T9B44 199:281.504 JLINK_IsHalted()
T9B44 199:282.048 - 0.543ms returns FALSE
T9B44 199:282.064 JLINK_IsHalted()
T9B44 199:282.464 - 0.405ms returns FALSE
T9B44 199:391.232 JLINK_IsHalted()
T9B44 199:391.680 - 0.447ms returns FALSE
T9B44 199:391.712 JLINK_IsHalted()
T9B44 199:391.968 - 0.275ms returns FALSE
T9B44 199:501.280 JLINK_IsHalted()
T9B44 199:501.648 - 0.351ms returns FALSE
T9B44 199:501.664 JLINK_IsHalted()
T9B44 199:501.984 - 0.323ms returns FALSE
T9B44 199:609.888 JLINK_IsHalted()
T9B44 199:610.384 - 0.487ms returns FALSE
T9B44 199:610.416 JLINK_IsHalted()
T9B44 199:610.720 - 0.306ms returns FALSE
T9B44 199:719.664 JLINK_IsHalted()
T9B44 199:720.176 - 0.511ms returns FALSE
T9B44 199:720.208 JLINK_IsHalted()
T9B44 199:720.560 - 0.352ms returns FALSE
T9B44 199:828.496 JLINK_IsHalted()
T9B44 199:829.008 - 0.511ms returns FALSE
T9B44 199:829.024 JLINK_IsHalted()
T9B44 199:829.344 - 0.318ms returns FALSE
T9B44 199:938.272 JLINK_IsHalted()
T9B44 199:938.672 - 0.393ms returns FALSE
T9B44 199:938.688 JLINK_IsHalted()
T9B44 199:938.960 - 0.270ms returns FALSE
T9B44 200:047.616 JLINK_IsHalted()
T9B44 200:048.096 - 0.477ms returns FALSE
T9B44 200:048.112 JLINK_IsHalted()
T9B44 200:048.416 - 0.307ms returns FALSE
T9B44 200:157.216 JLINK_IsHalted()
T9B44 200:157.664 - 0.464ms returns FALSE
T9B44 200:157.712 JLINK_IsHalted()
T9B44 200:158.256 - 0.556ms returns FALSE
T778C 200:197.760 JLINK_IsHalted()
T778C 200:198.176 - 0.431ms returns FALSE
T778C 200:198.224 JLINK_IsHalted()
T778C 200:198.528 - 0.309ms returns FALSE
T9B44 200:266.480 JLINK_IsHalted()
T9B44 200:266.912 - 0.432ms returns FALSE
T9B44 200:266.944 JLINK_IsHalted()
T9B44 200:267.248 - 0.307ms returns FALSE
T9B44 200:375.888 JLINK_IsHalted()
T9B44 200:376.304 - 0.418ms returns FALSE
T9B44 200:376.336 JLINK_IsHalted()
T9B44 200:376.672 - 0.332ms returns FALSE
T9B44 200:484.880 JLINK_IsHalted()
T9B44 200:485.296 - 0.422ms returns FALSE
T9B44 200:485.328 JLINK_IsHalted()
T9B44 200:485.664 - 0.352ms returns FALSE
T9B44 200:594.912 JLINK_IsHalted()
T9B44 200:595.360 - 0.430ms returns FALSE
T9B44 200:595.376 JLINK_IsHalted()
T9B44 200:595.744 - 0.357ms returns FALSE
T9B44 200:704.352 JLINK_IsHalted()
T9B44 200:704.768 - 0.409ms returns FALSE
T9B44 200:704.800 JLINK_IsHalted()
T9B44 200:705.152 - 0.337ms returns FALSE
T9B44 200:812.832 JLINK_IsHalted()
T9B44 200:813.264 - 0.417ms returns FALSE
T9B44 200:813.280 JLINK_IsHalted()
T9B44 200:813.584 - 0.304ms returns FALSE
T9B44 200:922.608 JLINK_IsHalted()
T9B44 200:923.104 - 0.497ms returns FALSE
T9B44 200:923.136 JLINK_IsHalted()
T9B44 200:923.504 - 0.372ms returns FALSE
T9B44 201:032.288 JLINK_IsHalted()
T9B44 201:032.752 - 0.459ms returns FALSE
T9B44 201:032.784 JLINK_IsHalted()
T9B44 201:033.120 - 0.339ms returns FALSE
T9B44 201:141.408 JLINK_IsHalted()
T9B44 201:142.000 - 0.600ms returns FALSE
T9B44 201:142.016 JLINK_IsHalted()
T9B44 201:142.432 - 0.408ms returns FALSE
T778C 201:200.080 JLINK_IsHalted()
T778C 201:200.736 - 0.666ms returns FALSE
T778C 201:200.800 JLINK_IsHalted()
T778C 201:203.376 - 2.573ms returns FALSE
T9B44 201:250.912 JLINK_IsHalted()
T9B44 201:251.552 - 0.656ms returns FALSE
T9B44 201:251.600 JLINK_IsHalted()
T9B44 201:252.080 - 0.483ms returns FALSE
T9B44 201:359.696 JLINK_IsHalted()
T9B44 201:360.192 - 0.493ms returns FALSE
T9B44 201:360.224 JLINK_IsHalted()
T9B44 201:360.608 - 0.384ms returns FALSE
T9B44 201:469.088 JLINK_IsHalted()
T9B44 201:469.504 - 0.421ms returns FALSE
T9B44 201:469.536 JLINK_IsHalted()
T9B44 201:469.856 - 0.334ms returns FALSE
T9B44 201:579.200 JLINK_IsHalted()
T9B44 201:579.824 - 0.625ms returns FALSE
T9B44 201:579.872 JLINK_IsHalted()
T9B44 201:580.448 - 0.585ms returns FALSE
T9B44 201:687.792 JLINK_IsHalted()
T9B44 201:688.368 - 0.576ms returns FALSE
T9B44 201:688.416 JLINK_IsHalted()
T9B44 201:688.992 - 0.555ms returns FALSE
T9B44 201:797.664 JLINK_IsHalted()
T9B44 201:798.288 - 0.620ms returns FALSE
T9B44 201:798.320 JLINK_IsHalted()
T9B44 201:798.800 - 0.475ms returns FALSE
T9B44 201:907.456 JLINK_IsHalted()
T9B44 201:908.480 - 1.016ms returns FALSE
T9B44 201:908.512 JLINK_IsHalted()
T9B44 201:908.912 - 0.403ms returns FALSE
T9B44 202:016.848 JLINK_IsHalted()
T9B44 202:017.408 - 0.550ms returns FALSE
T9B44 202:017.424 JLINK_IsHalted()
T9B44 202:017.904 - 0.483ms returns FALSE
T9B44 202:125.792 JLINK_IsHalted()
T9B44 202:126.432 - 0.640ms returns FALSE
T9B44 202:126.496 JLINK_IsHalted()
T9B44 202:126.976 - 0.487ms returns FALSE
T778C 202:205.440 JLINK_IsHalted()
T778C 202:205.920 - 0.479ms returns FALSE
T778C 202:205.936 JLINK_IsHalted()
T778C 202:206.304 - 0.358ms returns FALSE
T9B44 202:234.528 JLINK_IsHalted()
T9B44 202:234.992 - 0.477ms returns FALSE
T9B44 202:235.024 JLINK_IsHalted()
T9B44 202:235.392 - 0.369ms returns FALSE
T9B44 202:344.560 JLINK_IsHalted()
T9B44 202:345.056 - 0.497ms returns FALSE
T9B44 202:345.088 JLINK_IsHalted()
T9B44 202:345.440 - 0.355ms returns FALSE
T9B44 202:453.344 JLINK_IsHalted()
T9B44 202:453.968 - 0.611ms returns FALSE
T9B44 202:453.984 JLINK_IsHalted()
T9B44 202:454.448 - 0.448ms returns FALSE
T9B44 202:562.960 JLINK_IsHalted()
T9B44 202:563.504 - 0.550ms returns FALSE
T9B44 202:563.536 JLINK_IsHalted()
T9B44 202:563.952 - 0.416ms returns FALSE
T9B44 202:672.448 JLINK_IsHalted()
T9B44 202:672.864 - 0.411ms returns FALSE
T9B44 202:672.864 JLINK_IsHalted()
T9B44 202:673.200 - 0.321ms returns FALSE
T9B44 202:781.856 JLINK_IsHalted()
T9B44 202:782.432 - 0.573ms returns FALSE
T9B44 202:782.496 JLINK_IsHalted()
T9B44 202:782.960 - 0.469ms returns FALSE
T9B44 202:891.696 JLINK_IsHalted()
T9B44 202:894.240 - 2.549ms returns FALSE
T9B44 202:894.304 JLINK_IsHalted()
T9B44 202:894.704 - 0.397ms returns FALSE
T9B44 203:000.576 JLINK_IsHalted()
T9B44 203:002.528 - 1.961ms returns FALSE
T9B44 203:002.592 JLINK_IsHalted()
T9B44 203:004.544 - 1.942ms returns FALSE
T9B44 203:110.272 JLINK_IsHalted()
T9B44 203:110.880 - 0.611ms returns FALSE
T9B44 203:110.944 JLINK_IsHalted()
T9B44 203:111.392 - 0.437ms returns FALSE
T778C 203:208.160 JLINK_IsHalted()
T778C 203:208.752 - 0.767ms returns FALSE
T778C 203:208.800 JLINK_IsHalted()
T778C 203:209.504 - 0.721ms returns FALSE
T9B44 203:219.152 JLINK_IsHalted()
T9B44 203:219.744 - 0.595ms returns FALSE
T9B44 203:219.792 JLINK_IsHalted()
T9B44 203:220.272 - 0.480ms returns FALSE
T9B44 203:328.800 JLINK_IsHalted()
T9B44 203:329.376 - 0.558ms returns FALSE
T9B44 203:329.424 JLINK_IsHalted()
T9B44 203:330.048 - 0.630ms returns FALSE
T9B44 203:437.920 JLINK_IsHalted()
T9B44 203:438.688 - 0.754ms returns FALSE
T9B44 203:438.720 JLINK_IsHalted()
T9B44 203:439.152 - 0.430ms returns FALSE
T9B44 203:547.184 JLINK_IsHalted()
T9B44 203:548.000 - 0.824ms returns FALSE
T9B44 203:548.064 JLINK_IsHalted()
T9B44 203:548.784 - 0.729ms returns FALSE
T9B44 203:657.152 JLINK_IsHalted()
T9B44 203:657.792 - 0.641ms returns FALSE
T9B44 203:657.824 JLINK_IsHalted()
T9B44 203:658.320 - 0.493ms returns FALSE
T9B44 203:765.856 JLINK_IsHalted()
T9B44 203:766.544 - 0.677ms returns FALSE
T9B44 203:766.592 JLINK_IsHalted()
T9B44 203:767.296 - 0.711ms returns FALSE
T9B44 203:875.216 JLINK_IsHalted()
T9B44 203:876.016 - 0.810ms returns FALSE
T9B44 203:876.064 JLINK_IsHalted()
T9B44 203:876.736 - 0.665ms returns FALSE
T9B44 203:985.184 JLINK_IsHalted()
T9B44 203:986.016 - 0.843ms returns FALSE
T9B44 203:986.096 JLINK_IsHalted()
T9B44 203:986.576 - 0.477ms returns FALSE
T9B44 204:094.832 JLINK_IsHalted()
T9B44 204:095.456 - 0.619ms returns FALSE
T9B44 204:095.504 JLINK_IsHalted()
T9B44 204:095.984 - 0.486ms returns FALSE
T9B44 204:203.744 JLINK_IsHalted()
T9B44 204:204.368 - 0.619ms returns FALSE
T9B44 204:204.384 JLINK_IsHalted()
T9B44 204:204.912 - 0.518ms returns FALSE
T778C 204:209.968 JLINK_IsHalted()
T778C 204:210.592 - 0.611ms returns FALSE
T778C 204:210.624 JLINK_IsHalted()
T778C 204:211.152 - 0.523ms returns FALSE
T9B44 204:276.256 JLINK_IsHalted()
T9B44 204:276.800 - 0.543ms returns FALSE
T9B44 204:276.832 JLINK_IsHalted()
T9B44 204:277.344 - 0.517ms returns FALSE
T9B44 204:277.408 JLINK_IsHalted()
T9B44 204:277.872 - 0.458ms returns FALSE
T9B44 204:277.904 JLINK_IsHalted()
T9B44 204:278.368 - 0.460ms returns FALSE
T9B44 204:278.400 JLINK_Halt()
T9B44 204:281.328 - 2.935ms returns 0x00
T9B44 204:281.376 JLINK_IsHalted()
T9B44 204:281.376 - 0.006ms returns TRUE
T9B44 204:281.392 JLINK_ReadReg(XPSR)
T9B44 204:281.408   CPU_ReadMem(4 bytes @ 0xE000EE08)
T9B44 204:281.824 - 0.437ms returns 0x21000000
T9B44 204:281.872 JLINK_ReadReg(R15 (PC))
T9B44 204:281.872 - 0.007ms returns 0x000005AC
T9B44 204:281.888 JLINK_ReadReg(XPSR)
T9B44 204:281.888 - 0.005ms returns 0x21000000
T9B44 204:281.888 JLINK_ReadReg(XPSR)
T9B44 204:281.888 - 0.005ms returns 0x21000000
T9B44 204:281.904 JLINK_ReadReg(R15 (PC))
T9B44 204:281.904 - 0.005ms returns 0x000005AC
T9B44 204:281.920 JLINK_ReadReg(XPSR)
T9B44 204:281.920 - 0.005ms returns 0x21000000
T9B44 204:281.936 JLINK_ReadReg(XPSR)
T9B44 204:281.936 - 0.005ms returns 0x21000000
T9B44 204:281.952 JLINK_ReadMem(0x000005AC, 0x1 Bytes, ...)
T9B44 204:281.952    -- Read from flash cache (1 bytes @ 0x000005AC)
T9B44 204:281.952   Data:  DA
T9B44 204:281.968 - 0.024ms returns 0
T9B44 204:281.968 JLINK_IsHalted()
T9B44 204:281.984 - 0.005ms returns TRUE
T9B44 204:281.984 JLINK_ReadReg(XPSR)
T9B44 204:282.000 - 0.005ms returns 0x21000000
T9B44 204:282.016 JLINK_ReadReg(XPSR)
T9B44 204:282.016 - 0.006ms returns 0x21000000
T9B44 204:282.016 JLINK_ReadReg(R15 (PC))
T9B44 204:282.016 - 0.005ms returns 0x000005AC
T9B44 204:282.032 JLINK_ReadReg(XPSR)
T9B44 204:282.032 - 0.005ms returns 0x21000000
T9B44 204:282.048 JLINK_ReadReg(XPSR)
T9B44 204:282.048 - 0.005ms returns 0x21000000
T9B44 204:282.048 JLINK_ReadMem(0x000005AC, 0x1 Bytes, ...)
T9B44 204:282.064    -- Read from flash cache (1 bytes @ 0x000005AC)
T9B44 204:282.064   Data:  DA
T9B44 204:282.080 - 0.032ms returns 0
T9B44 204:282.112 JLINK_IsHalted()
T9B44 204:282.112 - 0.005ms returns TRUE
T9B44 204:282.128 JLINK_ReadReg(XPSR)
T9B44 204:282.128 - 0.005ms returns 0x21000000
T9B44 204:282.144 JLINK_ReadReg(R15 (PC))
T9B44 204:282.144 - 0.005ms returns 0x000005AC
T9B44 204:282.144 JLINK_ReadReg(XPSR)
T9B44 204:282.144 - 0.005ms returns 0x21000000
T9B44 204:282.144 JLINK_ReadReg(XPSR)
T9B44 204:282.160 - 0.005ms returns 0x21000000
T9B44 204:282.160 JLINK_ReadReg(R15 (PC))
T9B44 204:282.176 - 0.005ms returns 0x000005AC
T9B44 204:282.176 JLINK_ReadReg(XPSR)
T9B44 204:282.192 - 0.005ms returns 0x21000000
T9B44 204:282.192 JLINK_ReadReg(XPSR)
T9B44 204:282.208 - 0.005ms returns 0x21000000
T9B44 204:282.208 JLINK_ReadMem(0x000005AC, 0x1 Bytes, ...)
T9B44 204:282.208    -- Read from flash cache (1 bytes @ 0x000005AC)
T9B44 204:282.208   Data:  DA
T9B44 204:282.224 - 0.020ms returns 0
T9B44 204:282.224 JLINK_IsHalted()
T9B44 204:282.240 - 0.005ms returns TRUE
T9B44 204:282.240 JLINK_ReadReg(XPSR)
T9B44 204:282.240 - 0.005ms returns 0x21000000
T9B44 204:282.256 JLINK_ReadReg(XPSR)
T9B44 204:282.256 - 0.005ms returns 0x21000000
T9B44 204:282.272 JLINK_ReadReg(R15 (PC))
T9B44 204:282.272 - 0.005ms returns 0x000005AC
T9B44 204:282.272 JLINK_ReadReg(XPSR)
T9B44 204:282.272 - 0.005ms returns 0x21000000
T9B44 204:282.288 JLINK_ReadReg(XPSR)
T9B44 204:282.288 - 0.005ms returns 0x21000000
T9B44 204:282.304 JLINK_ReadMem(0x000005AC, 0x1 Bytes, ...)
T9B44 204:282.304    -- Read from flash cache (1 bytes @ 0x000005AC)
T9B44 204:282.320   Data:  DA
T9B44 204:282.320 - 0.020ms returns 0
T9B44 204:283.040 JLINK_ReadRegs(NumRegs = 22)
T9B44 204:283.088   
  R0 (0)        = 0x01                 R1 (1)        = 0x00                 R2 (2)        = 0x400A0000           R3 (3)        = 0x04              
  R4 (4)        = 0x20004464           R5 (5)        = 0x200046F5           R6 (6)        = 0x200046F7           R7 (7)        = 0x20004430        
  R8 (8)        = 0xDC281CAC           R9 (9)        = 0x40008660           R10 (10)      = 0xE9186C96           R11 (11)      = 0x7D3A11DA        
  R12 (12)      = 0x585B3562           R13 (SP) (13) = 0x20004418           R14 (14)      = 0x8AD                R15 (PC) (15) = 0x5AC             
  XPSR (16)     = 0x21000000           MSPLIM (86)   = 0x00                 PSPLIM (87)   = 0x00                 CFBP (20)     = 0x00              
  R0 (0)        = 0x01                 R1 (1)        = 0x00              
T9B44 204:283.104 - 0.051ms returns 0x00
T9B44 204:283.936 JLINK_ReadMem(0x000005AC, 0x4 Bytes, ...)
T9B44 204:283.968    -- Read from flash cache (4 bytes @ 0x000005AC)
T9B44 204:283.968   Data:  DA 48 00 78
T9B44 204:283.984 - 0.033ms returns 0
T778C 204:286.448 JLINK_IsHalted()
T778C 204:286.496 - 0.053ms returns TRUE
T778C 204:286.528 JLINK_ReadReg(XPSR)
T778C 204:286.544 - 0.019ms returns 0x21000000
T778C 204:286.560 JLINK_ReadReg(R15 (PC))
T778C 204:286.560 - 0.010ms returns 0x000005AC
T778C 204:286.576 JLINK_ReadReg(XPSR)
T778C 204:286.592 - 0.010ms returns 0x21000000
T778C 204:286.608 JLINK_ReadReg(XPSR)
T778C 204:286.624 - 0.010ms returns 0x21000000
T778C 204:286.624 JLINK_ReadReg(R15 (PC))
T778C 204:286.624 - 0.009ms returns 0x000005AC
T778C 204:286.640 JLINK_ReadReg(XPSR)
T778C 204:286.656 - 0.009ms returns 0x21000000
T778C 204:286.672 JLINK_ReadReg(XPSR)
T778C 204:286.688 - 0.010ms returns 0x21000000
T778C 204:286.688 JLINK_ReadMem(0x000005AC, 0x1 Bytes, ...)
T778C 204:286.704    -- Read from flash cache (1 bytes @ 0x000005AC)
T778C 204:286.720   Data:  DA
T778C 204:286.736 - 0.043ms returns 0
T778C 204:286.752 JLINK_IsHalted()
T778C 204:286.752 - 0.008ms returns TRUE
T778C 204:286.768 JLINK_ReadReg(XPSR)
T778C 204:286.784 - 0.009ms returns 0x21000000
T778C 204:286.784 JLINK_ReadReg(XPSR)
T778C 204:286.800 - 0.009ms returns 0x21000000
T778C 204:286.816 JLINK_ReadReg(R15 (PC))
T778C 204:286.816 - 0.009ms returns 0x000005AC
T778C 204:286.816 JLINK_ReadReg(XPSR)
T778C 204:286.832 - 0.009ms returns 0x21000000
T778C 204:286.880 JLINK_ReadReg(XPSR)
T778C 204:286.880 - 0.014ms returns 0x21000000
T778C 204:286.896 JLINK_ReadMem(0x000005AC, 0x1 Bytes, ...)
T778C 204:286.896    -- Read from flash cache (1 bytes @ 0x000005AC)
T778C 204:286.912   Data:  DA
T778C 204:286.928 - 0.034ms returns 0
T9B44 204:320.208 JLINK_ReadMem(0x000005AC, 0x4 Bytes, ...)
T9B44 204:320.240    -- Read from flash cache (4 bytes @ 0x000005AC)
T9B44 204:320.288   Data:  DA 48 00 78
T9B44 204:320.288 - 0.101ms returns 0
T9B44 204:320.800 JLINK_ReadMem(0x20004400, 0x40 Bytes, ...)
T9B44 204:320.864   CPU_ReadMem(64 bytes @ 0x20004400)
T9B44 204:321.632    -- Updating C cache (64 bytes @ 0x20004400)
T9B44 204:321.680    -- Read from C cache (64 bytes @ 0x20004400)
T9B44 204:321.696   Data:  00 00 0A 40 04 00 00 00 62 35 5B 58 AD 08 00 00 ...
T9B44 204:321.696 - 0.886ms returns 0
T9B44 204:322.384 JLINK_ReadMem(0x0000098A, 0x4 Bytes, ...)
T9B44 204:322.400    -- Read from flash cache (4 bytes @ 0x0000098A)
T9B44 204:322.400   Data:  00 20 80 BD
T9B44 204:322.416 - 0.032ms returns 0
T9B44 214:652.624 JLINK_ResetPullsRESET(ON)
T9B44 214:652.656 - 0.042ms 
T9B44 214:652.656 JLINK_Halt()
T9B44 214:653.056 - 0.396ms returns 0x00
T9B44 214:653.088 JLINK_IsHalted()
T9B44 214:653.088 - 0.007ms returns TRUE
T9B44 214:653.088 JLINK_Reset()
T9B44 214:653.104   Memory map 'before startup completion point' is active
T9B44 214:653.120   JLINK_GetResetTypeDesc
T9B44 214:653.120   - 0.004ms 
T9B44 214:653.120   Reset type: CONNECT UNDER RESET (https://kb.segger.com/J-Link_Reset_Strategies)
T9B44 214:653.136   CPU_WriteMem(4 bytes @ 0xE000EDF0)
T9B44 214:653.424   CPU_ReadMem(4 bytes @ 0xE000ED44)
T9B44 214:653.728   CPU_WriteMem(4 bytes @ 0xE000EDFC)
T9B44 214:654.048   Reset: Halt core after reset via DEMCR.VC_CORERESET.
T9B44 214:654.512   Reset: Reset device via AIRCR.SYSRESETREQ.
T9B44 214:654.528   CPU_WriteMem(4 bytes @ 0xE000ED0C)
T9B44 214:708.112   CPU_ReadMem(4 bytes @ 0xE000EDF0)
T9B44 214:708.464   CPU_ReadMem(4 bytes @ 0xE000EDF0)
T9B44 214:708.800   CPU_WriteMem(4 bytes @ 0xE000EDFC)
T9B44 214:714.480   CPU_ReadMem(4 bytes @ 0xE000EDF0)
T9B44 214:717.472   CPU_WriteMem(4 bytes @ 0xE0002000)
T9B44 214:717.968   CPU_ReadMem(4 bytes @ 0xE000EDFC)
T9B44 214:718.304   CPU_ReadMem(4 bytes @ 0xE0001000)
T9B44 214:718.640   CPU_WriteMem(4 bytes @ 0xE0001000)
T9B44 214:719.008   CPU_ReadMem(4 bytes @ 0xE000EE08)
T9B44 214:719.280 - 66.190ms 
T9B44 214:719.296 JLINK_SetEndian(ARM_ENDIAN_LITTLE)
T9B44 214:719.312 - 0.005ms returns 0
T9B44 214:722.192 JLINK_SetBPEx(Addr = 0x00000982, Type = 0xFFFFFF00)
T9B44 214:722.208 - 0.026ms returns 0x00000003
T9B44 214:722.224 JLINK_ClrBPEx(BPHandle = 0x00000003)
T9B44 214:722.224 - 0.005ms returns 0x00
T9B44 214:723.312 JLINK_ReadMem(0x00000986, 0x2 Bytes, ...)
T9B44 214:723.344    -- Read from flash cache (2 bytes @ 0x00000986)
T9B44 214:723.344   Data:  FF F7
T9B44 214:723.360 - 0.037ms returns 0
T9B44 214:724.896 JLINK_SetBPEx(Addr = 0x00000986, Type = 0xFFFFFF00)
T9B44 214:724.912 - 0.025ms returns 0x00000004
T9B44 214:736.336 JLINK_ReadRegs(NumRegs = 22)
T9B44 214:736.368   CPU_ReadMem(4 bytes @ 0xE000EE08)
T9B44 214:736.912   
  R0 (0)        = 0x01                 R1 (1)        = 0x00                 R2 (2)        = 0x400A0000           R3 (3)        = 0x04              
  R4 (4)        = 0x20004464           R5 (5)        = 0x200046F5           R6 (6)        = 0x200046F7           R7 (7)        = 0x20004430        
  R8 (8)        = 0xDC281CAC           R9 (9)        = 0x40008660           R10 (10)      = 0xE9186C96           R11 (11)      = 0x7D3A11DA        
  R12 (12)      = 0x585B3562           R13 (SP) (13) = 0x20004448           R14 (14)      = 0x8AD                R15 (PC) (15) = 0x140             
  XPSR (16)     = 0x21000000           MSPLIM (86)   = 0x00                 PSPLIM (87)   = 0x00                 CFBP (20)     = 0x00              
  R0 (0)        = 0x01                 R1 (1)        = 0x00              
T9B44 214:736.928 - 0.592ms returns 0x00
T9B44 214:737.664 JLINK_ReadMem(0x00000986, 0x2 Bytes, ...)
T9B44 214:737.696    -- Read from flash cache (2 bytes @ 0x00000986)
T9B44 214:737.696   Data:  FF F7
T9B44 214:737.696 - 0.034ms returns 0
T9B44 214:737.824 JLINK_ClrBPEx(BPHandle = 0x00000004)
T9B44 214:737.824 - 0.009ms returns 0x00
T9B44 214:737.840 JLINK_SetBPEx(Addr = 0x00000986, Type = 0xFFFFFF00)
T9B44 214:737.840 - 0.006ms returns 0x00000005
T9B44 214:738.384 JLINK_IsHalted()
T9B44 214:738.400 - 0.011ms returns TRUE
T9B44 214:738.400 JLINK_GoEx(MaxEmulInsts = 0, Flags = 0x01)
T9B44 214:738.400   CPU_WriteMem(4 bytes @ 0xE0002000)
T9B44 214:738.832   CPU_ReadMem(4 bytes @ 0xE0001000)
T9B44 214:739.184   CPU_WriteMem(4 bytes @ 0xE0001000)
T9B44 214:739.568   CPU_WriteMem(4 bytes @ 0xE0002008)
T9B44 214:739.584   CPU_WriteMem(4 bytes @ 0xE000200C)
T9B44 214:739.600   CPU_WriteMem(4 bytes @ 0xE0002010)
T9B44 214:739.600   CPU_WriteMem(4 bytes @ 0xE0002014)
T9B44 214:741.936   CPU_WriteMem(4 bytes @ 0xE0001004)
T9B44 214:748.192   Memory map 'after startup completion point' is active
T9B44 214:748.224 - 9.832ms 
T9B44 214:844.112 JLINK_IsHalted()
T9B44 214:846.944 - 2.842ms returns TRUE
T9B44 214:846.976 JLINK_ReadReg(XPSR)
T9B44 214:847.008   CPU_ReadMem(4 bytes @ 0xE000EE08)
T9B44 214:847.392 - 0.410ms returns 0x61000000
T9B44 214:847.440 JLINK_ReadReg(R15 (PC))
T9B44 214:847.456 - 0.018ms returns 0x00000986
T9B44 214:847.488 JLINK_ReadReg(XPSR)
T9B44 214:847.520 - 0.015ms returns 0x61000000
T9B44 214:847.520 JLINK_ReadReg(XPSR)
T9B44 214:847.536 - 0.014ms returns 0x61000000
T9B44 214:847.536 JLINK_ReadReg(R15 (PC))
T9B44 214:847.568 - 0.014ms returns 0x00000986
T9B44 214:847.584 JLINK_ReadReg(XPSR)
T9B44 214:847.584 - 0.014ms returns 0x61000000
T9B44 214:847.616 JLINK_ReadReg(XPSR)
T9B44 214:847.616 - 0.013ms returns 0x61000000
T9B44 214:847.648 JLINK_ReadMem(0x00000986, 0x1 Bytes, ...)
T9B44 214:847.648    -- Read from flash cache (1 bytes @ 0x00000986)
T9B44 214:847.664   Data:  FF
T9B44 214:847.664 - 0.033ms returns 0
T9B44 214:847.664 JLINK_IsHalted()
T9B44 214:847.696 - 0.008ms returns TRUE
T9B44 214:847.696 JLINK_ReadReg(XPSR)
T9B44 214:847.696 - 0.008ms returns 0x61000000
T9B44 214:847.712 JLINK_ReadReg(XPSR)
T9B44 214:847.712 - 0.008ms returns 0x61000000
T9B44 214:847.712 JLINK_ReadReg(R15 (PC))
T9B44 214:847.744 - 0.008ms returns 0x00000986
T9B44 214:847.744 JLINK_ReadReg(XPSR)
T9B44 214:847.776 - 0.008ms returns 0x61000000
T9B44 214:847.776 JLINK_ReadReg(XPSR)
T9B44 214:847.776 - 0.008ms returns 0x61000000
T9B44 214:847.792 JLINK_ReadMem(0x00000986, 0x1 Bytes, ...)
T9B44 214:847.792    -- Read from flash cache (1 bytes @ 0x00000986)
T9B44 214:847.792   Data:  FF
T9B44 214:847.824 - 0.030ms returns 0
T9B44 214:847.872 JLINK_IsHalted()
T9B44 214:847.904 - 0.010ms returns TRUE
T9B44 214:847.904 JLINK_ReadReg(XPSR)
T9B44 214:847.920 - 0.009ms returns 0x61000000
T9B44 214:847.920 JLINK_ReadReg(R15 (PC))
T9B44 214:847.920 - 0.008ms returns 0x00000986
T9B44 214:847.952 JLINK_ReadReg(XPSR)
T9B44 214:847.952 - 0.008ms returns 0x61000000
T9B44 214:847.952 JLINK_ReadReg(XPSR)
T9B44 214:847.968 - 0.008ms returns 0x61000000
T9B44 214:847.968 JLINK_ReadReg(R15 (PC))
T9B44 214:847.968 - 0.008ms returns 0x00000986
T9B44 214:848.000 JLINK_ReadReg(XPSR)
T9B44 214:848.000 - 0.008ms returns 0x61000000
T9B44 214:848.000 JLINK_ReadReg(XPSR)
T9B44 214:848.032 - 0.008ms returns 0x61000000
T9B44 214:848.032 JLINK_ReadMem(0x00000986, 0x1 Bytes, ...)
T9B44 214:848.032    -- Read from flash cache (1 bytes @ 0x00000986)
T9B44 214:848.048   Data:  FF
T9B44 214:848.048 - 0.030ms returns 0
T9B44 214:848.080 JLINK_IsHalted()
T9B44 214:848.080 - 0.008ms returns TRUE
T9B44 214:848.080 JLINK_ReadReg(XPSR)
T9B44 214:848.096 - 0.008ms returns 0x61000000
T9B44 214:848.096 JLINK_ReadReg(XPSR)
T9B44 214:848.096 - 0.008ms returns 0x61000000
T9B44 214:848.128 JLINK_ReadReg(R15 (PC))
T9B44 214:848.128 - 0.008ms returns 0x00000986
T9B44 214:848.160 JLINK_ReadReg(XPSR)
T9B44 214:848.160 - 0.008ms returns 0x61000000
T9B44 214:848.176 JLINK_ReadReg(XPSR)
T9B44 214:848.176 - 0.008ms returns 0x61000000
T9B44 214:848.176 JLINK_ReadMem(0x00000986, 0x1 Bytes, ...)
T9B44 214:848.208    -- Read from flash cache (1 bytes @ 0x00000986)
T9B44 214:848.208   Data:  FF
T9B44 214:848.224 - 0.030ms returns 0
T9B44 214:848.944 JLINK_ReadRegs(NumRegs = 22)
T9B44 214:848.976   
  R0 (0)        = 0x00                 R1 (1)        = 0x149                R2 (2)        = 0x00                 R3 (3)        = 0x04              
  R4 (4)        = 0x20004464           R5 (5)        = 0x200046F5           R6 (6)        = 0x200046F7           R7 (7)        = 0x20004438        
  R8 (8)        = 0xDC281CAC           R9 (9)        = 0x40008660           R10 (10)      = 0xE9186C96           R11 (11)      = 0x7D3A11DA        
  R12 (12)      = 0x585B3562           R13 (SP) (13) = 0x20004438           R14 (14)      = 0x14D                R15 (PC) (15) = 0x986             
  XPSR (16)     = 0x61000000           MSPLIM (86)   = 0x00                 PSPLIM (87)   = 0x00                 CFBP (20)     = 0x00              
  R0 (0)        = 0x00                 R1 (1)        = 0x149             
T9B44 214:848.992 - 0.040ms returns 0x00
T9B44 214:850.096 JLINK_ReadMem(0x00000986, 0x4 Bytes, ...)
T9B44 214:850.096    -- Read from flash cache (4 bytes @ 0x00000986)
T9B44 214:850.128   Data:  FF F7 B7 FD
T9B44 214:850.128 - 0.030ms returns 0
T9B44 214:850.656 JLINK_ClrBPEx(BPHandle = 0x00000005)
T9B44 214:850.720 - 0.060ms returns 0x00
T778C 214:852.480 JLINK_IsHalted()
T778C 214:852.528 - 0.049ms returns TRUE
T778C 214:852.528 JLINK_ReadReg(XPSR)
T778C 214:852.560 - 0.017ms returns 0x61000000
T778C 214:852.560 JLINK_ReadReg(R15 (PC))
T778C 214:852.576 - 0.009ms returns 0x00000986
T778C 214:852.576 JLINK_ReadReg(XPSR)
T778C 214:852.576 - 0.008ms returns 0x61000000
T778C 214:852.608 JLINK_ReadReg(XPSR)
T778C 214:852.608 - 0.008ms returns 0x61000000
T778C 214:852.640 JLINK_ReadReg(R15 (PC))
T778C 214:852.640 - 0.008ms returns 0x00000986
T778C 214:852.640 JLINK_ReadReg(XPSR)
T778C 214:852.656 - 0.008ms returns 0x61000000
T778C 214:852.656 JLINK_ReadReg(XPSR)
T778C 214:852.656 - 0.008ms returns 0x61000000
T778C 214:852.688 JLINK_ReadMem(0x00000986, 0x1 Bytes, ...)
T778C 214:852.688    -- Read from flash cache (1 bytes @ 0x00000986)
T778C 214:852.704   Data:  FF
T778C 214:852.704 - 0.035ms returns 0
T778C 214:852.736 JLINK_IsHalted()
T778C 214:852.736 - 0.008ms returns TRUE
T778C 214:852.736 JLINK_ReadReg(XPSR)
T778C 214:852.768 - 0.008ms returns 0x61000000
T778C 214:852.768 JLINK_ReadReg(XPSR)
T778C 214:852.768 - 0.008ms returns 0x61000000
T778C 214:852.784 JLINK_ReadReg(R15 (PC))
T778C 214:852.784 - 0.008ms returns 0x00000986
T778C 214:852.784 JLINK_ReadReg(XPSR)
T778C 214:852.816 - 0.009ms returns 0x61000000
T778C 214:852.816 JLINK_ReadReg(XPSR)
T778C 214:852.816 - 0.008ms returns 0x61000000
T778C 214:852.832 JLINK_ReadMem(0x00000986, 0x1 Bytes, ...)
T778C 214:852.832    -- Read from flash cache (1 bytes @ 0x00000986)
T778C 214:852.864   Data:  FF
T778C 214:852.864 - 0.031ms returns 0
T9B44 214:853.632 JLINK_ReadMem(0x00000986, 0x4 Bytes, ...)
T9B44 214:853.680    -- Read from flash cache (4 bytes @ 0x00000986)
T9B44 214:853.680   Data:  FF F7 B7 FD
T9B44 214:853.712 - 0.059ms returns 0
T9B44 218:351.520 JLINK_IsHalted()
T9B44 218:352.672 - 1.147ms returns TRUE
T9B44 218:352.688 JLINK_GoEx(MaxEmulInsts = 0, Flags = 0x01)
T9B44 218:352.720   CPU_ReadMem(4 bytes @ 0xE0001000)
T9B44 218:353.504   CPU_WriteMem(4 bytes @ 0xE0002008)
T9B44 218:357.168 - 4.484ms 
T9B44 218:453.248 JLINK_IsHalted()
T9B44 218:453.808 - 0.559ms returns FALSE
T9B44 218:453.808 JLINK_IsHalted()
T9B44 218:454.272 - 0.445ms returns FALSE
T9B44 218:563.248 JLINK_IsHalted()
T9B44 218:563.808 - 0.556ms returns FALSE
T9B44 218:563.808 JLINK_IsHalted()
T9B44 218:564.256 - 0.428ms returns FALSE
T9B44 218:672.128 JLINK_IsHalted()
T9B44 218:672.736 - 0.596ms returns FALSE
T9B44 218:672.768 JLINK_IsHalted()
T9B44 218:673.200 - 0.457ms returns FALSE
T9B44 218:781.472 JLINK_IsHalted()
T9B44 218:782.240 - 0.757ms returns FALSE
T9B44 218:782.256 JLINK_IsHalted()
T9B44 218:782.672 - 0.428ms returns FALSE
T9B44 218:891.296 JLINK_IsHalted()
T9B44 218:891.856 - 0.560ms returns FALSE
T9B44 218:891.872 JLINK_IsHalted()
T9B44 218:892.288 - 0.424ms returns FALSE
T9B44 219:000.624 JLINK_IsHalted()
T9B44 219:001.248 - 0.611ms returns FALSE
T9B44 219:001.264 JLINK_IsHalted()
T9B44 219:001.824 - 0.567ms returns FALSE
T9B44 219:110.176 JLINK_IsHalted()
T9B44 219:110.816 - 0.615ms returns FALSE
T9B44 219:110.816 JLINK_IsHalted()
T9B44 219:111.216 - 0.407ms returns FALSE
T9B44 219:219.840 JLINK_IsHalted()
T9B44 219:220.448 - 0.596ms returns FALSE
T9B44 219:220.448 JLINK_IsHalted()
T9B44 219:220.912 - 0.457ms returns FALSE
T9B44 219:328.736 JLINK_IsHalted()
T9B44 219:329.376 - 0.649ms returns FALSE
T9B44 219:329.408 JLINK_IsHalted()
T9B44 219:329.952 - 0.540ms returns FALSE
T778C 219:354.160 JLINK_IsHalted()
T778C 219:354.672 - 0.512ms returns FALSE
T778C 219:354.704 JLINK_IsHalted()
T778C 219:355.184 - 0.482ms returns FALSE
T9B44 219:438.000 JLINK_IsHalted()
T9B44 219:438.592 - 0.566ms returns FALSE
T9B44 219:438.592 JLINK_IsHalted()
T9B44 219:439.200 - 0.592ms returns FALSE
T9B44 219:547.104 JLINK_IsHalted()
T9B44 219:547.648 - 0.537ms returns FALSE
T9B44 219:547.648 JLINK_IsHalted()
T9B44 219:548.064 - 0.407ms returns FALSE
T9B44 219:657.168 JLINK_IsHalted()
T9B44 219:657.824 - 0.664ms returns FALSE
T9B44 219:657.856 JLINK_IsHalted()
T9B44 219:658.320 - 0.442ms returns FALSE
T9B44 219:765.856 JLINK_IsHalted()
T9B44 219:766.368 - 0.501ms returns FALSE
T9B44 219:766.400 JLINK_IsHalted()
T9B44 219:766.816 - 0.415ms returns FALSE
T9B44 219:875.760 JLINK_IsHalted()
T9B44 219:877.856 - 2.115ms returns FALSE
T9B44 219:877.920 JLINK_IsHalted()
T9B44 219:878.480 - 0.571ms returns FALSE
T9B44 219:985.360 JLINK_IsHalted()
T9B44 219:985.968 - 0.611ms returns FALSE
T9B44 219:986.000 JLINK_IsHalted()
T9B44 219:986.560 - 0.566ms returns FALSE
T9B44 220:094.112 JLINK_IsHalted()
T9B44 220:094.768 - 0.666ms returns FALSE
T9B44 220:094.768 JLINK_IsHalted()
T9B44 220:095.232 - 0.436ms returns FALSE
T9B44 220:204.064 JLINK_IsHalted()
T9B44 220:204.672 - 0.611ms returns FALSE
T9B44 220:204.704 JLINK_IsHalted()
T9B44 220:205.136 - 0.445ms returns FALSE
T9B44 220:313.552 JLINK_IsHalted()
T9B44 220:314.160 - 0.620ms returns FALSE
T9B44 220:314.192 JLINK_IsHalted()
T9B44 220:314.544 - 0.361ms returns FALSE
T778C 220:355.968 JLINK_IsHalted()
T778C 220:356.784 - 0.807ms returns FALSE
T778C 220:356.816 JLINK_IsHalted()
T778C 220:357.552 - 0.743ms returns FALSE
T9B44 220:422.480 JLINK_IsHalted()
T9B44 220:423.216 - 0.729ms returns FALSE
T9B44 220:423.248 JLINK_IsHalted()
T9B44 220:423.888 - 0.645ms returns FALSE
T9B44 220:531.760 JLINK_IsHalted()
T9B44 220:532.432 - 0.659ms returns FALSE
T9B44 220:532.432 JLINK_IsHalted()
T9B44 220:533.200 - 0.764ms returns FALSE
T9B44 220:641.152 JLINK_IsHalted()
T9B44 220:641.744 - 0.606ms returns FALSE
T9B44 220:641.760 JLINK_IsHalted()
T9B44 220:642.208 - 0.440ms returns FALSE
T9B44 220:750.256 JLINK_IsHalted()
T9B44 220:750.848 - 0.590ms returns FALSE
T9B44 220:750.848 JLINK_IsHalted()
T9B44 220:751.280 - 0.435ms returns FALSE
T9B44 220:859.440 JLINK_IsHalted()
T9B44 220:860.000 - 0.546ms returns FALSE
T9B44 220:860.000 JLINK_IsHalted()
T9B44 220:860.640 - 0.627ms returns FALSE
T9B44 220:969.184 JLINK_IsHalted()
T9B44 220:969.776 - 0.571ms returns FALSE
T9B44 220:969.776 JLINK_IsHalted()
T9B44 220:970.272 - 0.472ms returns FALSE
T9B44 221:078.880 JLINK_IsHalted()
T9B44 221:079.680 - 0.796ms returns FALSE
T9B44 221:079.712 JLINK_IsHalted()
T9B44 221:080.352 - 0.630ms returns FALSE
T9B44 221:187.792 JLINK_IsHalted()
T9B44 221:188.448 - 0.673ms returns FALSE
T9B44 221:188.512 JLINK_IsHalted()
T9B44 221:189.072 - 0.559ms returns FALSE
T9B44 221:297.376 JLINK_IsHalted()
T9B44 221:298.272 - 0.885ms returns FALSE
T9B44 221:298.336 JLINK_IsHalted()
T9B44 221:298.912 - 0.576ms returns FALSE
T778C 221:358.512 JLINK_IsHalted()
T778C 221:359.200 - 0.671ms returns FALSE
T778C 221:359.232 JLINK_IsHalted()
T778C 221:359.840 - 0.623ms returns FALSE
T9B44 221:407.184 JLINK_IsHalted()
T9B44 221:407.920 - 0.726ms returns FALSE
T9B44 221:407.968 JLINK_IsHalted()
T9B44 221:408.512 - 0.522ms returns FALSE
T9B44 221:515.776 JLINK_IsHalted()
T9B44 221:516.624 - 0.859ms returns FALSE
T9B44 221:516.704 JLINK_IsHalted()
T9B44 221:517.264 - 0.585ms returns FALSE
T9B44 221:625.600 JLINK_IsHalted()
T9B44 221:626.496 - 0.887ms returns FALSE
T9B44 221:626.544 JLINK_IsHalted()
T9B44 221:627.056 - 0.507ms returns FALSE
T9B44 221:735.200 JLINK_IsHalted()
T9B44 221:736.032 - 0.856ms returns FALSE
T9B44 221:736.096 JLINK_IsHalted()
T9B44 221:736.800 - 0.704ms returns FALSE
T9B44 221:844.144 JLINK_IsHalted()
T9B44 221:844.992 - 0.848ms returns FALSE
T9B44 221:845.072 JLINK_IsHalted()
T9B44 221:845.792 - 0.733ms returns FALSE
T9B44 221:953.280 JLINK_IsHalted()
T9B44 221:954.128 - 0.846ms returns FALSE
T9B44 221:954.176 JLINK_IsHalted()
T9B44 221:954.896 - 0.707ms returns FALSE
T9B44 222:063.520 JLINK_IsHalted()
T9B44 222:064.336 - 0.811ms returns FALSE
T9B44 222:064.384 JLINK_IsHalted()
T9B44 222:065.104 - 0.722ms returns FALSE
T9B44 222:172.672 JLINK_IsHalted()
T9B44 222:173.600 - 0.928ms returns FALSE
T9B44 222:173.648 JLINK_IsHalted()
T9B44 222:174.256 - 0.602ms returns FALSE
T9B44 222:281.472 JLINK_IsHalted()
T9B44 222:282.080 - 0.607ms returns FALSE
T9B44 222:282.144 JLINK_IsHalted()
T9B44 222:282.752 - 0.623ms returns FALSE
T778C 222:360.912 JLINK_IsHalted()
T778C 222:361.568 - 0.664ms returns FALSE
T778C 222:361.632 JLINK_IsHalted()
T778C 222:362.192 - 0.546ms returns FALSE
T9B44 222:391.168 JLINK_IsHalted()
T9B44 222:391.712 - 0.532ms returns FALSE
T9B44 222:391.760 JLINK_IsHalted()
T9B44 222:392.400 - 0.639ms returns FALSE
T9B44 222:500.640 JLINK_IsHalted()
T9B44 222:501.408 - 0.769ms returns FALSE
T9B44 222:501.472 JLINK_IsHalted()
T9B44 222:502.064 - 0.598ms returns FALSE
T9B44 222:610.048 JLINK_IsHalted()
T9B44 222:610.720 - 0.667ms returns FALSE
T9B44 222:610.768 JLINK_IsHalted()
T9B44 222:611.504 - 0.739ms returns FALSE
T9B44 222:719.664 JLINK_IsHalted()
T9B44 222:720.416 - 0.720ms returns FALSE
T9B44 222:720.464 JLINK_IsHalted()
T9B44 222:721.200 - 0.748ms returns FALSE
T9B44 222:828.752 JLINK_IsHalted()
T9B44 222:834.656 - 5.899ms returns FALSE
T9B44 222:834.720 JLINK_IsHalted()
T9B44 222:835.360 - 0.625ms returns FALSE
T9B44 222:938.672 JLINK_IsHalted()
T9B44 222:939.392 - 0.716ms returns FALSE
T9B44 222:939.488 JLINK_IsHalted()
T9B44 222:940.288 - 0.796ms returns FALSE
T9B44 223:047.136 JLINK_IsHalted()
T9B44 223:047.856 - 0.724ms returns FALSE
T9B44 223:047.904 JLINK_IsHalted()
T9B44 223:048.736 - 0.804ms returns FALSE
T9B44 223:157.584 JLINK_IsHalted()
T9B44 223:158.352 - 0.776ms returns FALSE
T9B44 223:158.368 JLINK_IsHalted()
T9B44 223:159.008 - 0.647ms returns FALSE
T9B44 223:266.272 JLINK_IsHalted()
T9B44 223:269.040 - 2.768ms returns FALSE
T9B44 223:269.088 JLINK_IsHalted()
T9B44 223:269.840 - 0.731ms returns FALSE
T778C 223:363.456 JLINK_IsHalted()
T778C 223:364.064 - 0.613ms returns FALSE
T778C 223:364.096 JLINK_IsHalted()
T778C 223:364.688 - 0.591ms returns FALSE
T9B44 223:375.712 JLINK_IsHalted()
T9B44 223:376.416 - 0.689ms returns FALSE
T9B44 223:376.464 JLINK_IsHalted()
T9B44 223:377.200 - 0.738ms returns FALSE
T9B44 223:485.312 JLINK_IsHalted()
T9B44 223:486.160 - 0.845ms returns FALSE
T9B44 223:486.208 JLINK_IsHalted()
T9B44 223:486.944 - 0.733ms returns FALSE
T9B44 223:594.528 JLINK_IsHalted()
T9B44 223:595.104 - 0.582ms returns FALSE
T9B44 223:595.136 JLINK_IsHalted()
T9B44 223:595.600 - 0.455ms returns FALSE
T9B44 223:704.112 JLINK_IsHalted()
T9B44 223:704.992 - 0.854ms returns FALSE
T9B44 223:705.040 JLINK_IsHalted()
T9B44 223:705.776 - 0.733ms returns FALSE
T9B44 223:812.768 JLINK_IsHalted()
T9B44 223:813.280 - 0.500ms returns FALSE
T9B44 223:813.296 JLINK_IsHalted()
T9B44 223:813.632 - 0.330ms returns FALSE
T9B44 223:922.944 JLINK_IsHalted()
T9B44 223:924.256 - 1.299ms returns FALSE
T9B44 223:924.272 JLINK_IsHalted()
T9B44 223:924.784 - 0.509ms returns FALSE
T9B44 224:031.616 JLINK_IsHalted()
T9B44 224:032.224 - 0.625ms returns FALSE
T9B44 224:032.256 JLINK_IsHalted()
T9B44 224:032.768 - 0.497ms returns FALSE
T9B44 224:141.824 JLINK_IsHalted()
T9B44 224:143.792 - 1.986ms returns FALSE
T9B44 224:143.872 JLINK_IsHalted()
T9B44 224:145.792 - 1.922ms returns FALSE
T9B44 224:250.544 JLINK_IsHalted()
T9B44 224:251.184 - 0.655ms returns FALSE
T9B44 224:251.232 JLINK_IsHalted()
T9B44 224:251.776 - 0.552ms returns FALSE
T9B44 224:360.496 JLINK_IsHalted()
T9B44 224:361.120 - 0.600ms returns FALSE
T9B44 224:361.136 JLINK_IsHalted()
T9B44 224:362.832 - 1.677ms returns FALSE
T778C 224:365.520 JLINK_IsHalted()
T778C 224:367.952 - 2.436ms returns FALSE
T778C 224:367.968 JLINK_IsHalted()
T778C 224:368.512 - 0.541ms returns FALSE
T9B44 224:469.120 JLINK_IsHalted()
T9B44 224:469.808 - 0.684ms returns FALSE
T9B44 224:469.840 JLINK_IsHalted()
T9B44 224:470.368 - 0.520ms returns FALSE
T9B44 224:578.784 JLINK_IsHalted()
T9B44 224:579.424 - 0.625ms returns FALSE
T9B44 224:579.456 JLINK_IsHalted()
T9B44 224:580.000 - 0.535ms returns FALSE
T9B44 224:688.032 JLINK_IsHalted()
T9B44 224:688.672 - 0.642ms returns FALSE
T9B44 224:688.688 JLINK_IsHalted()
T9B44 224:689.232 - 0.525ms returns FALSE
T9B44 224:797.664 JLINK_IsHalted()
T9B44 224:798.240 - 0.563ms returns FALSE
T9B44 224:798.256 JLINK_IsHalted()
T9B44 224:798.768 - 0.495ms returns FALSE
T9B44 224:907.056 JLINK_IsHalted()
T9B44 224:908.976 - 1.914ms returns FALSE
T9B44 224:909.008 JLINK_IsHalted()
T9B44 224:909.568 - 0.556ms returns FALSE
T9B44 225:015.968 JLINK_IsHalted()
T9B44 225:016.544 - 0.586ms returns FALSE
T9B44 225:016.544 JLINK_IsHalted()
T9B44 225:017.056 - 0.505ms returns FALSE
T9B44 225:125.088 JLINK_IsHalted()
T9B44 225:125.760 - 0.663ms returns FALSE
T9B44 225:125.808 JLINK_IsHalted()
T9B44 225:126.320 - 0.513ms returns FALSE
T9B44 225:234.656 JLINK_IsHalted()
T9B44 225:235.248 - 0.572ms returns FALSE
T9B44 225:235.280 JLINK_IsHalted()
T9B44 225:235.712 - 0.434ms returns FALSE
T9B44 225:344.864 JLINK_IsHalted()
T9B44 225:345.568 - 0.676ms returns FALSE
T9B44 225:345.584 JLINK_IsHalted()
T9B44 225:346.144 - 0.553ms returns FALSE
T778C 225:369.648 JLINK_IsHalted()
T778C 225:370.080 - 0.438ms returns FALSE
T778C 225:370.144 JLINK_IsHalted()
T778C 225:370.704 - 0.558ms returns FALSE
T9B44 225:453.904 JLINK_IsHalted()
T9B44 225:454.544 - 0.649ms returns FALSE
T9B44 225:454.624 JLINK_IsHalted()
T9B44 225:455.184 - 0.575ms returns FALSE
T9B44 225:562.720 JLINK_IsHalted()
T9B44 225:563.296 - 0.559ms returns FALSE
T9B44 225:563.344 JLINK_IsHalted()
T9B44 225:563.872 - 0.539ms returns FALSE
T9B44 225:672.352 JLINK_IsHalted()
T9B44 225:672.992 - 0.642ms returns FALSE
T9B44 225:673.008 JLINK_IsHalted()
T9B44 225:675.104 - 2.084ms returns FALSE
T9B44 225:781.760 JLINK_IsHalted()
T9B44 225:782.400 - 0.641ms returns FALSE
T9B44 225:782.432 JLINK_IsHalted()
T9B44 225:782.864 - 0.422ms returns FALSE
T9B44 225:891.744 JLINK_IsHalted()
T9B44 225:892.608 - 0.885ms returns FALSE
T9B44 225:892.656 JLINK_IsHalted()
T9B44 225:893.200 - 0.551ms returns FALSE
T9B44 226:000.560 JLINK_IsHalted()
T9B44 226:001.584 - 1.016ms returns FALSE
T9B44 226:001.616 JLINK_IsHalted()
T9B44 226:002.128 - 0.506ms returns FALSE
T9B44 226:110.208 JLINK_IsHalted()
T9B44 226:110.880 - 0.664ms returns FALSE
T9B44 226:110.896 JLINK_IsHalted()
T9B44 226:111.440 - 0.527ms returns FALSE
T9B44 226:219.344 JLINK_IsHalted()
T9B44 226:219.984 - 0.617ms returns FALSE
T9B44 226:220.000 JLINK_IsHalted()
T9B44 226:220.576 - 0.561ms returns FALSE
T9B44 226:328.928 JLINK_IsHalted()
T9B44 226:329.552 - 0.600ms returns FALSE
T9B44 226:329.568 JLINK_IsHalted()
T9B44 226:330.144 - 0.558ms returns FALSE
T778C 226:371.888 JLINK_IsHalted()
T778C 226:372.560 - 0.658ms returns FALSE
T778C 226:372.576 JLINK_IsHalted()
T778C 226:373.216 - 0.638ms returns FALSE
T9B44 226:438.320 JLINK_IsHalted()
T9B44 226:438.912 - 0.592ms returns FALSE
T9B44 226:438.944 JLINK_IsHalted()
T9B44 226:439.376 - 0.443ms returns FALSE
T9B44 226:547.632 JLINK_IsHalted()
T9B44 226:548.304 - 0.672ms returns FALSE
T9B44 226:548.352 JLINK_IsHalted()
T9B44 226:548.864 - 0.528ms returns FALSE
T9B44 226:656.464 JLINK_IsHalted()
T9B44 226:656.864 - 0.429ms returns FALSE
T9B44 226:656.896 JLINK_IsHalted()
T9B44 226:657.248 - 0.346ms returns FALSE
T9B44 226:765.952 JLINK_IsHalted()
T9B44 226:766.544 - 0.593ms returns FALSE
T9B44 226:766.544 JLINK_IsHalted()
T9B44 226:767.008 - 0.450ms returns FALSE
T9B44 226:875.824 JLINK_IsHalted()
T9B44 226:876.368 - 0.555ms returns FALSE
T9B44 226:876.384 JLINK_IsHalted()
T9B44 226:876.832 - 0.420ms returns FALSE
T9B44 226:985.088 JLINK_IsHalted()
T9B44 226:985.696 - 0.621ms returns FALSE
T9B44 226:985.728 JLINK_IsHalted()
T9B44 226:986.192 - 0.465ms returns FALSE
T9B44 227:094.224 JLINK_IsHalted()
T9B44 227:094.880 - 0.680ms returns FALSE
T9B44 227:094.912 JLINK_IsHalted()
T9B44 227:095.456 - 0.525ms returns FALSE
T9B44 227:204.016 JLINK_IsHalted()
T9B44 227:204.608 - 0.565ms returns FALSE
T9B44 227:204.608 JLINK_IsHalted()
T9B44 227:205.120 - 0.493ms returns FALSE
T9B44 227:312.864 JLINK_IsHalted()
T9B44 227:313.376 - 0.523ms returns FALSE
T9B44 227:313.408 JLINK_IsHalted()
T9B44 227:313.824 - 0.413ms returns FALSE
T778C 227:374.368 JLINK_IsHalted()
T778C 227:374.944 - 0.597ms returns FALSE
T778C 227:374.976 JLINK_IsHalted()
T778C 227:375.392 - 0.410ms returns FALSE
T9B44 227:422.464 JLINK_IsHalted()
T9B44 227:422.944 - 0.490ms returns FALSE
T9B44 227:422.976 JLINK_IsHalted()
T9B44 227:423.952 - 0.981ms returns FALSE
T9B44 227:531.824 JLINK_IsHalted()
T9B44 227:532.240 - 0.412ms returns FALSE
T9B44 227:532.256 JLINK_IsHalted()
T9B44 227:532.640 - 0.391ms returns FALSE
T9B44 227:641.424 JLINK_IsHalted()
T9B44 227:641.904 - 0.504ms returns FALSE
T9B44 227:641.936 JLINK_IsHalted()
T9B44 227:642.368 - 0.426ms returns FALSE
T9B44 227:750.352 JLINK_IsHalted()
T9B44 227:750.960 - 0.609ms returns FALSE
T9B44 227:750.960 JLINK_IsHalted()
T9B44 227:751.504 - 0.536ms returns FALSE
T9B44 227:859.584 JLINK_IsHalted()
T9B44 227:860.176 - 0.596ms returns FALSE
T9B44 227:860.192 JLINK_IsHalted()
T9B44 227:860.736 - 0.547ms returns FALSE
T9B44 227:969.360 JLINK_IsHalted()
T9B44 227:969.888 - 0.531ms returns FALSE
T9B44 227:969.920 JLINK_IsHalted()
T9B44 227:970.336 - 0.421ms returns FALSE
T9B44 228:078.896 JLINK_IsHalted()
T9B44 228:079.440 - 0.538ms returns FALSE
T9B44 228:079.440 JLINK_IsHalted()
T9B44 228:079.872 - 0.428ms returns FALSE
T9B44 228:188.256 JLINK_IsHalted()
T9B44 228:190.080 - 1.802ms returns FALSE
T9B44 228:190.112 JLINK_IsHalted()
T9B44 228:191.360 - 1.246ms returns FALSE
T9B44 228:297.680 JLINK_IsHalted()
T9B44 228:298.064 - 0.375ms returns FALSE
T9B44 228:298.064 JLINK_IsHalted()
T9B44 228:298.400 - 0.316ms returns FALSE
T778C 228:375.200 JLINK_IsHalted()
T778C 228:375.680 - 0.492ms returns FALSE
T778C 228:375.712 JLINK_IsHalted()
T778C 228:376.096 - 0.378ms returns FALSE
T9B44 228:406.816 JLINK_IsHalted()
T9B44 228:407.648 - 0.839ms returns FALSE
T9B44 228:407.680 JLINK_IsHalted()
T9B44 228:408.160 - 0.484ms returns FALSE
T9B44 228:516.256 JLINK_IsHalted()
T9B44 228:516.832 - 0.586ms returns FALSE
T9B44 228:516.832 JLINK_IsHalted()
T9B44 228:517.248 - 0.396ms returns FALSE
T9B44 228:625.232 JLINK_IsHalted()
T9B44 228:625.760 - 0.524ms returns FALSE
T9B44 228:625.760 JLINK_IsHalted()
T9B44 228:626.176 - 0.404ms returns FALSE
T9B44 228:735.360 JLINK_IsHalted()
T9B44 228:735.968 - 0.620ms returns FALSE
T9B44 228:736.000 JLINK_IsHalted()
T9B44 228:736.560 - 0.567ms returns FALSE
T9B44 228:843.984 JLINK_IsHalted()
T9B44 228:844.512 - 0.526ms returns FALSE
T9B44 228:844.544 JLINK_IsHalted()
T9B44 228:845.952 - 1.423ms returns FALSE
T9B44 228:953.824 JLINK_IsHalted()
T9B44 228:954.400 - 0.551ms returns FALSE
T9B44 228:954.416 JLINK_IsHalted()
T9B44 228:955.136 - 0.733ms returns FALSE
T9B44 229:063.072 JLINK_IsHalted()
T9B44 229:063.600 - 0.523ms returns FALSE
T9B44 229:063.632 JLINK_IsHalted()
T9B44 229:064.064 - 0.450ms returns FALSE
T9B44 229:172.224 JLINK_IsHalted()
T9B44 229:172.704 - 0.478ms returns FALSE
T9B44 229:172.736 JLINK_IsHalted()
T9B44 229:173.344 - 0.634ms returns FALSE
T9B44 229:281.920 JLINK_IsHalted()
T9B44 229:282.480 - 0.559ms returns FALSE
T9B44 229:282.480 JLINK_IsHalted()
T9B44 229:283.040 - 0.549ms returns FALSE
T778C 229:376.416 JLINK_IsHalted()
T778C 229:376.848 - 0.421ms returns FALSE
T778C 229:376.864 JLINK_IsHalted()
T778C 229:377.328 - 0.467ms returns FALSE
T9B44 229:391.456 JLINK_IsHalted()
T9B44 229:391.904 - 0.447ms returns FALSE
T9B44 229:391.920 JLINK_IsHalted()
T9B44 229:392.336 - 0.399ms returns FALSE
T9B44 229:500.288 JLINK_IsHalted()
T9B44 229:501.056 - 0.764ms returns FALSE
T9B44 229:501.088 JLINK_IsHalted()
T9B44 229:501.440 - 0.374ms returns FALSE
T9B44 229:609.984 JLINK_IsHalted()
T9B44 229:610.400 - 0.417ms returns FALSE
T9B44 229:610.416 JLINK_IsHalted()
T9B44 229:610.704 - 0.288ms returns FALSE
T9B44 229:719.120 JLINK_IsHalted()
T9B44 229:719.600 - 0.484ms returns FALSE
T9B44 229:719.632 JLINK_IsHalted()
T9B44 229:720.032 - 0.423ms returns FALSE
T9B44 229:828.384 JLINK_IsHalted()
T9B44 229:829.040 - 0.674ms returns FALSE
T9B44 229:829.072 JLINK_IsHalted()
T9B44 229:829.552 - 0.492ms returns FALSE
T9B44 229:937.840 JLINK_IsHalted()
T9B44 229:938.464 - 0.606ms returns FALSE
T9B44 229:938.480 JLINK_IsHalted()
T9B44 229:938.944 - 0.455ms returns FALSE
T9B44 230:047.440 JLINK_IsHalted()
T9B44 230:048.032 - 0.596ms returns FALSE
T9B44 230:048.048 JLINK_IsHalted()
T9B44 230:048.432 - 0.384ms returns FALSE
T9B44 230:156.976 JLINK_IsHalted()
T9B44 230:157.568 - 0.584ms returns FALSE
T9B44 230:157.600 JLINK_IsHalted()
T9B44 230:158.160 - 0.558ms returns FALSE
T9B44 230:265.856 JLINK_IsHalted()
T9B44 230:266.400 - 0.523ms returns FALSE
T9B44 230:266.400 JLINK_IsHalted()
T9B44 230:266.928 - 0.527ms returns FALSE
T9B44 230:375.712 JLINK_IsHalted()
T9B44 230:376.160 - 0.463ms returns FALSE
T9B44 230:376.160 JLINK_IsHalted()
T9B44 230:376.576 - 0.404ms returns FALSE
T778C 230:378.464 JLINK_IsHalted()
T778C 230:378.832 - 0.362ms returns FALSE
T778C 230:378.848 JLINK_IsHalted()
T778C 230:379.216 - 0.380ms returns FALSE
T9B44 230:485.296 JLINK_IsHalted()
T9B44 230:485.728 - 0.441ms returns FALSE
T9B44 230:485.760 JLINK_IsHalted()
T9B44 230:486.496 - 0.748ms returns FALSE
T9B44 230:594.608 JLINK_IsHalted()
T9B44 230:595.680 - 1.056ms returns FALSE
T9B44 230:595.840 JLINK_IsHalted()
T9B44 230:596.176 - 0.334ms returns FALSE
T9B44 230:703.968 JLINK_IsHalted()
T9B44 230:704.512 - 0.537ms returns FALSE
T9B44 230:704.512 JLINK_IsHalted()
T9B44 230:704.864 - 0.358ms returns FALSE
T9B44 230:813.024 JLINK_IsHalted()
T9B44 230:814.944 - 1.915ms returns FALSE
T9B44 230:814.976 JLINK_IsHalted()
T9B44 230:815.312 - 0.323ms returns FALSE
T9B44 230:923.056 JLINK_IsHalted()
T9B44 230:924.064 - 1.001ms returns FALSE
T9B44 230:924.080 JLINK_IsHalted()
T9B44 230:924.752 - 0.649ms returns FALSE
T9B44 231:031.712 JLINK_IsHalted()
T9B44 231:032.368 - 0.653ms returns FALSE
T9B44 231:032.368 JLINK_IsHalted()
T9B44 231:032.832 - 0.458ms returns FALSE
T9B44 231:141.248 JLINK_IsHalted()
T9B44 231:141.760 - 0.498ms returns FALSE
T9B44 231:141.792 JLINK_IsHalted()
T9B44 231:142.272 - 0.506ms returns FALSE
T9B44 231:250.128 JLINK_IsHalted()
T9B44 231:250.640 - 0.505ms returns FALSE
T9B44 231:250.640 JLINK_IsHalted()
T9B44 231:251.200 - 0.544ms returns FALSE
T9B44 231:360.000 JLINK_IsHalted()
T9B44 231:360.592 - 0.591ms returns FALSE
T9B44 231:360.608 JLINK_IsHalted()
T9B44 231:361.152 - 0.522ms returns FALSE
T778C 231:379.968 JLINK_IsHalted()
T778C 231:380.448 - 0.465ms returns FALSE
T778C 231:380.448 JLINK_IsHalted()
T778C 231:380.960 - 0.494ms returns FALSE
T9B44 231:469.392 JLINK_IsHalted()
T9B44 231:469.984 - 0.572ms returns FALSE
T9B44 231:470.000 JLINK_IsHalted()
T9B44 231:470.512 - 0.521ms returns FALSE
T9B44 231:578.272 JLINK_IsHalted()
T9B44 231:578.704 - 0.432ms returns FALSE
T9B44 231:578.720 JLINK_IsHalted()
T9B44 231:579.136 - 0.417ms returns FALSE
T9B44 231:687.856 JLINK_IsHalted()
T9B44 231:688.416 - 0.550ms returns FALSE
T9B44 231:688.448 JLINK_IsHalted()
T9B44 231:689.008 - 0.574ms returns FALSE
T9B44 231:796.992 JLINK_IsHalted()
T9B44 231:797.456 - 0.456ms returns FALSE
T9B44 231:797.456 JLINK_IsHalted()
T9B44 231:797.856 - 0.394ms returns FALSE
T9B44 231:906.944 JLINK_IsHalted()
T9B44 231:907.712 - 0.758ms returns FALSE
T9B44 231:907.744 JLINK_IsHalted()
T9B44 231:908.304 - 0.552ms returns FALSE
T9B44 232:016.720 JLINK_IsHalted()
T9B44 232:017.280 - 0.574ms returns FALSE
T9B44 232:017.312 JLINK_IsHalted()
T9B44 232:017.840 - 0.535ms returns FALSE
T9B44 232:125.728 JLINK_IsHalted()
T9B44 232:126.208 - 0.487ms returns FALSE
T9B44 232:126.240 JLINK_IsHalted()
T9B44 232:126.672 - 0.444ms returns FALSE
T9B44 232:234.624 JLINK_IsHalted()
T9B44 232:235.056 - 0.425ms returns FALSE
T9B44 232:235.088 JLINK_IsHalted()
T9B44 232:235.488 - 0.408ms returns FALSE
T9B44 232:344.800 JLINK_IsHalted()
T9B44 232:345.296 - 0.476ms returns FALSE
T9B44 232:345.312 JLINK_IsHalted()
T9B44 232:345.824 - 0.512ms returns FALSE
T778C 232:381.696 JLINK_IsHalted()
T778C 232:382.288 - 0.599ms returns FALSE
T778C 232:382.304 JLINK_IsHalted()
T778C 232:382.816 - 0.516ms returns FALSE
T9B44 232:453.936 JLINK_IsHalted()
T9B44 232:454.560 - 0.612ms returns FALSE
T9B44 232:454.576 JLINK_IsHalted()
T9B44 232:455.136 - 0.570ms returns FALSE
T9B44 232:563.168 JLINK_IsHalted()
T9B44 232:563.712 - 0.522ms returns FALSE
T9B44 232:563.712 JLINK_IsHalted()
T9B44 232:564.224 - 0.492ms returns FALSE
T9B44 232:672.864 JLINK_IsHalted()
T9B44 232:673.632 - 0.771ms returns FALSE
T9B44 232:673.664 JLINK_IsHalted()
T9B44 232:674.048 - 0.377ms returns FALSE
T9B44 232:781.648 JLINK_IsHalted()
T9B44 232:782.160 - 0.506ms returns FALSE
T9B44 232:782.176 JLINK_IsHalted()
T9B44 232:782.560 - 0.380ms returns FALSE
T9B44 232:890.928 JLINK_IsHalted()
T9B44 232:891.520 - 0.588ms returns FALSE
T9B44 232:891.568 JLINK_IsHalted()
T9B44 232:892.064 - 0.477ms returns FALSE
T9B44 233:000.368 JLINK_IsHalted()
T9B44 233:001.184 - 0.834ms returns FALSE
T9B44 233:001.264 JLINK_IsHalted()
T9B44 233:001.984 - 0.711ms returns FALSE
T9B44 233:110.320 JLINK_IsHalted()
T9B44 233:110.960 - 0.641ms returns FALSE
T9B44 233:111.008 JLINK_IsHalted()
T9B44 233:111.552 - 0.523ms returns FALSE
T9B44 233:219.408 JLINK_IsHalted()
T9B44 233:219.872 - 0.457ms returns FALSE
T9B44 233:219.888 JLINK_IsHalted()
T9B44 233:220.272 - 0.369ms returns FALSE
T9B44 233:328.928 JLINK_IsHalted()
T9B44 233:329.312 - 0.376ms returns FALSE
T9B44 233:329.312 JLINK_IsHalted()
T9B44 233:329.632 - 0.314ms returns FALSE
T778C 233:384.400 JLINK_IsHalted()
T778C 233:384.864 - 0.466ms returns FALSE
T778C 233:384.880 JLINK_IsHalted()
T778C 233:385.344 - 0.466ms returns FALSE
T9B44 233:437.776 JLINK_IsHalted()
T9B44 233:438.304 - 0.537ms returns FALSE
T9B44 233:438.304 JLINK_IsHalted()
T9B44 233:438.752 - 0.432ms returns FALSE
T9B44 233:547.472 JLINK_IsHalted()
T9B44 233:547.936 - 0.479ms returns FALSE
T9B44 233:547.952 JLINK_IsHalted()
T9B44 233:548.368 - 0.417ms returns FALSE
T9B44 233:657.248 JLINK_IsHalted()
T9B44 233:658.240 - 0.986ms returns FALSE
T9B44 233:658.272 JLINK_IsHalted()
T9B44 233:658.624 - 0.370ms returns FALSE
T9B44 233:765.760 JLINK_IsHalted()
T9B44 233:766.192 - 0.447ms returns FALSE
T9B44 233:766.224 JLINK_IsHalted()
T9B44 233:766.576 - 0.370ms returns FALSE
T9B44 233:875.840 JLINK_IsHalted()
T9B44 233:876.352 - 0.533ms returns FALSE
T9B44 233:876.400 JLINK_IsHalted()
T9B44 233:876.896 - 0.479ms returns FALSE
T9B44 233:985.280 JLINK_IsHalted()
T9B44 233:985.952 - 0.654ms returns FALSE
T9B44 233:985.968 JLINK_IsHalted()
T9B44 233:986.432 - 0.474ms returns FALSE
T9B44 234:094.672 JLINK_IsHalted()
T9B44 234:095.264 - 0.598ms returns FALSE
T9B44 234:095.312 JLINK_IsHalted()
T9B44 234:095.840 - 0.541ms returns FALSE
T9B44 234:204.112 JLINK_IsHalted()
T9B44 234:204.624 - 0.510ms returns FALSE
T9B44 234:204.640 JLINK_IsHalted()
T9B44 234:205.056 - 0.407ms returns FALSE
T9B44 234:312.912 JLINK_IsHalted()
T9B44 234:313.424 - 0.502ms returns FALSE
T9B44 234:313.424 JLINK_IsHalted()
T9B44 234:313.856 - 0.423ms returns FALSE
T778C 234:386.048 JLINK_IsHalted()
T778C 234:386.592 - 0.524ms returns FALSE
T778C 234:386.608 JLINK_IsHalted()
T778C 234:387.024 - 0.400ms returns FALSE
T9B44 234:422.480 JLINK_IsHalted()
T9B44 234:423.008 - 0.554ms returns FALSE
T9B44 234:423.040 JLINK_IsHalted()
T9B44 234:423.456 - 0.417ms returns FALSE
T9B44 234:532.048 JLINK_IsHalted()
T9B44 234:532.576 - 0.518ms returns FALSE
T9B44 234:532.576 JLINK_IsHalted()
T9B44 234:533.024 - 0.440ms returns FALSE
T9B44 234:640.976 JLINK_IsHalted()
T9B44 234:641.536 - 0.552ms returns FALSE
T9B44 234:641.536 JLINK_IsHalted()
T9B44 234:642.000 - 0.462ms returns FALSE
T9B44 234:750.368 JLINK_IsHalted()
T9B44 234:750.752 - 0.377ms returns FALSE
T9B44 234:750.768 JLINK_IsHalted()
T9B44 234:751.264 - 0.478ms returns FALSE
T9B44 234:859.680 JLINK_IsHalted()
T9B44 234:860.512 - 0.829ms returns FALSE
T9B44 234:860.576 JLINK_IsHalted()
T9B44 234:863.360 - 2.764ms returns FALSE
T9B44 234:969.504 JLINK_IsHalted()
T9B44 234:970.160 - 0.673ms returns FALSE
T9B44 234:970.208 JLINK_IsHalted()
T9B44 234:970.912 - 0.695ms returns FALSE
T9B44 235:078.496 JLINK_IsHalted()
T9B44 235:080.480 - 1.950ms returns FALSE
T9B44 235:080.528 JLINK_IsHalted()
T9B44 235:081.168 - 0.652ms returns FALSE
T9B44 235:188.560 JLINK_IsHalted()
T9B44 235:189.024 - 0.452ms returns FALSE
T9B44 235:189.072 JLINK_IsHalted()
T9B44 235:189.472 - 0.425ms returns FALSE
T9B44 235:297.456 JLINK_IsHalted()
T9B44 235:298.080 - 0.610ms returns FALSE
T9B44 235:298.096 JLINK_IsHalted()
T9B44 235:298.592 - 0.499ms returns FALSE
T778C 235:387.088 JLINK_IsHalted()
T778C 235:387.648 - 0.560ms returns FALSE
T778C 235:387.680 JLINK_IsHalted()
T778C 235:388.128 - 0.461ms returns FALSE
T9B44 235:406.464 JLINK_IsHalted()
T9B44 235:407.536 - 1.076ms returns FALSE
T9B44 235:407.648 JLINK_IsHalted()
T9B44 235:408.384 - 0.734ms returns FALSE
T9B44 235:516.336 JLINK_IsHalted()
T9B44 235:517.104 - 0.772ms returns FALSE
T9B44 235:517.136 JLINK_IsHalted()
T9B44 235:517.568 - 0.420ms returns FALSE
T9B44 235:625.424 JLINK_IsHalted()
T9B44 235:626.032 - 0.622ms returns FALSE
T9B44 235:626.064 JLINK_IsHalted()
T9B44 235:626.544 - 0.483ms returns FALSE
T9B44 235:735.328 JLINK_IsHalted()
T9B44 235:735.904 - 0.573ms returns FALSE
T9B44 235:735.936 JLINK_IsHalted()
T9B44 235:736.496 - 0.567ms returns FALSE
T9B44 235:844.352 JLINK_IsHalted()
T9B44 235:844.992 - 0.633ms returns FALSE
T9B44 235:845.040 JLINK_IsHalted()
T9B44 235:845.584 - 0.552ms returns FALSE
T9B44 235:953.664 JLINK_IsHalted()
T9B44 235:954.304 - 0.615ms returns FALSE
T9B44 235:954.304 JLINK_IsHalted()
T9B44 235:954.816 - 0.492ms returns FALSE
T9B44 236:062.640 JLINK_IsHalted()
T9B44 236:063.264 - 0.601ms returns FALSE
T9B44 236:063.280 JLINK_IsHalted()
T9B44 236:063.776 - 0.490ms returns FALSE
T9B44 236:172.576 JLINK_IsHalted()
T9B44 236:174.768 - 2.208ms returns FALSE
T9B44 236:174.816 JLINK_IsHalted()
T9B44 236:175.360 - 0.547ms returns FALSE
T9B44 236:282.032 JLINK_IsHalted()
T9B44 236:282.624 - 0.590ms returns FALSE
T9B44 236:282.656 JLINK_IsHalted()
T9B44 236:283.136 - 0.478ms returns FALSE
T778C 236:389.088 JLINK_IsHalted()
T778C 236:389.584 - 0.510ms returns FALSE
T778C 236:389.600 JLINK_IsHalted()
T778C 236:391.072 - 1.438ms returns FALSE
T9B44 236:391.504 JLINK_IsHalted()
T9B44 236:392.096 - 0.578ms returns FALSE
T9B44 236:392.112 JLINK_IsHalted()
T9B44 236:392.528 - 0.404ms returns FALSE
T9B44 236:501.024 JLINK_IsHalted()
T9B44 236:501.536 - 0.515ms returns FALSE
T9B44 236:501.552 JLINK_IsHalted()
T9B44 236:502.048 - 0.481ms returns FALSE
T9B44 236:609.744 JLINK_IsHalted()
T9B44 236:610.352 - 0.629ms returns FALSE
T9B44 236:610.384 JLINK_IsHalted()
T9B44 236:610.912 - 0.532ms returns FALSE
T9B44 236:718.928 JLINK_IsHalted()
T9B44 236:719.392 - 0.451ms returns FALSE
T9B44 236:719.408 JLINK_IsHalted()
T9B44 236:719.904 - 0.483ms returns FALSE
T9B44 236:828.704 JLINK_IsHalted()
T9B44 236:829.280 - 0.582ms returns FALSE
T9B44 236:829.568 JLINK_IsHalted()
T9B44 236:830.288 - 0.733ms returns FALSE
T9B44 236:938.368 JLINK_IsHalted()
T9B44 236:938.928 - 0.562ms returns FALSE
T9B44 236:938.976 JLINK_IsHalted()
T9B44 236:939.568 - 0.593ms returns FALSE
T9B44 237:047.648 JLINK_IsHalted()
T9B44 237:048.320 - 0.670ms returns FALSE
T9B44 237:048.352 JLINK_IsHalted()
T9B44 237:048.752 - 0.426ms returns FALSE
T9B44 237:156.640 JLINK_IsHalted()
T9B44 237:157.792 - 1.135ms returns FALSE
T9B44 237:157.808 JLINK_IsHalted()
T9B44 237:158.320 - 0.496ms returns FALSE
T9B44 237:265.920 JLINK_IsHalted()
T9B44 237:266.464 - 0.528ms returns FALSE
T9B44 237:266.480 JLINK_IsHalted()
T9B44 237:267.152 - 0.666ms returns FALSE
T9B44 237:375.264 JLINK_IsHalted()
T9B44 237:375.824 - 0.567ms returns FALSE
T9B44 237:375.840 JLINK_IsHalted()
T9B44 237:376.416 - 0.557ms returns FALSE
T778C 237:391.488 JLINK_IsHalted()
T778C 237:392.048 - 0.560ms returns FALSE
T778C 237:392.080 JLINK_IsHalted()
T778C 237:392.480 - 0.408ms returns FALSE
T9B44 237:485.408 JLINK_IsHalted()
T9B44 237:486.048 - 0.645ms returns FALSE
T9B44 237:486.112 JLINK_IsHalted()
T9B44 237:486.640 - 0.538ms returns FALSE
T9B44 237:594.704 JLINK_IsHalted()
T9B44 237:595.552 - 0.834ms returns FALSE
T9B44 237:595.600 JLINK_IsHalted()
T9B44 237:596.208 - 0.596ms returns FALSE
T9B44 237:703.264 JLINK_IsHalted()
T9B44 237:704.016 - 0.745ms returns FALSE
T9B44 237:704.064 JLINK_IsHalted()
T9B44 237:704.656 - 0.591ms returns FALSE
T9B44 237:813.536 JLINK_IsHalted()
T9B44 237:814.176 - 0.632ms returns FALSE
T9B44 237:814.224 JLINK_IsHalted()
T9B44 237:814.688 - 0.451ms returns FALSE
T9B44 237:922.208 JLINK_IsHalted()
T9B44 237:922.720 - 0.503ms returns FALSE
T9B44 237:922.736 JLINK_IsHalted()
T9B44 237:925.152 - 2.408ms returns FALSE
T9B44 238:032.048 JLINK_IsHalted()
T9B44 238:032.672 - 0.620ms returns FALSE
T9B44 238:032.688 JLINK_IsHalted()
T9B44 238:033.232 - 0.526ms returns FALSE
T9B44 238:141.184 JLINK_IsHalted()
T9B44 238:141.664 - 0.491ms returns FALSE
T9B44 238:141.728 JLINK_IsHalted()
T9B44 238:142.208 - 0.506ms returns FALSE
T9B44 238:251.088 JLINK_IsHalted()
T9B44 238:251.680 - 0.599ms returns FALSE
T9B44 238:251.696 JLINK_IsHalted()
T9B44 238:252.208 - 0.524ms returns FALSE
T9B44 238:360.608 JLINK_IsHalted()
T9B44 238:361.136 - 0.538ms returns FALSE
T9B44 238:361.168 JLINK_IsHalted()
T9B44 238:361.632 - 0.475ms returns FALSE
T778C 238:393.136 JLINK_IsHalted()
T778C 238:393.632 - 0.499ms returns FALSE
T778C 238:393.696 JLINK_IsHalted()
T778C 238:394.160 - 0.465ms returns FALSE
T9B44 238:469.600 JLINK_IsHalted()
T9B44 238:471.520 - 1.929ms returns FALSE
T9B44 238:471.584 JLINK_IsHalted()
T9B44 238:472.032 - 0.464ms returns FALSE
T9B44 238:578.912 JLINK_IsHalted()
T9B44 238:579.632 - 0.717ms returns FALSE
T9B44 238:579.664 JLINK_IsHalted()
T9B44 238:580.048 - 0.377ms returns FALSE
T9B44 238:687.776 JLINK_IsHalted()
T9B44 238:688.432 - 0.683ms returns FALSE
T9B44 238:688.480 JLINK_IsHalted()
T9B44 238:689.152 - 0.671ms returns FALSE
T9B44 238:797.232 JLINK_IsHalted()
T9B44 238:797.776 - 0.530ms returns FALSE
T9B44 238:797.792 JLINK_IsHalted()
T9B44 238:798.288 - 0.494ms returns FALSE
T9B44 238:906.528 JLINK_IsHalted()
T9B44 238:907.136 - 0.617ms returns FALSE
T9B44 238:907.168 JLINK_IsHalted()
T9B44 238:907.728 - 0.555ms returns FALSE
T9B44 239:016.064 JLINK_IsHalted()
T9B44 239:016.736 - 0.661ms returns FALSE
T9B44 239:016.752 JLINK_IsHalted()
T9B44 239:017.296 - 0.532ms returns FALSE
T9B44 239:125.424 JLINK_IsHalted()
T9B44 239:126.112 - 0.671ms returns FALSE
T9B44 239:126.112 JLINK_IsHalted()
T9B44 239:126.624 - 0.489ms returns FALSE
T9B44 239:235.248 JLINK_IsHalted()
T9B44 239:235.744 - 0.475ms returns FALSE
T9B44 239:235.760 JLINK_IsHalted()
T9B44 239:236.272 - 0.507ms returns FALSE
T9B44 239:344.432 JLINK_IsHalted()
T9B44 239:345.024 - 0.606ms returns FALSE
T9B44 239:345.072 JLINK_IsHalted()
T9B44 239:345.488 - 0.414ms returns FALSE
T778C 239:394.912 JLINK_IsHalted()
T778C 239:397.552 - 2.653ms returns FALSE
T778C 239:397.600 JLINK_IsHalted()
T778C 239:398.144 - 0.547ms returns FALSE
T9B44 239:453.920 JLINK_IsHalted()
T9B44 239:454.672 - 0.733ms returns FALSE
T9B44 239:454.688 JLINK_IsHalted()
T9B44 239:455.232 - 0.541ms returns FALSE
T9B44 239:563.184 JLINK_IsHalted()
T9B44 239:563.856 - 0.656ms returns FALSE
T9B44 239:563.904 JLINK_IsHalted()
T9B44 239:564.464 - 0.565ms returns FALSE
T9B44 239:672.496 JLINK_IsHalted()
T9B44 239:673.008 - 0.518ms returns FALSE
T9B44 239:673.056 JLINK_IsHalted()
T9B44 239:674.400 - 1.326ms returns FALSE
T9B44 239:782.304 JLINK_IsHalted()
T9B44 239:782.784 - 0.469ms returns FALSE
T9B44 239:782.832 JLINK_IsHalted()
T9B44 239:783.504 - 0.664ms returns FALSE
T9B44 239:890.992 JLINK_IsHalted()
T9B44 239:891.840 - 0.862ms returns FALSE
T9B44 239:891.888 JLINK_IsHalted()
T9B44 239:892.448 - 0.555ms returns FALSE
T9B44 240:000.736 JLINK_IsHalted()
T9B44 240:001.248 - 0.502ms returns FALSE
T9B44 240:001.280 JLINK_IsHalted()
T9B44 240:001.840 - 0.557ms returns FALSE
T9B44 240:109.872 JLINK_IsHalted()
T9B44 240:110.512 - 0.632ms returns FALSE
T9B44 240:110.544 JLINK_IsHalted()
T9B44 240:112.848 - 2.321ms returns FALSE
T9B44 240:219.440 JLINK_IsHalted()
T9B44 240:220.032 - 0.584ms returns FALSE
T9B44 240:220.064 JLINK_IsHalted()
T9B44 240:220.512 - 0.476ms returns FALSE
T9B44 240:329.008 JLINK_IsHalted()
T9B44 240:329.552 - 0.529ms returns FALSE
T9B44 240:329.552 JLINK_IsHalted()
T9B44 240:329.984 - 0.432ms returns FALSE
T778C 240:399.408 JLINK_IsHalted()
T778C 240:399.968 - 0.567ms returns FALSE
T778C 240:399.968 JLINK_IsHalted()
T778C 240:400.416 - 0.418ms returns FALSE
T9B44 240:437.856 JLINK_IsHalted()
T9B44 240:438.480 - 0.600ms returns FALSE
T9B44 240:438.496 JLINK_IsHalted()
T9B44 240:439.040 - 0.539ms returns FALSE
T9B44 240:547.760 JLINK_IsHalted()
T9B44 240:548.448 - 0.680ms returns FALSE
T9B44 240:548.480 JLINK_IsHalted()
T9B44 240:549.072 - 0.592ms returns FALSE
T9B44 240:656.432 JLINK_IsHalted()
T9B44 240:658.480 - 2.032ms returns FALSE
T9B44 240:658.512 JLINK_IsHalted()
T9B44 240:658.944 - 0.437ms returns FALSE
T9B44 240:766.592 JLINK_IsHalted()
T9B44 240:767.024 - 0.441ms returns FALSE
T9B44 240:767.056 JLINK_IsHalted()
T9B44 240:767.440 - 0.391ms returns FALSE
T9B44 240:875.520 JLINK_IsHalted()
T9B44 240:876.032 - 0.521ms returns FALSE
T9B44 240:876.064 JLINK_IsHalted()
T9B44 240:878.416 - 2.342ms returns FALSE
T9B44 240:984.448 JLINK_IsHalted()
T9B44 240:985.168 - 0.699ms returns FALSE
T9B44 240:985.168 JLINK_IsHalted()
T9B44 240:985.776 - 0.601ms returns FALSE
T9B44 241:094.912 JLINK_IsHalted()
T9B44 241:095.344 - 0.430ms returns FALSE
T9B44 241:095.376 JLINK_IsHalted()
T9B44 241:095.776 - 0.421ms returns FALSE
T9B44 241:203.584 JLINK_IsHalted()
T9B44 241:204.256 - 0.647ms returns FALSE
T9B44 241:204.256 JLINK_IsHalted()
T9B44 241:204.816 - 0.548ms returns FALSE
T9B44 241:313.120 JLINK_IsHalted()
T9B44 241:315.120 - 1.989ms returns FALSE
T9B44 241:315.152 JLINK_IsHalted()
T9B44 241:315.584 - 0.429ms returns FALSE
T778C 241:400.064 JLINK_IsHalted()
T778C 241:403.040 - 2.958ms returns FALSE
T778C 241:403.040 JLINK_IsHalted()
T778C 241:403.472 - 0.418ms returns FALSE
T9B44 241:422.512 JLINK_IsHalted()
T9B44 241:424.672 - 2.138ms returns FALSE
T9B44 241:424.688 JLINK_IsHalted()
T9B44 241:425.328 - 0.630ms returns FALSE
T9B44 241:532.032 JLINK_IsHalted()
T9B44 241:532.464 - 0.413ms returns FALSE
T9B44 241:532.464 JLINK_IsHalted()
T9B44 241:532.832 - 0.361ms returns FALSE
T9B44 241:641.088 JLINK_IsHalted()
T9B44 241:643.056 - 1.969ms returns FALSE
T9B44 241:643.136 JLINK_IsHalted()
T9B44 241:644.160 - 1.045ms returns FALSE
T9B44 241:750.832 JLINK_IsHalted()
T9B44 241:751.424 - 0.578ms returns FALSE
T9B44 241:751.456 JLINK_IsHalted()
T9B44 241:752.096 - 0.652ms returns FALSE
T9B44 241:860.144 JLINK_IsHalted()
T9B44 241:862.832 - 2.684ms returns FALSE
T9B44 241:862.880 JLINK_IsHalted()
T9B44 241:863.472 - 0.582ms returns FALSE
T9B44 241:969.376 JLINK_IsHalted()
T9B44 241:969.968 - 0.598ms returns FALSE
T9B44 241:970.016 JLINK_IsHalted()
T9B44 241:970.400 - 0.376ms returns FALSE
T9B44 242:078.496 JLINK_IsHalted()
T9B44 242:079.184 - 0.675ms returns FALSE
T9B44 242:079.200 JLINK_IsHalted()
T9B44 242:079.744 - 0.549ms returns FALSE
T9B44 242:188.448 JLINK_IsHalted()
T9B44 242:188.896 - 0.460ms returns FALSE
T9B44 242:188.928 JLINK_IsHalted()
T9B44 242:189.312 - 0.399ms returns FALSE
T9B44 242:297.088 JLINK_IsHalted()
T9B44 242:297.552 - 0.455ms returns FALSE
T9B44 242:297.568 JLINK_IsHalted()
T9B44 242:297.984 - 0.405ms returns FALSE
T778C 242:404.384 JLINK_IsHalted()
T778C 242:404.832 - 0.444ms returns FALSE
T778C 242:404.864 JLINK_IsHalted()
T778C 242:405.280 - 0.413ms returns FALSE
T9B44 242:407.040 JLINK_IsHalted()
T9B44 242:407.504 - 0.476ms returns FALSE
T9B44 242:407.552 JLINK_IsHalted()
T9B44 242:407.840 - 0.301ms returns FALSE
T9B44 242:516.144 JLINK_IsHalted()
T9B44 242:516.640 - 0.491ms returns FALSE
T9B44 242:516.656 JLINK_IsHalted()
T9B44 242:517.168 - 0.528ms returns FALSE
T9B44 242:625.280 JLINK_IsHalted()
T9B44 242:625.920 - 0.634ms returns FALSE
T9B44 242:625.952 JLINK_IsHalted()
T9B44 242:626.432 - 0.498ms returns FALSE
T9B44 242:735.392 JLINK_IsHalted()
T9B44 242:735.920 - 0.521ms returns FALSE
T9B44 242:735.920 JLINK_IsHalted()
T9B44 242:736.480 - 0.557ms returns FALSE
T9B44 242:843.984 JLINK_IsHalted()
T9B44 242:844.752 - 0.775ms returns FALSE
T9B44 242:844.800 JLINK_IsHalted()
T9B44 242:845.408 - 0.626ms returns FALSE
T9B44 242:954.336 JLINK_IsHalted()
T9B44 242:954.976 - 0.641ms returns FALSE
T9B44 242:955.008 JLINK_IsHalted()
T9B44 242:955.392 - 0.376ms returns FALSE
T9B44 243:063.520 JLINK_IsHalted()
T9B44 243:064.192 - 0.658ms returns FALSE
T9B44 243:064.224 JLINK_IsHalted()
T9B44 243:064.752 - 0.533ms returns FALSE
T9B44 243:173.072 JLINK_IsHalted()
T9B44 243:173.760 - 0.695ms returns FALSE
T9B44 243:173.808 JLINK_IsHalted()
T9B44 243:175.904 - 2.086ms returns FALSE
T9B44 243:281.408 JLINK_IsHalted()
T9B44 243:282.176 - 0.785ms returns FALSE
T9B44 243:282.224 JLINK_IsHalted()
T9B44 243:282.736 - 0.531ms returns FALSE
T9B44 243:391.232 JLINK_IsHalted()
T9B44 243:392.048 - 0.814ms returns FALSE
T9B44 243:392.128 JLINK_IsHalted()
T9B44 243:392.672 - 0.554ms returns FALSE
T778C 243:406.976 JLINK_IsHalted()
T778C 243:408.944 - 1.967ms returns FALSE
T778C 243:408.992 JLINK_IsHalted()
T778C 243:409.760 - 0.768ms returns FALSE
T9B44 243:500.976 JLINK_IsHalted()
T9B44 243:501.872 - 0.891ms returns FALSE
T9B44 243:501.920 JLINK_IsHalted()
T9B44 243:502.672 - 0.740ms returns FALSE
T9B44 243:609.552 JLINK_IsHalted()
T9B44 243:610.416 - 0.852ms returns FALSE
T9B44 243:610.464 JLINK_IsHalted()
T9B44 243:611.184 - 0.709ms returns FALSE
T9B44 243:719.040 JLINK_IsHalted()
T9B44 243:719.680 - 0.636ms returns FALSE
T9B44 243:719.712 JLINK_IsHalted()
T9B44 243:720.224 - 0.507ms returns FALSE
T9B44 243:828.528 JLINK_IsHalted()
T9B44 243:829.200 - 0.687ms returns FALSE
T9B44 243:829.296 JLINK_IsHalted()
T9B44 243:830.560 - 1.264ms returns FALSE
T9B44 243:938.176 JLINK_IsHalted()
T9B44 243:938.976 - 0.778ms returns FALSE
T9B44 243:939.024 JLINK_IsHalted()
T9B44 243:939.536 - 0.504ms returns FALSE
T9B44 244:047.328 JLINK_IsHalted()
T9B44 244:048.176 - 0.841ms returns FALSE
T9B44 244:048.224 JLINK_IsHalted()
T9B44 244:048.800 - 0.540ms returns FALSE
T9B44 244:156.704 JLINK_IsHalted()
T9B44 244:157.264 - 0.549ms returns FALSE
T9B44 244:157.280 JLINK_IsHalted()
T9B44 244:157.776 - 0.487ms returns FALSE
T9B44 244:266.192 JLINK_IsHalted()
T9B44 244:266.752 - 0.547ms returns FALSE
T9B44 244:266.784 JLINK_IsHalted()
T9B44 244:267.168 - 0.386ms returns FALSE
T9B44 244:375.968 JLINK_IsHalted()
T9B44 244:376.496 - 0.543ms returns FALSE
T9B44 244:376.544 JLINK_IsHalted()
T9B44 244:377.040 - 0.496ms returns FALSE
T778C 244:410.704 JLINK_IsHalted()
T778C 244:411.232 - 0.550ms returns FALSE
T778C 244:411.264 JLINK_IsHalted()
T778C 244:411.680 - 0.417ms returns FALSE
T9B44 244:485.088 JLINK_IsHalted()
T9B44 244:485.792 - 0.700ms returns FALSE
T9B44 244:485.808 JLINK_IsHalted()
T9B44 244:486.320 - 0.498ms returns FALSE
T9B44 244:594.464 JLINK_IsHalted()
T9B44 244:594.912 - 0.475ms returns FALSE
T9B44 244:594.944 JLINK_IsHalted()
T9B44 244:595.360 - 0.394ms returns FALSE
T9B44 244:704.048 JLINK_IsHalted()
T9B44 244:704.672 - 0.621ms returns FALSE
T9B44 244:704.720 JLINK_IsHalted()
T9B44 244:705.200 - 0.477ms returns FALSE
T9B44 244:813.088 JLINK_IsHalted()
T9B44 244:813.568 - 0.486ms returns FALSE
T9B44 244:813.600 JLINK_IsHalted()
T9B44 244:814.000 - 0.420ms returns FALSE
T9B44 244:922.672 JLINK_IsHalted()
T9B44 244:923.168 - 0.506ms returns FALSE
T9B44 244:923.184 JLINK_IsHalted()
T9B44 244:923.824 - 0.630ms returns FALSE
T9B44 245:031.984 JLINK_IsHalted()
T9B44 245:032.496 - 0.505ms returns FALSE
T9B44 245:032.528 JLINK_IsHalted()
T9B44 245:032.992 - 0.466ms returns FALSE
T9B44 245:141.376 JLINK_IsHalted()
T9B44 245:141.984 - 0.633ms returns FALSE
T9B44 245:142.048 JLINK_IsHalted()
T9B44 245:142.912 - 0.612ms returns FALSE
T9B44 245:250.784 JLINK_IsHalted()
T9B44 245:251.232 - 0.415ms returns FALSE
T9B44 245:251.232 JLINK_IsHalted()
T9B44 245:251.552 - 0.329ms returns FALSE
T9B44 245:360.304 JLINK_IsHalted()
T9B44 245:360.720 - 0.405ms returns FALSE
T9B44 245:360.720 JLINK_IsHalted()
T9B44 245:361.072 - 0.363ms returns FALSE
T778C 245:412.304 JLINK_IsHalted()
T778C 245:412.912 - 0.596ms returns FALSE
T778C 245:412.944 JLINK_IsHalted()
T778C 245:413.632 - 0.700ms returns FALSE
T9B44 245:469.792 JLINK_IsHalted()
T9B44 245:470.240 - 0.455ms returns FALSE
T9B44 245:470.256 JLINK_IsHalted()
T9B44 245:471.104 - 0.847ms returns FALSE
T9B44 245:578.544 JLINK_IsHalted()
T9B44 245:579.296 - 0.733ms returns FALSE
T9B44 245:579.744 JLINK_IsHalted()
T9B44 245:580.240 - 0.503ms returns FALSE
T9B44 245:688.352 JLINK_IsHalted()
T9B44 245:688.704 - 0.378ms returns FALSE
T9B44 245:688.736 JLINK_IsHalted()
T9B44 245:689.008 - 0.285ms returns FALSE
T9B44 245:797.936 JLINK_IsHalted()
T9B44 245:798.832 - 0.877ms returns FALSE
T9B44 245:798.912 JLINK_IsHalted()
T9B44 245:799.584 - 0.649ms returns FALSE
T9B44 245:906.560 JLINK_IsHalted()
T9B44 245:907.328 - 0.760ms returns FALSE
T9B44 245:907.360 JLINK_IsHalted()
T9B44 245:907.808 - 0.452ms returns FALSE
T9B44 246:016.592 JLINK_IsHalted()
T9B44 246:017.360 - 0.747ms returns FALSE
T9B44 246:017.376 JLINK_IsHalted()
T9B44 246:018.080 - 0.695ms returns FALSE
T9B44 246:125.152 JLINK_IsHalted()
T9B44 246:126.032 - 0.866ms returns FALSE
T9B44 246:126.112 JLINK_IsHalted()
T9B44 246:126.688 - 0.574ms returns FALSE
T9B44 246:234.592 JLINK_IsHalted()
T9B44 246:235.488 - 0.901ms returns FALSE
T9B44 246:235.520 JLINK_IsHalted()
T9B44 246:236.208 - 0.691ms returns FALSE
T9B44 246:344.736 JLINK_IsHalted()
T9B44 246:345.184 - 0.467ms returns FALSE
T9B44 246:345.216 JLINK_IsHalted()
T9B44 246:345.552 - 0.326ms returns FALSE
T778C 246:414.304 JLINK_IsHalted()
T778C 246:414.752 - 0.431ms returns FALSE
T778C 246:414.800 JLINK_IsHalted()
T778C 246:415.312 - 0.520ms returns FALSE
T9B44 246:453.920 JLINK_IsHalted()
T9B44 246:454.432 - 0.533ms returns FALSE
T9B44 246:454.448 JLINK_IsHalted()
T9B44 246:455.008 - 0.557ms returns FALSE
T9B44 246:562.768 JLINK_IsHalted()
T9B44 246:563.296 - 0.538ms returns FALSE
T9B44 246:563.328 JLINK_IsHalted()
T9B44 246:563.808 - 0.501ms returns FALSE
T9B44 246:672.768 JLINK_IsHalted()
T9B44 246:675.680 - 2.928ms returns FALSE
T9B44 246:675.744 JLINK_IsHalted()
T9B44 246:676.272 - 0.549ms returns FALSE
T9B44 246:782.336 JLINK_IsHalted()
T9B44 246:782.880 - 0.530ms returns FALSE
T9B44 246:782.928 JLINK_IsHalted()
T9B44 246:783.408 - 0.499ms returns FALSE
T9B44 246:891.680 JLINK_IsHalted()
T9B44 246:892.192 - 0.501ms returns FALSE
T9B44 246:892.208 JLINK_IsHalted()
T9B44 246:892.704 - 0.503ms returns FALSE
T9B44 247:000.544 JLINK_IsHalted()
T9B44 247:001.008 - 0.468ms returns FALSE
T9B44 247:001.056 JLINK_IsHalted()
T9B44 247:001.472 - 0.405ms returns FALSE
T9B44 247:110.240 JLINK_IsHalted()
T9B44 247:110.784 - 0.546ms returns FALSE
T9B44 247:110.816 JLINK_IsHalted()
T9B44 247:111.328 - 0.505ms returns FALSE
T9B44 247:219.280 JLINK_IsHalted()
T9B44 247:219.808 - 0.552ms returns FALSE
T9B44 247:219.840 JLINK_IsHalted()
T9B44 247:220.256 - 0.417ms returns FALSE
T9B44 247:328.592 JLINK_IsHalted()
T9B44 247:329.200 - 0.629ms returns FALSE
T9B44 247:329.232 JLINK_IsHalted()
T9B44 247:329.712 - 0.468ms returns FALSE
T778C 247:415.728 JLINK_IsHalted()
T778C 247:416.144 - 0.417ms returns FALSE
T778C 247:416.160 JLINK_IsHalted()
T778C 247:416.544 - 0.389ms returns FALSE
T9B44 247:438.432 JLINK_IsHalted()
T9B44 247:439.024 - 0.580ms returns FALSE
T9B44 247:439.024 JLINK_IsHalted()
T9B44 247:439.440 - 0.403ms returns FALSE
T9B44 247:547.872 JLINK_IsHalted()
T9B44 247:548.336 - 0.447ms returns FALSE
T9B44 247:548.336 JLINK_IsHalted()
T9B44 247:548.704 - 0.355ms returns FALSE
T9B44 247:656.368 JLINK_IsHalted()
T9B44 247:658.464 - 2.086ms returns FALSE
T9B44 247:658.528 JLINK_IsHalted()
T9B44 247:658.912 - 0.392ms returns FALSE
T9B44 247:766.096 JLINK_IsHalted()
T9B44 247:766.528 - 0.440ms returns FALSE
T9B44 247:766.528 JLINK_IsHalted()
T9B44 247:766.992 - 0.441ms returns FALSE
T9B44 247:876.064 JLINK_IsHalted()
T9B44 247:876.448 - 0.380ms returns FALSE
T9B44 247:876.480 JLINK_IsHalted()
T9B44 247:876.816 - 0.328ms returns FALSE
T9B44 247:984.608 JLINK_IsHalted()
T9B44 247:985.104 - 0.494ms returns FALSE
T9B44 247:985.120 JLINK_IsHalted()
T9B44 247:985.488 - 0.353ms returns FALSE
T9B44 248:094.208 JLINK_IsHalted()
T9B44 248:094.848 - 0.642ms returns FALSE
T9B44 248:094.848 JLINK_IsHalted()
T9B44 248:095.200 - 0.337ms returns FALSE
T9B44 248:204.208 JLINK_IsHalted()
T9B44 248:205.232 - 1.023ms returns FALSE
T9B44 248:205.280 JLINK_IsHalted()
T9B44 248:206.032 - 0.724ms returns FALSE
T9B44 248:312.624 JLINK_IsHalted()
T9B44 248:313.120 - 0.470ms returns FALSE
T9B44 248:313.120 JLINK_IsHalted()
T9B44 248:313.440 - 0.323ms returns FALSE
T778C 248:417.712 JLINK_IsHalted()
T778C 248:418.208 - 0.488ms returns FALSE
T778C 248:418.224 JLINK_IsHalted()
T778C 248:418.640 - 0.409ms returns FALSE
T9B44 248:422.064 JLINK_IsHalted()
T9B44 248:422.496 - 0.449ms returns FALSE
T9B44 248:422.560 JLINK_IsHalted()
T9B44 248:423.040 - 0.493ms returns FALSE
T9B44 248:531.888 JLINK_IsHalted()
T9B44 248:532.448 - 0.574ms returns FALSE
T9B44 248:532.512 JLINK_IsHalted()
T9B44 248:533.072 - 0.552ms returns FALSE
T9B44 248:641.952 JLINK_IsHalted()
T9B44 248:642.592 - 0.629ms returns FALSE
T9B44 248:642.608 JLINK_IsHalted()
T9B44 248:643.104 - 0.493ms returns FALSE
T9B44 248:750.640 JLINK_IsHalted()
T9B44 248:751.312 - 0.687ms returns FALSE
T9B44 248:751.360 JLINK_IsHalted()
T9B44 248:751.792 - 0.439ms returns FALSE
T9B44 248:860.832 JLINK_IsHalted()
T9B44 248:861.312 - 0.485ms returns FALSE
T9B44 248:861.344 JLINK_IsHalted()
T9B44 248:861.904 - 0.552ms returns FALSE
T9B44 248:968.912 JLINK_IsHalted()
T9B44 248:969.632 - 0.709ms returns FALSE
T9B44 248:969.648 JLINK_IsHalted()
T9B44 248:970.240 - 0.579ms returns FALSE
T9B44 249:078.352 JLINK_IsHalted()
T9B44 249:079.120 - 0.765ms returns FALSE
T9B44 249:079.168 JLINK_IsHalted()
T9B44 249:079.760 - 0.603ms returns FALSE
T9B44 249:187.664 JLINK_IsHalted()
T9B44 249:188.096 - 0.445ms returns FALSE
T9B44 249:188.128 JLINK_IsHalted()
T9B44 249:188.704 - 0.585ms returns FALSE
T9B44 249:297.696 JLINK_IsHalted()
T9B44 249:298.128 - 0.425ms returns FALSE
T9B44 249:298.144 JLINK_IsHalted()
T9B44 249:298.464 - 0.322ms returns FALSE
T9B44 249:406.384 JLINK_IsHalted()
T9B44 249:406.880 - 0.503ms returns FALSE
T9B44 249:406.976 JLINK_IsHalted()
T9B44 249:407.440 - 0.459ms returns FALSE
T778C 249:419.808 JLINK_IsHalted()
T778C 249:420.320 - 0.518ms returns FALSE
T778C 249:420.336 JLINK_IsHalted()
T778C 249:420.800 - 0.462ms returns FALSE
T9B44 249:516.544 JLINK_IsHalted()
T9B44 249:517.136 - 0.579ms returns FALSE
T9B44 249:517.136 JLINK_IsHalted()
T9B44 249:517.568 - 0.416ms returns FALSE
T9B44 249:625.520 JLINK_IsHalted()
T9B44 249:626.032 - 0.523ms returns FALSE
T9B44 249:626.064 JLINK_IsHalted()
T9B44 249:626.496 - 0.424ms returns FALSE
T9B44 249:734.864 JLINK_IsHalted()
T9B44 249:735.776 - 0.913ms returns FALSE
T9B44 249:735.904 JLINK_IsHalted()
T9B44 249:736.736 - 0.818ms returns FALSE
T9B44 249:844.864 JLINK_IsHalted()
T9B44 249:845.712 - 0.839ms returns FALSE
T9B44 249:845.792 JLINK_IsHalted()
T9B44 249:846.560 - 0.758ms returns FALSE
T9B44 249:953.792 JLINK_IsHalted()
T9B44 249:954.528 - 0.751ms returns FALSE
T9B44 249:954.592 JLINK_IsHalted()
T9B44 249:955.616 - 0.963ms returns FALSE
T9B44 250:063.184 JLINK_IsHalted()
T9B44 250:064.384 - 1.197ms returns FALSE
T9B44 250:064.416 JLINK_IsHalted()
T9B44 250:064.976 - 0.567ms returns FALSE
T9B44 250:172.464 JLINK_IsHalted()
T9B44 250:172.832 - 0.367ms returns FALSE
T9B44 250:172.848 JLINK_IsHalted()
T9B44 250:173.232 - 0.386ms returns FALSE
T9B44 250:281.776 JLINK_IsHalted()
T9B44 250:282.288 - 0.508ms returns FALSE
T9B44 250:282.288 JLINK_IsHalted()
T9B44 250:282.704 - 0.385ms returns FALSE
T9B44 250:391.008 JLINK_IsHalted()
T9B44 250:391.584 - 0.561ms returns FALSE
T9B44 250:391.632 JLINK_IsHalted()
T9B44 250:392.016 - 0.406ms returns FALSE
T778C 250:421.424 JLINK_IsHalted()
T778C 250:421.856 - 0.458ms returns FALSE
T778C 250:421.888 JLINK_IsHalted()
T778C 250:422.352 - 0.455ms returns FALSE
T9B44 250:500.176 JLINK_IsHalted()
T9B44 250:500.640 - 0.456ms returns FALSE
T9B44 250:500.656 JLINK_IsHalted()
T9B44 250:501.040 - 0.400ms returns FALSE
T9B44 250:609.968 JLINK_IsHalted()
T9B44 250:610.480 - 0.517ms returns FALSE
T9B44 250:610.512 JLINK_IsHalted()
T9B44 250:610.864 - 0.356ms returns FALSE
T9B44 250:718.928 JLINK_IsHalted()
T9B44 250:719.328 - 0.411ms returns FALSE
T9B44 250:719.360 JLINK_IsHalted()
T9B44 250:719.696 - 0.345ms returns FALSE
T9B44 250:828.416 JLINK_IsHalted()
T9B44 250:829.088 - 0.645ms returns FALSE
T9B44 250:829.088 JLINK_IsHalted()
T9B44 250:829.520 - 0.427ms returns FALSE
T9B44 250:941.536 JLINK_IsHalted()
T9B44 250:946.272 - 4.734ms returns FALSE
T9B44 250:946.304 JLINK_IsHalted()
T9B44 250:946.720 - 0.418ms returns FALSE
T9B44 251:047.600 JLINK_IsHalted()
T9B44 251:048.096 - 0.485ms returns FALSE
T9B44 251:048.112 JLINK_IsHalted()
T9B44 251:048.480 - 0.350ms returns FALSE
T9B44 251:156.576 JLINK_IsHalted()
T9B44 251:156.992 - 0.403ms returns FALSE
T9B44 251:156.992 JLINK_IsHalted()
T9B44 251:157.328 - 0.325ms returns FALSE
T9B44 251:266.592 JLINK_IsHalted()
T9B44 251:267.072 - 0.469ms returns FALSE
T9B44 251:267.072 JLINK_IsHalted()
T9B44 251:267.488 - 0.414ms returns FALSE
T9B44 251:375.232 JLINK_IsHalted()
T9B44 251:375.776 - 0.541ms returns FALSE
T9B44 251:375.824 JLINK_IsHalted()
T9B44 251:376.352 - 0.553ms returns FALSE
T778C 251:423.104 JLINK_IsHalted()
T778C 251:423.520 - 0.405ms returns FALSE
T778C 251:423.536 JLINK_IsHalted()
T778C 251:423.952 - 0.417ms returns FALSE
T9B44 251:485.360 JLINK_IsHalted()
T9B44 251:485.776 - 0.417ms returns FALSE
T9B44 251:485.792 JLINK_IsHalted()
T9B44 251:486.128 - 0.323ms returns FALSE
T9B44 251:594.496 JLINK_IsHalted()
T9B44 251:594.912 - 0.387ms returns FALSE
T9B44 251:594.912 JLINK_IsHalted()
T9B44 251:595.232 - 0.336ms returns FALSE
T9B44 251:704.016 JLINK_IsHalted()
T9B44 251:704.544 - 0.526ms returns FALSE
T9B44 251:704.544 JLINK_IsHalted()
T9B44 251:705.008 - 0.447ms returns FALSE
T9B44 251:813.248 JLINK_IsHalted()
T9B44 251:813.712 - 0.463ms returns FALSE
T9B44 251:813.728 JLINK_IsHalted()
T9B44 251:814.144 - 0.407ms returns FALSE
T9B44 251:921.952 JLINK_IsHalted()
T9B44 251:922.592 - 0.653ms returns FALSE
T9B44 251:922.608 JLINK_IsHalted()
T9B44 251:923.248 - 0.643ms returns FALSE
T9B44 252:032.304 JLINK_IsHalted()
T9B44 252:032.848 - 0.541ms returns FALSE
T9B44 252:032.848 JLINK_IsHalted()
T9B44 252:033.248 - 0.407ms returns FALSE
T9B44 252:141.104 JLINK_IsHalted()
T9B44 252:141.696 - 0.588ms returns FALSE
T9B44 252:141.728 JLINK_IsHalted()
T9B44 252:144.160 - 2.414ms returns FALSE
T9B44 252:250.848 JLINK_IsHalted()
T9B44 252:251.472 - 0.633ms returns FALSE
T9B44 252:251.520 JLINK_IsHalted()
T9B44 252:251.952 - 0.433ms returns FALSE
T9B44 252:360.032 JLINK_IsHalted()
T9B44 252:360.576 - 0.534ms returns FALSE
T9B44 252:360.608 JLINK_IsHalted()
T9B44 252:361.008 - 0.412ms returns FALSE
T778C 252:423.968 JLINK_IsHalted()
T778C 252:424.416 - 0.447ms returns FALSE
T778C 252:424.448 JLINK_IsHalted()
T778C 252:424.800 - 0.362ms returns FALSE
T9B44 252:469.216 JLINK_IsHalted()
T9B44 252:469.664 - 0.415ms returns FALSE
T9B44 252:469.664 JLINK_IsHalted()
T9B44 252:469.968 - 0.286ms returns FALSE
T9B44 252:578.896 JLINK_IsHalted()
T9B44 252:579.296 - 0.418ms returns FALSE
T9B44 252:579.328 JLINK_IsHalted()
T9B44 252:579.792 - 0.442ms returns FALSE
T9B44 252:688.128 JLINK_IsHalted()
T9B44 252:688.544 - 0.400ms returns FALSE
T9B44 252:688.544 JLINK_IsHalted()
T9B44 252:688.800 - 0.259ms returns FALSE
T9B44 252:797.392 JLINK_IsHalted()
T9B44 252:797.824 - 0.434ms returns FALSE
T9B44 252:797.856 JLINK_IsHalted()
T9B44 252:798.160 - 0.314ms returns FALSE
T9B44 252:907.088 JLINK_IsHalted()
T9B44 252:907.616 - 0.550ms returns FALSE
T9B44 252:907.648 JLINK_IsHalted()
T9B44 252:908.112 - 0.441ms returns FALSE
T9B44 253:016.608 JLINK_IsHalted()
T9B44 253:017.120 - 0.517ms returns FALSE
T9B44 253:017.136 JLINK_IsHalted()
T9B44 253:017.504 - 0.368ms returns FALSE
T9B44 253:125.584 JLINK_IsHalted()
T9B44 253:126.016 - 0.423ms returns FALSE
T9B44 253:126.016 JLINK_IsHalted()
T9B44 253:126.432 - 0.402ms returns FALSE
T9B44 253:234.944 JLINK_IsHalted()
T9B44 253:236.992 - 2.029ms returns FALSE
T9B44 253:237.024 JLINK_IsHalted()
T9B44 253:238.944 - 1.929ms returns FALSE
T9B44 253:343.952 JLINK_IsHalted()
T9B44 253:344.352 - 0.387ms returns FALSE
T9B44 253:344.352 JLINK_IsHalted()
T9B44 253:344.640 - 0.285ms returns FALSE
T778C 253:425.568 JLINK_IsHalted()
T778C 253:426.016 - 0.450ms returns FALSE
T778C 253:426.048 JLINK_IsHalted()
T778C 253:426.432 - 0.397ms returns FALSE
T9B44 253:453.280 JLINK_IsHalted()
T9B44 253:453.792 - 0.508ms returns FALSE
T9B44 253:453.792 JLINK_IsHalted()
T9B44 253:454.240 - 0.415ms returns FALSE
T9B44 253:563.648 JLINK_IsHalted()
T9B44 253:565.648 - 1.982ms returns FALSE
T9B44 253:565.696 JLINK_IsHalted()
T9B44 253:566.432 - 0.734ms returns FALSE
T9B44 253:672.880 JLINK_IsHalted()
T9B44 253:673.520 - 0.635ms returns FALSE
T9B44 253:673.568 JLINK_IsHalted()
T9B44 253:674.192 - 0.609ms returns FALSE
T9B44 253:781.632 JLINK_IsHalted()
T9B44 253:782.144 - 0.495ms returns FALSE
T9B44 253:782.176 JLINK_IsHalted()
T9B44 253:782.496 - 0.337ms returns FALSE
T9B44 253:890.992 JLINK_IsHalted()
T9B44 253:891.680 - 0.676ms returns FALSE
T9B44 253:891.712 JLINK_IsHalted()
T9B44 253:892.256 - 0.530ms returns FALSE
T9B44 254:000.640 JLINK_IsHalted()
T9B44 254:001.328 - 0.690ms returns FALSE
T9B44 254:001.376 JLINK_IsHalted()
T9B44 254:002.080 - 0.690ms returns FALSE
T9B44 254:109.856 JLINK_IsHalted()
T9B44 254:110.624 - 0.758ms returns FALSE
T9B44 254:110.640 JLINK_IsHalted()
T9B44 254:111.280 - 0.624ms returns FALSE
T9B44 254:219.168 JLINK_IsHalted()
T9B44 254:219.904 - 0.744ms returns FALSE
T9B44 254:219.936 JLINK_IsHalted()
T9B44 254:220.544 - 0.601ms returns FALSE
T9B44 254:329.056 JLINK_IsHalted()
T9B44 254:329.760 - 0.689ms returns FALSE
T9B44 254:329.776 JLINK_IsHalted()
T9B44 254:330.208 - 0.431ms returns FALSE
T778C 254:427.824 JLINK_IsHalted()
T778C 254:428.704 - 0.881ms returns FALSE
T778C 254:428.768 JLINK_IsHalted()
T778C 254:429.312 - 0.551ms returns FALSE
T9B44 254:438.688 JLINK_IsHalted()
T9B44 254:439.520 - 0.834ms returns FALSE
T9B44 254:439.584 JLINK_IsHalted()
T9B44 254:441.184 - 1.620ms returns FALSE
T9B44 254:547.120 JLINK_IsHalted()
T9B44 254:547.744 - 0.601ms returns FALSE
T9B44 254:547.760 JLINK_IsHalted()
T9B44 254:548.192 - 0.430ms returns FALSE
T9B44 254:657.152 JLINK_IsHalted()
T9B44 254:657.616 - 0.460ms returns FALSE
T9B44 254:657.632 JLINK_IsHalted()
T9B44 254:658.048 - 0.391ms returns FALSE
T9B44 254:766.672 JLINK_IsHalted()
T9B44 254:767.072 - 0.412ms returns FALSE
T9B44 254:767.136 JLINK_IsHalted()
T9B44 254:767.488 - 0.359ms returns FALSE
T9B44 254:875.568 JLINK_IsHalted()
T9B44 254:876.000 - 0.442ms returns FALSE
T9B44 254:876.032 JLINK_IsHalted()
T9B44 254:876.416 - 0.367ms returns FALSE
T9B44 254:985.376 JLINK_IsHalted()
T9B44 254:985.824 - 0.475ms returns FALSE
T9B44 254:985.856 JLINK_IsHalted()
T9B44 254:986.288 - 0.414ms returns FALSE
T9B44 255:094.320 JLINK_IsHalted()
T9B44 255:094.752 - 0.428ms returns FALSE
T9B44 255:094.784 JLINK_IsHalted()
T9B44 255:095.088 - 0.312ms returns FALSE
T9B44 255:204.000 JLINK_IsHalted()
T9B44 255:204.400 - 0.403ms returns FALSE
T9B44 255:204.400 JLINK_IsHalted()
T9B44 255:204.656 - 0.258ms returns FALSE
T9B44 255:313.104 JLINK_IsHalted()
T9B44 255:313.920 - 0.833ms returns FALSE
T9B44 255:314.176 JLINK_IsHalted()
T9B44 255:314.688 - 0.527ms returns FALSE
T9B44 255:422.768 JLINK_IsHalted()
T9B44 255:423.200 - 0.423ms returns FALSE
T9B44 255:423.200 JLINK_IsHalted()
T9B44 255:423.648 - 0.424ms returns FALSE
T778C 255:430.096 JLINK_IsHalted()
T778C 255:430.656 - 0.567ms returns FALSE
T778C 255:430.688 JLINK_IsHalted()
T778C 255:431.168 - 0.481ms returns FALSE
T9B44 255:531.904 JLINK_IsHalted()
T9B44 255:532.448 - 0.531ms returns FALSE
T9B44 255:532.448 JLINK_IsHalted()
T9B44 255:532.928 - 0.497ms returns FALSE
T9B44 255:641.248 JLINK_IsHalted()
T9B44 255:641.760 - 0.503ms returns FALSE
T9B44 255:641.776 JLINK_IsHalted()
T9B44 255:642.192 - 0.398ms returns FALSE
T9B44 255:750.272 JLINK_IsHalted()
T9B44 255:750.704 - 0.431ms returns FALSE
T9B44 255:750.736 JLINK_IsHalted()
T9B44 255:751.120 - 0.385ms returns FALSE
T9B44 255:859.968 JLINK_IsHalted()
T9B44 255:860.480 - 0.503ms returns FALSE
T9B44 255:860.480 JLINK_IsHalted()
T9B44 255:861.152 - 0.652ms returns FALSE
T9B44 255:969.408 JLINK_IsHalted()
T9B44 255:970.208 - 0.794ms returns FALSE
T9B44 255:970.224 JLINK_IsHalted()
T9B44 255:970.736 - 0.527ms returns FALSE
T9B44 256:078.672 JLINK_IsHalted()
T9B44 256:079.200 - 0.537ms returns FALSE
T9B44 256:079.200 JLINK_IsHalted()
T9B44 256:079.648 - 0.421ms returns FALSE
T9B44 256:188.112 JLINK_IsHalted()
T9B44 256:188.624 - 0.515ms returns FALSE
T9B44 256:188.640 JLINK_IsHalted()
T9B44 256:189.056 - 0.425ms returns FALSE
T9B44 256:297.392 JLINK_IsHalted()
T9B44 256:298.064 - 0.669ms returns FALSE
T9B44 256:298.080 JLINK_IsHalted()
T9B44 256:298.624 - 0.534ms returns FALSE
T9B44 256:406.864 JLINK_IsHalted()
T9B44 256:407.520 - 0.681ms returns FALSE
T9B44 256:407.584 JLINK_IsHalted()
T9B44 256:408.016 - 0.444ms returns FALSE
T778C 256:431.664 JLINK_IsHalted()
T778C 256:432.464 - 0.801ms returns FALSE
T778C 256:432.512 JLINK_IsHalted()
T778C 256:433.200 - 0.695ms returns FALSE
T9B44 256:516.480 JLINK_IsHalted()
T9B44 256:517.280 - 0.790ms returns FALSE
T9B44 256:517.328 JLINK_IsHalted()
T9B44 256:518.064 - 0.751ms returns FALSE
T9B44 256:625.456 JLINK_IsHalted()
T9B44 256:626.096 - 0.635ms returns FALSE
T9B44 256:626.208 JLINK_IsHalted()
T9B44 256:626.688 - 0.463ms returns FALSE
T9B44 256:735.280 JLINK_IsHalted()
T9B44 256:735.792 - 0.505ms returns FALSE
T9B44 256:735.824 JLINK_IsHalted()
T9B44 256:736.224 - 0.393ms returns FALSE
T9B44 256:844.768 JLINK_IsHalted()
T9B44 256:845.360 - 0.570ms returns FALSE
T9B44 256:845.408 JLINK_IsHalted()
T9B44 256:845.792 - 0.388ms returns FALSE
T9B44 256:953.680 JLINK_IsHalted()
T9B44 256:954.400 - 0.703ms returns FALSE
T9B44 256:954.416 JLINK_IsHalted()
T9B44 256:955.040 - 0.614ms returns FALSE
T9B44 257:063.584 JLINK_IsHalted()
T9B44 257:064.192 - 0.600ms returns FALSE
T9B44 257:064.224 JLINK_IsHalted()
T9B44 257:064.672 - 0.466ms returns FALSE
T9B44 257:172.640 JLINK_IsHalted()
T9B44 257:175.264 - 2.642ms returns FALSE
T9B44 257:175.296 JLINK_IsHalted()
T9B44 257:175.840 - 0.521ms returns FALSE
T9B44 257:282.048 JLINK_IsHalted()
T9B44 257:282.608 - 0.562ms returns FALSE
T9B44 257:282.640 JLINK_IsHalted()
T9B44 257:283.104 - 0.454ms returns FALSE
T9B44 257:391.904 JLINK_IsHalted()
T9B44 257:392.336 - 0.428ms returns FALSE
T9B44 257:392.352 JLINK_IsHalted()
T9B44 257:392.768 - 0.430ms returns FALSE
T778C 257:434.960 JLINK_IsHalted()
T778C 257:435.648 - 0.684ms returns FALSE
T778C 257:435.696 JLINK_IsHalted()
T778C 257:438.288 - 2.583ms returns FALSE
T9B44 257:501.184 JLINK_IsHalted()
T9B44 257:501.904 - 0.712ms returns FALSE
T9B44 257:501.952 JLINK_IsHalted()
T9B44 257:504.128 - 2.186ms returns FALSE
T9B44 257:609.728 JLINK_IsHalted()
T9B44 257:610.464 - 0.731ms returns FALSE
T9B44 257:610.528 JLINK_IsHalted()
T9B44 257:611.056 - 0.558ms returns FALSE
T9B44 257:719.376 JLINK_IsHalted()
T9B44 257:720.032 - 0.660ms returns FALSE
T9B44 257:720.064 JLINK_IsHalted()
T9B44 257:720.624 - 0.549ms returns FALSE
T9B44 257:828.640 JLINK_IsHalted()
T9B44 257:829.280 - 0.653ms returns FALSE
T9B44 257:829.328 JLINK_IsHalted()
T9B44 257:829.856 - 0.537ms returns FALSE
T9B44 257:938.224 JLINK_IsHalted()
T9B44 257:938.944 - 0.721ms returns FALSE
T9B44 257:938.976 JLINK_IsHalted()
T9B44 257:939.552 - 0.564ms returns FALSE
T9B44 258:047.664 JLINK_IsHalted()
T9B44 258:048.304 - 0.639ms returns FALSE
T9B44 258:048.352 JLINK_IsHalted()
T9B44 258:048.896 - 0.554ms returns FALSE
T9B44 258:156.896 JLINK_IsHalted()
T9B44 258:157.744 - 0.823ms returns FALSE
T9B44 258:157.776 JLINK_IsHalted()
T9B44 258:158.288 - 0.507ms returns FALSE
T9B44 258:266.656 JLINK_IsHalted()
T9B44 258:267.360 - 0.703ms returns FALSE
T9B44 258:267.392 JLINK_IsHalted()
T9B44 258:267.952 - 0.557ms returns FALSE
T9B44 258:376.064 JLINK_IsHalted()
T9B44 258:376.672 - 0.615ms returns FALSE
T9B44 258:376.704 JLINK_IsHalted()
T9B44 258:377.248 - 0.553ms returns FALSE
T778C 258:438.688 JLINK_IsHalted()
T778C 258:439.168 - 0.489ms returns FALSE
T778C 258:439.200 JLINK_IsHalted()
T778C 258:439.632 - 0.441ms returns FALSE
T9B44 258:484.736 JLINK_IsHalted()
T9B44 258:485.072 - 0.352ms returns FALSE
T9B44 258:485.088 JLINK_IsHalted()
T9B44 258:485.344 - 0.258ms returns FALSE
T9B44 258:593.952 JLINK_IsHalted()
T9B44 258:594.512 - 0.575ms returns FALSE
T9B44 258:594.560 JLINK_IsHalted()
T9B44 258:594.912 - 0.371ms returns FALSE
T9B44 258:704.032 JLINK_IsHalted()
T9B44 258:704.416 - 0.373ms returns FALSE
T9B44 258:704.416 JLINK_IsHalted()
T9B44 258:704.720 - 0.310ms returns FALSE
T9B44 258:813.232 JLINK_IsHalted()
T9B44 258:813.664 - 0.429ms returns FALSE
T9B44 258:813.696 JLINK_IsHalted()
T9B44 258:814.000 - 0.321ms returns FALSE
T9B44 258:922.960 JLINK_IsHalted()
T9B44 258:923.440 - 0.498ms returns FALSE
T9B44 258:923.472 JLINK_IsHalted()
T9B44 258:923.984 - 0.516ms returns FALSE
T9B44 259:031.728 JLINK_IsHalted()
T9B44 259:032.240 - 0.525ms returns FALSE
T9B44 259:032.272 JLINK_IsHalted()
T9B44 259:032.736 - 0.457ms returns FALSE
T9B44 259:140.688 JLINK_IsHalted()
T9B44 259:141.248 - 0.547ms returns FALSE
T9B44 259:141.248 JLINK_IsHalted()
T9B44 259:141.632 - 0.383ms returns FALSE
T9B44 259:250.480 JLINK_IsHalted()
T9B44 259:251.072 - 0.589ms returns FALSE
T9B44 259:251.072 JLINK_IsHalted()
T9B44 259:251.632 - 0.560ms returns FALSE
T9B44 259:359.904 JLINK_IsHalted()
T9B44 259:360.480 - 0.592ms returns FALSE
T9B44 259:360.544 JLINK_IsHalted()
T9B44 259:361.056 - 0.525ms returns FALSE
T778C 259:441.360 JLINK_IsHalted()
T778C 259:442.176 - 0.819ms returns FALSE
T778C 259:442.208 JLINK_IsHalted()
T778C 259:443.232 - 1.019ms returns FALSE
T9B44 259:469.216 JLINK_IsHalted()
T9B44 259:469.616 - 0.407ms returns FALSE
T9B44 259:469.648 JLINK_IsHalted()
T9B44 259:470.048 - 0.407ms returns FALSE
T9B44 259:578.672 JLINK_IsHalted()
T9B44 259:579.232 - 0.565ms returns FALSE
T9B44 259:579.296 JLINK_IsHalted()
T9B44 259:579.728 - 0.435ms returns FALSE
T9B44 259:688.368 JLINK_IsHalted()
T9B44 259:690.240 - 1.856ms returns FALSE
T9B44 259:690.368 JLINK_IsHalted()
T9B44 259:691.648 - 1.287ms returns FALSE
T9B44 259:797.328 JLINK_IsHalted()
T9B44 259:798.064 - 0.730ms returns FALSE
T9B44 259:798.112 JLINK_IsHalted()
T9B44 259:800.800 - 2.673ms returns FALSE
T9B44 259:907.168 JLINK_IsHalted()
T9B44 259:907.792 - 0.613ms returns FALSE
T9B44 259:907.840 JLINK_IsHalted()
T9B44 259:908.480 - 0.628ms returns FALSE
T9B44 260:016.560 JLINK_IsHalted()
T9B44 260:017.104 - 0.540ms returns FALSE
T9B44 260:017.152 JLINK_IsHalted()
T9B44 260:017.616 - 0.477ms returns FALSE
T9B44 260:125.728 JLINK_IsHalted()
T9B44 260:126.384 - 0.647ms returns FALSE
T9B44 260:126.416 JLINK_IsHalted()
T9B44 260:126.944 - 0.522ms returns FALSE
T9B44 260:234.880 JLINK_IsHalted()
T9B44 260:235.488 - 0.619ms returns FALSE
T9B44 260:235.552 JLINK_IsHalted()
T9B44 260:236.032 - 0.475ms returns FALSE
T9B44 260:344.528 JLINK_IsHalted()
T9B44 260:345.264 - 0.755ms returns FALSE
T9B44 260:345.312 JLINK_IsHalted()
T9B44 260:345.808 - 0.484ms returns FALSE
T778C 260:442.784 JLINK_IsHalted()
T778C 260:443.392 - 0.605ms returns FALSE
T778C 260:443.440 JLINK_IsHalted()
T778C 260:445.472 - 2.013ms returns FALSE
T9B44 260:453.376 JLINK_IsHalted()
T9B44 260:453.936 - 0.549ms returns FALSE
T9B44 260:453.968 JLINK_IsHalted()
T9B44 260:454.448 - 0.476ms returns FALSE
T9B44 260:563.632 JLINK_IsHalted()
T9B44 260:564.224 - 0.571ms returns FALSE
T9B44 260:564.256 JLINK_IsHalted()
T9B44 260:564.832 - 0.577ms returns FALSE
T9B44 260:672.032 JLINK_IsHalted()
T9B44 260:672.592 - 0.552ms returns FALSE
T9B44 260:672.608 JLINK_IsHalted()
T9B44 260:673.248 - 0.644ms returns FALSE
T9B44 260:782.256 JLINK_IsHalted()
T9B44 260:784.096 - 1.859ms returns FALSE
T9B44 260:784.160 JLINK_IsHalted()
T9B44 260:785.184 - 1.031ms returns FALSE
T9B44 260:891.488 JLINK_IsHalted()
T9B44 260:892.000 - 0.521ms returns FALSE
T9B44 260:892.064 JLINK_IsHalted()
T9B44 260:893.904 - 1.835ms returns FALSE
T9B44 261:001.088 JLINK_IsHalted()
T9B44 261:001.680 - 0.586ms returns FALSE
T9B44 261:001.696 JLINK_IsHalted()
T9B44 261:004.064 - 2.359ms returns FALSE
T9B44 261:109.552 JLINK_IsHalted()
T9B44 261:110.224 - 0.680ms returns FALSE
T9B44 261:110.272 JLINK_IsHalted()
T9B44 261:111.328 - 1.067ms returns FALSE
T9B44 261:219.424 JLINK_IsHalted()
T9B44 261:220.272 - 0.849ms returns FALSE
T9B44 261:220.352 JLINK_IsHalted()
T9B44 261:220.992 - 0.627ms returns FALSE
T9B44 261:328.848 JLINK_IsHalted()
T9B44 261:329.584 - 0.739ms returns FALSE
T9B44 261:329.616 JLINK_IsHalted()
T9B44 261:331.808 - 2.195ms returns FALSE
T9B44 261:438.048 JLINK_IsHalted()
T9B44 261:438.560 - 0.495ms returns FALSE
T9B44 261:438.592 JLINK_IsHalted()
T9B44 261:439.056 - 0.462ms returns FALSE
T778C 261:446.176 JLINK_IsHalted()
T778C 261:446.864 - 0.707ms returns FALSE
T778C 261:446.912 JLINK_IsHalted()
T778C 261:447.552 - 0.644ms returns FALSE
T9B44 261:547.904 JLINK_IsHalted()
T9B44 261:548.448 - 0.512ms returns FALSE
T9B44 261:548.464 JLINK_IsHalted()
T9B44 261:548.960 - 0.499ms returns FALSE
T9B44 261:656.400 JLINK_IsHalted()
T9B44 261:656.992 - 0.597ms returns FALSE
T9B44 261:657.040 JLINK_IsHalted()
T9B44 261:657.504 - 0.453ms returns FALSE
T9B44 261:766.368 JLINK_IsHalted()
T9B44 261:766.992 - 0.593ms returns FALSE
T9B44 261:767.008 JLINK_IsHalted()
T9B44 261:768.672 - 1.685ms returns FALSE
T9B44 261:875.552 JLINK_IsHalted()
T9B44 261:876.560 - 0.919ms returns FALSE
T9B44 261:876.608 JLINK_IsHalted()
T9B44 261:877.088 - 0.487ms returns FALSE
T9B44 261:985.248 JLINK_IsHalted()
T9B44 261:985.968 - 0.702ms returns FALSE
T9B44 261:986.000 JLINK_IsHalted()
T9B44 261:986.480 - 0.483ms returns FALSE
T9B44 262:094.592 JLINK_IsHalted()
T9B44 262:096.544 - 1.926ms returns FALSE
T9B44 262:096.560 JLINK_IsHalted()
T9B44 262:097.104 - 0.514ms returns FALSE
T9B44 262:203.904 JLINK_IsHalted()
T9B44 262:204.640 - 0.749ms returns FALSE
T9B44 262:204.720 JLINK_IsHalted()
T9B44 262:205.360 - 0.632ms returns FALSE
T9B44 262:313.312 JLINK_IsHalted()
T9B44 262:315.104 - 1.784ms returns FALSE
T9B44 262:315.184 JLINK_IsHalted()
T9B44 262:315.744 - 0.560ms returns FALSE
T9B44 262:422.880 JLINK_IsHalted()
T9B44 262:423.888 - 1.006ms returns FALSE
T9B44 262:423.936 JLINK_IsHalted()
T9B44 262:424.544 - 0.631ms returns FALSE
T778C 262:448.080 JLINK_IsHalted()
T778C 262:448.688 - 0.606ms returns FALSE
T778C 262:448.736 JLINK_IsHalted()
T778C 262:449.232 - 0.491ms returns FALSE
T9B44 262:531.840 JLINK_IsHalted()
T9B44 262:532.352 - 0.527ms returns FALSE
T9B44 262:532.400 JLINK_IsHalted()
T9B44 262:532.864 - 0.476ms returns FALSE
T9B44 262:641.328 JLINK_IsHalted()
T9B44 262:642.016 - 0.692ms returns FALSE
T9B44 262:642.048 JLINK_IsHalted()
T9B44 262:642.528 - 0.475ms returns FALSE
T9B44 262:750.768 JLINK_IsHalted()
T9B44 262:751.584 - 0.811ms returns FALSE
T9B44 262:751.648 JLINK_IsHalted()
T9B44 262:752.080 - 0.428ms returns FALSE
T9B44 262:859.952 JLINK_IsHalted()
T9B44 262:860.496 - 0.536ms returns FALSE
T9B44 262:860.512 JLINK_IsHalted()
T9B44 262:861.056 - 0.539ms returns FALSE
T9B44 262:969.248 JLINK_IsHalted()
T9B44 262:969.984 - 0.741ms returns FALSE
T9B44 262:970.032 JLINK_IsHalted()
T9B44 262:972.240 - 2.204ms returns FALSE
T9B44 263:078.880 JLINK_IsHalted()
T9B44 263:079.904 - 1.036ms returns FALSE
T9B44 263:079.968 JLINK_IsHalted()
T9B44 263:080.544 - 0.577ms returns FALSE
T9B44 263:188.016 JLINK_IsHalted()
T9B44 263:188.576 - 0.562ms returns FALSE
T9B44 263:188.608 JLINK_IsHalted()
T9B44 263:189.072 - 0.458ms returns FALSE
T9B44 263:296.992 JLINK_IsHalted()
T9B44 263:297.568 - 0.559ms returns FALSE
T9B44 263:297.584 JLINK_IsHalted()
T9B44 263:298.080 - 0.493ms returns FALSE
T9B44 263:407.536 JLINK_IsHalted()
T9B44 263:408.160 - 0.626ms returns FALSE
T9B44 263:408.224 JLINK_IsHalted()
T9B44 263:408.736 - 0.511ms returns FALSE
T778C 263:450.400 JLINK_IsHalted()
T778C 263:450.976 - 0.579ms returns FALSE
T778C 263:451.040 JLINK_IsHalted()
T778C 263:451.488 - 0.463ms returns FALSE
T9B44 263:516.240 JLINK_IsHalted()
T9B44 263:516.928 - 0.696ms returns FALSE
T9B44 263:516.960 JLINK_IsHalted()
T9B44 263:519.056 - 2.097ms returns FALSE
T9B44 263:625.552 JLINK_IsHalted()
T9B44 263:626.144 - 0.585ms returns FALSE
T9B44 263:626.160 JLINK_IsHalted()
T9B44 263:628.640 - 2.482ms returns FALSE
T9B44 263:734.528 JLINK_IsHalted()
T9B44 263:735.168 - 0.626ms returns FALSE
T9B44 263:735.216 JLINK_IsHalted()
T9B44 263:735.648 - 0.455ms returns FALSE
T9B44 263:844.320 JLINK_IsHalted()
T9B44 263:845.040 - 0.726ms returns FALSE
T9B44 263:845.088 JLINK_IsHalted()
T9B44 263:845.504 - 0.422ms returns FALSE
T9B44 263:953.792 JLINK_IsHalted()
T9B44 263:954.256 - 0.452ms returns FALSE
T9B44 263:954.272 JLINK_IsHalted()
T9B44 263:954.608 - 0.341ms returns FALSE
T9B44 264:062.672 JLINK_IsHalted()
T9B44 264:063.232 - 0.563ms returns FALSE
T9B44 264:063.264 JLINK_IsHalted()
T9B44 264:063.664 - 0.428ms returns FALSE
T9B44 264:172.288 JLINK_IsHalted()
T9B44 264:172.768 - 0.475ms returns FALSE
T9B44 264:172.800 JLINK_IsHalted()
T9B44 264:173.152 - 0.352ms returns FALSE
T9B44 264:282.240 JLINK_IsHalted()
T9B44 264:282.880 - 0.636ms returns FALSE
T9B44 264:282.912 JLINK_IsHalted()
T9B44 264:283.312 - 0.400ms returns FALSE
T9B44 264:391.040 JLINK_IsHalted()
T9B44 264:391.632 - 0.589ms returns FALSE
T9B44 264:391.632 JLINK_IsHalted()
T9B44 264:392.096 - 0.455ms returns FALSE
T778C 264:452.352 JLINK_IsHalted()
T778C 264:452.896 - 0.545ms returns FALSE
T778C 264:452.912 JLINK_IsHalted()
T778C 264:453.328 - 0.424ms returns FALSE
T9B44 264:500.096 JLINK_IsHalted()
T9B44 264:500.560 - 0.446ms returns FALSE
T9B44 264:500.560 JLINK_IsHalted()
T9B44 264:500.960 - 0.409ms returns FALSE
T9B44 264:610.400 JLINK_IsHalted()
T9B44 264:612.016 - 1.592ms returns FALSE
T9B44 264:612.016 JLINK_IsHalted()
T9B44 264:612.448 - 0.436ms returns FALSE
T9B44 264:719.408 JLINK_IsHalted()
T9B44 264:719.904 - 0.467ms returns FALSE
T9B44 264:719.920 JLINK_IsHalted()
T9B44 264:720.256 - 0.340ms returns FALSE
T9B44 264:828.496 JLINK_IsHalted()
T9B44 264:828.960 - 0.453ms returns FALSE
T9B44 264:828.960 JLINK_IsHalted()
T9B44 264:829.392 - 0.421ms returns FALSE
T9B44 264:938.016 JLINK_IsHalted()
T9B44 264:938.528 - 0.490ms returns FALSE
T9B44 264:938.528 JLINK_IsHalted()
T9B44 264:938.928 - 0.405ms returns FALSE
T9B44 265:046.992 JLINK_IsHalted()
T9B44 265:047.648 - 0.672ms returns FALSE
T9B44 265:047.680 JLINK_IsHalted()
T9B44 265:048.112 - 0.448ms returns FALSE
T9B44 265:156.960 JLINK_IsHalted()
T9B44 265:157.536 - 0.557ms returns FALSE
T9B44 265:157.552 JLINK_IsHalted()
T9B44 265:158.096 - 0.524ms returns FALSE
T9B44 265:266.528 JLINK_IsHalted()
T9B44 265:267.120 - 0.587ms returns FALSE
T9B44 265:267.152 JLINK_IsHalted()
T9B44 265:269.088 - 1.967ms returns FALSE
T9B44 265:375.360 JLINK_IsHalted()
T9B44 265:375.872 - 0.505ms returns FALSE
T9B44 265:375.904 JLINK_IsHalted()
T9B44 265:376.384 - 0.477ms returns FALSE
T778C 265:453.984 JLINK_IsHalted()
T778C 265:454.368 - 0.402ms returns FALSE
T778C 265:454.384 JLINK_IsHalted()
T778C 265:454.720 - 0.336ms returns FALSE
T9B44 265:484.640 JLINK_IsHalted()
T9B44 265:485.488 - 0.843ms returns FALSE
T9B44 265:485.568 JLINK_IsHalted()
T9B44 265:486.384 - 0.821ms returns FALSE
T9B44 265:594.064 JLINK_IsHalted()
T9B44 265:594.784 - 0.722ms returns FALSE
T9B44 265:594.800 JLINK_IsHalted()
T9B44 265:595.392 - 0.582ms returns FALSE
T9B44 265:704.160 JLINK_IsHalted()
T9B44 265:704.928 - 0.774ms returns FALSE
T9B44 265:704.960 JLINK_IsHalted()
T9B44 265:705.632 - 0.650ms returns FALSE
T9B44 265:812.688 JLINK_IsHalted()
T9B44 265:814.528 - 1.863ms returns FALSE
T9B44 265:814.624 JLINK_IsHalted()
T9B44 265:815.376 - 0.753ms returns FALSE
T9B44 265:922.720 JLINK_IsHalted()
T9B44 265:923.632 - 0.918ms returns FALSE
T9B44 265:923.680 JLINK_IsHalted()
T9B44 265:924.640 - 0.943ms returns FALSE
T9B44 266:031.568 JLINK_IsHalted()
T9B44 266:032.352 - 0.790ms returns FALSE
T9B44 266:032.432 JLINK_IsHalted()
T9B44 266:033.120 - 0.695ms returns FALSE
T9B44 266:141.440 JLINK_IsHalted()
T9B44 266:142.288 - 0.849ms returns FALSE
T9B44 266:142.368 JLINK_IsHalted()
T9B44 266:143.072 - 0.712ms returns FALSE
T9B44 266:250.832 JLINK_IsHalted()
T9B44 266:251.600 - 0.769ms returns FALSE
T9B44 266:251.680 JLINK_IsHalted()
T9B44 266:253.776 - 2.095ms returns FALSE
T9B44 266:359.904 JLINK_IsHalted()
T9B44 266:360.496 - 0.592ms returns FALSE
T9B44 266:360.544 JLINK_IsHalted()
T9B44 266:360.992 - 0.437ms returns FALSE
T778C 266:455.808 JLINK_IsHalted()
T778C 266:458.320 - 2.519ms returns FALSE
T778C 266:458.400 JLINK_IsHalted()
T778C 266:459.088 - 0.686ms returns FALSE
T9B44 266:468.992 JLINK_IsHalted()
T9B44 266:469.632 - 0.639ms returns FALSE
T9B44 266:469.680 JLINK_IsHalted()
T9B44 266:470.400 - 0.720ms returns FALSE
T9B44 266:578.464 JLINK_IsHalted()
T9B44 266:579.328 - 0.845ms returns FALSE
T9B44 266:579.376 JLINK_IsHalted()
T9B44 266:580.064 - 0.697ms returns FALSE
T9B44 266:687.840 JLINK_IsHalted()
T9B44 266:688.608 - 0.768ms returns FALSE
T9B44 266:688.640 JLINK_IsHalted()
T9B44 266:689.280 - 0.634ms returns FALSE
T9B44 266:798.128 JLINK_IsHalted()
T9B44 266:799.024 - 0.889ms returns FALSE
T9B44 266:799.072 JLINK_IsHalted()
T9B44 266:799.616 - 0.542ms returns FALSE
T9B44 266:906.752 JLINK_IsHalted()
T9B44 266:907.392 - 0.631ms returns FALSE
T9B44 266:907.568 JLINK_IsHalted()
T9B44 266:908.256 - 0.693ms returns FALSE
T9B44 267:016.608 JLINK_IsHalted()
T9B44 267:017.424 - 0.818ms returns FALSE
T9B44 267:017.520 JLINK_IsHalted()
T9B44 267:019.616 - 2.108ms returns FALSE
T9B44 267:125.168 JLINK_IsHalted()
T9B44 267:126.096 - 0.922ms returns FALSE
T9B44 267:126.176 JLINK_IsHalted()
T9B44 267:128.016 - 1.841ms returns FALSE
T9B44 267:235.200 JLINK_IsHalted()
T9B44 267:236.000 - 0.794ms returns FALSE
T9B44 267:236.064 JLINK_IsHalted()
T9B44 267:236.512 - 0.438ms returns FALSE
T9B44 267:344.080 JLINK_IsHalted()
T9B44 267:344.816 - 0.751ms returns FALSE
T9B44 267:344.896 JLINK_IsHalted()
T9B44 267:345.456 - 0.570ms returns FALSE
T9B44 267:453.920 JLINK_IsHalted()
T9B44 267:454.816 - 0.881ms returns FALSE
T9B44 267:454.896 JLINK_IsHalted()
T9B44 267:455.616 - 0.699ms returns FALSE
T778C 267:460.560 JLINK_IsHalted()
T778C 267:463.008 - 2.457ms returns FALSE
T778C 267:463.088 JLINK_IsHalted()
T778C 267:463.632 - 0.542ms returns FALSE
T9B44 267:563.008 JLINK_IsHalted()
T9B44 267:563.520 - 0.516ms returns FALSE
T9B44 267:563.552 JLINK_IsHalted()
T9B44 267:563.984 - 0.430ms returns FALSE
T9B44 267:672.448 JLINK_IsHalted()
T9B44 267:672.992 - 0.528ms returns FALSE
T9B44 267:673.008 JLINK_IsHalted()
T9B44 267:673.376 - 0.370ms returns FALSE
T9B44 267:781.920 JLINK_IsHalted()
T9B44 267:783.712 - 1.786ms returns FALSE
T9B44 267:783.712 JLINK_IsHalted()
T9B44 267:784.144 - 0.428ms returns FALSE
T9B44 267:891.232 JLINK_IsHalted()
T9B44 267:891.664 - 0.425ms returns FALSE
T9B44 267:891.664 JLINK_IsHalted()
T9B44 267:892.016 - 0.353ms returns FALSE
T9B44 268:000.848 JLINK_IsHalted()
T9B44 268:001.312 - 0.450ms returns FALSE
T9B44 268:001.328 JLINK_IsHalted()
T9B44 268:001.632 - 0.311ms returns FALSE
T9B44 268:109.472 JLINK_IsHalted()
T9B44 268:109.984 - 0.514ms returns FALSE
T9B44 268:110.000 JLINK_IsHalted()
T9B44 268:110.416 - 0.408ms returns FALSE
T9B44 268:219.424 JLINK_IsHalted()
T9B44 268:221.472 - 2.036ms returns FALSE
T9B44 268:221.488 JLINK_IsHalted()
T9B44 268:221.952 - 0.475ms returns FALSE
T9B44 268:328.272 JLINK_IsHalted()
T9B44 268:328.752 - 0.484ms returns FALSE
T9B44 268:328.752 JLINK_IsHalted()
T9B44 268:329.184 - 0.430ms returns FALSE
T9B44 268:438.176 JLINK_IsHalted()
T9B44 268:438.688 - 0.518ms returns FALSE
T9B44 268:438.720 JLINK_IsHalted()
T9B44 268:439.232 - 0.509ms returns FALSE
T778C 268:464.608 JLINK_IsHalted()
T778C 268:465.120 - 0.490ms returns FALSE
T778C 268:465.120 JLINK_IsHalted()
T778C 268:465.696 - 0.546ms returns FALSE
T9B44 268:547.328 JLINK_IsHalted()
T9B44 268:547.872 - 0.553ms returns FALSE
T9B44 268:547.904 JLINK_IsHalted()
T9B44 268:548.320 - 0.425ms returns FALSE
T9B44 268:657.312 JLINK_IsHalted()
T9B44 268:658.240 - 0.919ms returns FALSE
T9B44 268:658.272 JLINK_IsHalted()
T9B44 268:660.768 - 2.488ms returns FALSE
T9B44 268:765.888 JLINK_IsHalted()
T9B44 268:766.496 - 0.608ms returns FALSE
T9B44 268:766.496 JLINK_IsHalted()
T9B44 268:766.944 - 0.439ms returns FALSE
T9B44 268:875.840 JLINK_IsHalted()
T9B44 268:876.480 - 0.637ms returns FALSE
T9B44 268:876.512 JLINK_IsHalted()
T9B44 268:877.152 - 0.649ms returns FALSE
T9B44 268:984.672 JLINK_IsHalted()
T9B44 268:985.248 - 0.569ms returns FALSE
T9B44 268:985.280 JLINK_IsHalted()
T9B44 268:985.696 - 0.439ms returns FALSE
T9B44 269:094.720 JLINK_IsHalted()
T9B44 269:095.328 - 0.614ms returns FALSE
T9B44 269:095.360 JLINK_IsHalted()
T9B44 269:095.872 - 0.548ms returns FALSE
T9B44 269:204.160 JLINK_IsHalted()
T9B44 269:204.800 - 0.610ms returns FALSE
T9B44 269:204.800 JLINK_IsHalted()
T9B44 269:205.344 - 0.536ms returns FALSE
T9B44 269:313.664 JLINK_IsHalted()
T9B44 269:314.176 - 0.496ms returns FALSE
T9B44 269:314.176 JLINK_IsHalted()
T9B44 269:314.688 - 0.502ms returns FALSE
T9B44 269:422.176 JLINK_IsHalted()
T9B44 269:422.784 - 0.617ms returns FALSE
T9B44 269:422.784 JLINK_IsHalted()
T9B44 269:423.872 - 1.068ms returns FALSE
T778C 269:466.944 JLINK_IsHalted()
T778C 269:467.360 - 0.440ms returns FALSE
T778C 269:467.360 JLINK_IsHalted()
T778C 269:467.808 - 0.415ms returns FALSE
T9B44 269:531.584 JLINK_IsHalted()
T9B44 269:532.224 - 0.649ms returns FALSE
T9B44 269:532.256 JLINK_IsHalted()
T9B44 269:532.736 - 0.462ms returns FALSE
T9B44 269:641.088 JLINK_IsHalted()
T9B44 269:641.568 - 0.498ms returns FALSE
T9B44 269:641.600 JLINK_IsHalted()
T9B44 269:642.016 - 0.417ms returns FALSE
T9B44 269:750.784 JLINK_IsHalted()
T9B44 269:751.296 - 0.518ms returns FALSE
T9B44 269:751.360 JLINK_IsHalted()
T9B44 269:751.776 - 0.436ms returns FALSE
T9B44 269:859.616 JLINK_IsHalted()
T9B44 269:860.160 - 0.525ms returns FALSE
T9B44 269:860.192 JLINK_IsHalted()
T9B44 269:860.576 - 0.399ms returns FALSE
T9B44 269:969.344 JLINK_IsHalted()
T9B44 269:969.984 - 0.668ms returns FALSE
T9B44 269:970.048 JLINK_IsHalted()
T9B44 269:970.560 - 0.527ms returns FALSE
T9B44 270:079.136 JLINK_IsHalted()
T9B44 270:079.808 - 0.695ms returns FALSE
T9B44 270:079.872 JLINK_IsHalted()
T9B44 270:080.448 - 0.566ms returns FALSE
T9B44 270:188.096 JLINK_IsHalted()
T9B44 270:188.608 - 0.523ms returns FALSE
T9B44 270:188.608 JLINK_IsHalted()
T9B44 270:189.120 - 0.503ms returns FALSE
T9B44 270:297.216 JLINK_IsHalted()
T9B44 270:297.696 - 0.480ms returns FALSE
T9B44 270:297.696 JLINK_IsHalted()
T9B44 270:298.048 - 0.358ms returns FALSE
T9B44 270:407.392 JLINK_IsHalted()
T9B44 270:408.320 - 0.933ms returns FALSE
T9B44 270:408.352 JLINK_IsHalted()
T9B44 270:408.768 - 0.412ms returns FALSE
T778C 270:467.904 JLINK_IsHalted()
T778C 270:468.416 - 0.499ms returns FALSE
T778C 270:468.448 JLINK_IsHalted()
T778C 270:468.928 - 0.482ms returns FALSE
T9B44 270:516.608 JLINK_IsHalted()
T9B44 270:517.056 - 0.456ms returns FALSE
T9B44 270:517.056 JLINK_IsHalted()
T9B44 270:517.408 - 0.315ms returns FALSE
T9B44 270:625.984 JLINK_IsHalted()
T9B44 270:628.384 - 2.375ms returns FALSE
T9B44 270:628.544 JLINK_IsHalted()
T9B44 270:629.376 - 0.856ms returns FALSE
T9B44 270:734.592 JLINK_IsHalted()
T9B44 270:737.280 - 2.679ms returns FALSE
T9B44 270:737.344 JLINK_IsHalted()
T9B44 270:738.016 - 0.676ms returns FALSE
T9B44 270:844.064 JLINK_IsHalted()
T9B44 270:844.640 - 0.588ms returns FALSE
T9B44 270:844.640 JLINK_IsHalted()
T9B44 270:845.056 - 0.408ms returns FALSE
T9B44 270:953.472 JLINK_IsHalted()
T9B44 270:953.888 - 0.387ms returns FALSE
T9B44 270:953.888 JLINK_IsHalted()
T9B44 270:954.176 - 0.293ms returns FALSE
T9B44 271:063.264 JLINK_IsHalted()
T9B44 271:063.808 - 0.524ms returns FALSE
T9B44 271:063.840 JLINK_IsHalted()
T9B44 271:064.256 - 0.446ms returns FALSE
T9B44 271:172.064 JLINK_IsHalted()
T9B44 271:172.544 - 0.482ms returns FALSE
T9B44 271:172.544 JLINK_IsHalted()
T9B44 271:172.960 - 0.409ms returns FALSE
T9B44 271:281.344 JLINK_IsHalted()
T9B44 271:283.136 - 1.766ms returns FALSE
T9B44 271:283.136 JLINK_IsHalted()
T9B44 271:283.776 - 0.646ms returns FALSE
T9B44 271:390.912 JLINK_IsHalted()
T9B44 271:391.552 - 0.611ms returns FALSE
T9B44 271:391.552 JLINK_IsHalted()
T9B44 271:392.032 - 0.475ms returns FALSE
T778C 271:468.896 JLINK_IsHalted()
T778C 271:469.408 - 0.502ms returns FALSE
T778C 271:469.472 JLINK_IsHalted()
T778C 271:469.920 - 0.460ms returns FALSE
T9B44 271:500.736 JLINK_IsHalted()
T9B44 271:501.248 - 0.531ms returns FALSE
T9B44 271:501.280 JLINK_IsHalted()
T9B44 271:501.792 - 0.497ms returns FALSE
T9B44 271:609.920 JLINK_IsHalted()
T9B44 271:610.624 - 0.719ms returns FALSE
T9B44 271:610.688 JLINK_IsHalted()
T9B44 271:611.072 - 0.397ms returns FALSE
T9B44 271:719.968 JLINK_IsHalted()
T9B44 271:720.480 - 0.531ms returns FALSE
T9B44 271:720.512 JLINK_IsHalted()
T9B44 271:721.216 - 0.708ms returns FALSE
T9B44 271:828.448 JLINK_IsHalted()
T9B44 271:828.864 - 0.414ms returns FALSE
T9B44 271:828.896 JLINK_IsHalted()
T9B44 271:829.216 - 0.333ms returns FALSE
T9B44 271:937.696 JLINK_IsHalted()
T9B44 271:938.112 - 0.407ms returns FALSE
T9B44 271:938.112 JLINK_IsHalted()
T9B44 271:938.432 - 0.332ms returns FALSE
T9B44 272:047.520 JLINK_IsHalted()
T9B44 272:048.160 - 0.624ms returns FALSE
T9B44 272:048.192 JLINK_IsHalted()
T9B44 272:048.672 - 0.476ms returns FALSE
T9B44 272:156.896 JLINK_IsHalted()
T9B44 272:157.376 - 0.467ms returns FALSE
T9B44 272:157.376 JLINK_IsHalted()
T9B44 272:157.760 - 0.377ms returns FALSE
T9B44 272:266.144 JLINK_IsHalted()
T9B44 272:266.912 - 0.746ms returns FALSE
T9B44 272:266.912 JLINK_IsHalted()
T9B44 272:267.296 - 0.378ms returns FALSE
T9B44 272:375.424 JLINK_IsHalted()
T9B44 272:375.936 - 0.496ms returns FALSE
T9B44 272:375.968 JLINK_IsHalted()
T9B44 272:376.352 - 0.396ms returns FALSE
T778C 272:470.784 JLINK_IsHalted()
T778C 272:473.920 - 3.133ms returns FALSE
T778C 272:473.984 JLINK_IsHalted()
T778C 272:474.688 - 0.732ms returns FALSE
T9B44 272:484.672 JLINK_IsHalted()
T9B44 272:485.792 - 1.043ms returns FALSE
T9B44 272:485.824 JLINK_IsHalted()
T9B44 272:486.208 - 0.398ms returns FALSE
T9B44 272:594.048 JLINK_IsHalted()
T9B44 272:594.752 - 0.712ms returns FALSE
T9B44 272:594.752 JLINK_IsHalted()
T9B44 272:595.456 - 0.686ms returns FALSE
T9B44 272:703.424 JLINK_IsHalted()
T9B44 272:703.936 - 0.470ms returns FALSE
T9B44 272:703.936 JLINK_IsHalted()
T9B44 272:704.512 - 0.561ms returns FALSE
T9B44 272:813.152 JLINK_IsHalted()
T9B44 272:813.760 - 0.597ms returns FALSE
T9B44 272:813.792 JLINK_IsHalted()
T9B44 272:814.208 - 0.392ms returns FALSE
T9B44 272:922.816 JLINK_IsHalted()
T9B44 272:923.808 - 0.981ms returns FALSE
T9B44 272:923.840 JLINK_IsHalted()
T9B44 272:924.448 - 0.587ms returns FALSE
T9B44 273:031.680 JLINK_IsHalted()
T9B44 273:032.256 - 0.586ms returns FALSE
T9B44 273:032.288 JLINK_IsHalted()
T9B44 273:032.768 - 0.461ms returns FALSE
T9B44 273:141.056 JLINK_IsHalted()
T9B44 273:141.632 - 0.574ms returns FALSE
T9B44 273:141.696 JLINK_IsHalted()
T9B44 273:142.336 - 0.637ms returns FALSE
T9B44 273:250.368 JLINK_IsHalted()
T9B44 273:251.136 - 0.780ms returns FALSE
T9B44 273:251.200 JLINK_IsHalted()
T9B44 273:251.840 - 0.645ms returns FALSE
T9B44 273:359.680 JLINK_IsHalted()
T9B44 273:360.224 - 0.535ms returns FALSE
T9B44 273:360.288 JLINK_IsHalted()
T9B44 273:360.608 - 0.331ms returns FALSE
T9B44 273:469.536 JLINK_IsHalted()
T9B44 273:469.920 - 0.383ms returns FALSE
T9B44 273:469.952 JLINK_IsHalted()
T9B44 273:470.208 - 0.260ms returns FALSE
T778C 273:474.752 JLINK_IsHalted()
T778C 273:475.104 - 0.346ms returns FALSE
T778C 273:475.136 JLINK_IsHalted()
T778C 273:475.392 - 0.265ms returns FALSE
T9B44 273:579.072 JLINK_IsHalted()
T9B44 273:579.712 - 0.632ms returns FALSE
T9B44 273:579.712 JLINK_IsHalted()
T9B44 273:580.256 - 0.527ms returns FALSE
T9B44 273:688.256 JLINK_IsHalted()
T9B44 273:688.896 - 0.643ms returns FALSE
T9B44 273:688.928 JLINK_IsHalted()
T9B44 273:689.696 - 0.753ms returns FALSE
T9B44 273:797.216 JLINK_IsHalted()
T9B44 273:797.728 - 0.509ms returns FALSE
T9B44 273:797.792 JLINK_IsHalted()
T9B44 273:798.400 - 0.612ms returns FALSE
T9B44 273:906.496 JLINK_IsHalted()
T9B44 273:907.264 - 0.769ms returns FALSE
T9B44 273:907.328 JLINK_IsHalted()
T9B44 273:907.840 - 0.518ms returns FALSE
T9B44 274:016.192 JLINK_IsHalted()
T9B44 274:017.216 - 1.034ms returns FALSE
T9B44 274:017.312 JLINK_IsHalted()
T9B44 274:018.176 - 0.873ms returns FALSE
T9B44 274:125.376 JLINK_IsHalted()
T9B44 274:126.144 - 0.783ms returns FALSE
T9B44 274:126.176 JLINK_IsHalted()
T9B44 274:126.688 - 0.508ms returns FALSE
T9B44 274:235.072 JLINK_IsHalted()
T9B44 274:235.840 - 0.732ms returns FALSE
T9B44 274:235.904 JLINK_IsHalted()
T9B44 274:236.640 - 0.743ms returns FALSE
T9B44 274:344.768 JLINK_IsHalted()
T9B44 274:345.344 - 0.592ms returns FALSE
T9B44 274:345.408 JLINK_IsHalted()
T9B44 274:345.984 - 0.592ms returns FALSE
T9B44 274:453.568 JLINK_IsHalted()
T9B44 274:454.208 - 0.614ms returns FALSE
T9B44 274:454.208 JLINK_IsHalted()
T9B44 274:454.848 - 0.637ms returns FALSE
T778C 274:476.352 JLINK_IsHalted()
T778C 274:477.152 - 0.834ms returns FALSE
T778C 274:477.248 JLINK_IsHalted()
T778C 274:477.888 - 0.639ms returns FALSE
T9B44 274:563.712 JLINK_IsHalted()
T9B44 274:564.544 - 0.819ms returns FALSE
T9B44 274:564.672 JLINK_IsHalted()
T9B44 274:565.312 - 0.665ms returns FALSE
T9B44 274:672.224 JLINK_IsHalted()
T9B44 274:675.264 - 3.044ms returns FALSE
T9B44 274:675.392 JLINK_IsHalted()
T9B44 274:677.184 - 1.791ms returns FALSE
T9B44 274:782.144 JLINK_IsHalted()
T9B44 274:783.168 - 1.029ms returns FALSE
T9B44 274:783.200 JLINK_IsHalted()
T9B44 274:783.840 - 0.653ms returns FALSE
T9B44 274:891.296 JLINK_IsHalted()
T9B44 274:892.160 - 0.855ms returns FALSE
T9B44 274:892.224 JLINK_IsHalted()
T9B44 274:892.864 - 0.639ms returns FALSE
T9B44 275:000.192 JLINK_IsHalted()
T9B44 275:000.864 - 0.658ms returns FALSE
T9B44 275:000.896 JLINK_IsHalted()
T9B44 275:001.536 - 0.625ms returns FALSE
T9B44 275:109.920 JLINK_IsHalted()
T9B44 275:110.496 - 0.584ms returns FALSE
T9B44 275:110.560 JLINK_IsHalted()
T9B44 275:111.232 - 0.691ms returns FALSE
T9B44 275:218.848 JLINK_IsHalted()
T9B44 275:219.360 - 0.500ms returns FALSE
T9B44 275:219.392 JLINK_IsHalted()
T9B44 275:219.776 - 0.379ms returns FALSE
T9B44 275:328.992 JLINK_IsHalted()
T9B44 275:329.504 - 0.528ms returns FALSE
T9B44 275:329.536 JLINK_IsHalted()
T9B44 275:330.112 - 0.555ms returns FALSE
T9B44 275:438.528 JLINK_IsHalted()
T9B44 275:439.136 - 0.581ms returns FALSE
T9B44 275:439.136 JLINK_IsHalted()
T9B44 275:439.552 - 0.396ms returns FALSE
T778C 275:478.848 JLINK_IsHalted()
T778C 275:479.424 - 0.587ms returns FALSE
T778C 275:479.488 JLINK_IsHalted()
T778C 275:479.968 - 0.484ms returns FALSE
T9B44 275:547.840 JLINK_IsHalted()
T9B44 275:548.480 - 0.648ms returns FALSE
T9B44 275:548.512 JLINK_IsHalted()
T9B44 275:548.960 - 0.434ms returns FALSE
T9B44 275:657.152 JLINK_IsHalted()
T9B44 275:657.824 - 0.704ms returns FALSE
T9B44 275:657.888 JLINK_IsHalted()
T9B44 275:658.528 - 0.643ms returns FALSE
T9B44 275:766.304 JLINK_IsHalted()
T9B44 275:766.976 - 0.697ms returns FALSE
T9B44 275:767.040 JLINK_IsHalted()
T9B44 275:767.584 - 0.537ms returns FALSE
T9B44 275:875.264 JLINK_IsHalted()
T9B44 275:876.000 - 0.701ms returns FALSE
T9B44 275:876.032 JLINK_IsHalted()
T9B44 275:876.512 - 0.483ms returns FALSE
T9B44 275:984.864 JLINK_IsHalted()
T9B44 275:985.344 - 0.489ms returns FALSE
T9B44 275:985.408 JLINK_IsHalted()
T9B44 275:985.952 - 0.546ms returns FALSE
T9B44 276:094.432 JLINK_IsHalted()
T9B44 276:095.136 - 0.689ms returns FALSE
T9B44 276:095.168 JLINK_IsHalted()
T9B44 276:095.680 - 0.535ms returns FALSE
T9B44 276:203.456 JLINK_IsHalted()
T9B44 276:203.904 - 0.465ms returns FALSE
T9B44 276:203.968 JLINK_IsHalted()
T9B44 276:204.416 - 0.459ms returns FALSE
T9B44 276:312.768 JLINK_IsHalted()
T9B44 276:313.440 - 0.671ms returns FALSE
T9B44 276:313.504 JLINK_IsHalted()
T9B44 276:314.144 - 0.643ms returns FALSE
T9B44 276:422.016 JLINK_IsHalted()
T9B44 276:422.720 - 0.700ms returns FALSE
T9B44 276:422.784 JLINK_IsHalted()
T9B44 276:424.000 - 1.252ms returns FALSE
T778C 276:481.184 JLINK_IsHalted()
T778C 276:481.920 - 0.735ms returns FALSE
T778C 276:481.984 JLINK_IsHalted()
T778C 276:482.432 - 0.458ms returns FALSE
T9B44 276:532.416 JLINK_IsHalted()
T9B44 276:534.400 - 1.988ms returns FALSE
T9B44 276:534.464 JLINK_IsHalted()
T9B44 276:535.328 - 0.831ms returns FALSE
T9B44 276:641.376 JLINK_IsHalted()
T9B44 276:641.984 - 0.601ms returns FALSE
T9B44 276:642.048 JLINK_IsHalted()
T9B44 276:642.496 - 0.433ms returns FALSE
T9B44 276:751.040 JLINK_IsHalted()
T9B44 276:751.488 - 0.457ms returns FALSE
T9B44 276:751.520 JLINK_IsHalted()
T9B44 276:751.840 - 0.356ms returns FALSE
T9B44 276:860.256 JLINK_IsHalted()
T9B44 276:860.928 - 0.669ms returns FALSE
T9B44 276:860.960 JLINK_IsHalted()
T9B44 276:861.472 - 0.515ms returns FALSE
T9B44 276:969.056 JLINK_IsHalted()
T9B44 276:969.536 - 0.462ms returns FALSE
T9B44 276:969.568 JLINK_IsHalted()
T9B44 276:970.048 - 0.468ms returns FALSE
T9B44 277:078.944 JLINK_IsHalted()
T9B44 277:079.680 - 0.734ms returns FALSE
T9B44 277:079.680 JLINK_IsHalted()
T9B44 277:080.128 - 0.436ms returns FALSE
T9B44 277:188.512 JLINK_IsHalted()
T9B44 277:189.120 - 0.622ms returns FALSE
T9B44 277:189.152 JLINK_IsHalted()
T9B44 277:192.224 - 3.084ms returns FALSE
T9B44 277:297.600 JLINK_IsHalted()
T9B44 277:298.368 - 0.807ms returns FALSE
T9B44 277:298.464 JLINK_IsHalted()
T9B44 277:300.416 - 1.955ms returns FALSE
T9B44 277:407.168 JLINK_IsHalted()
T9B44 277:407.712 - 0.572ms returns FALSE
T9B44 277:407.744 JLINK_IsHalted()
T9B44 277:408.224 - 0.502ms returns FALSE
T778C 277:483.456 JLINK_IsHalted()
T778C 277:484.192 - 0.706ms returns FALSE
T778C 277:484.224 JLINK_IsHalted()
T778C 277:484.864 - 0.662ms returns FALSE
T9B44 277:516.480 JLINK_IsHalted()
T9B44 277:517.024 - 0.572ms returns FALSE
T9B44 277:517.088 JLINK_IsHalted()
T9B44 277:517.760 - 0.679ms returns FALSE
T9B44 277:625.280 JLINK_IsHalted()
T9B44 277:626.304 - 1.021ms returns FALSE
T9B44 277:626.368 JLINK_IsHalted()
T9B44 277:626.944 - 0.585ms returns FALSE
T9B44 277:734.752 JLINK_IsHalted()
T9B44 277:735.584 - 0.832ms returns FALSE
T9B44 277:735.680 JLINK_IsHalted()
T9B44 277:736.416 - 0.726ms returns FALSE
T9B44 277:844.416 JLINK_IsHalted()
T9B44 277:846.144 - 1.711ms returns FALSE
T9B44 277:846.208 JLINK_IsHalted()
T9B44 277:846.848 - 0.650ms returns FALSE
T9B44 277:954.944 JLINK_IsHalted()
T9B44 277:957.024 - 2.091ms returns FALSE
T9B44 277:957.088 JLINK_IsHalted()
T9B44 277:957.632 - 0.538ms returns FALSE
T9B44 278:062.912 JLINK_IsHalted()
T9B44 278:063.680 - 0.718ms returns FALSE
T9B44 278:063.712 JLINK_IsHalted()
T9B44 278:065.824 - 2.085ms returns FALSE
T9B44 278:172.224 JLINK_IsHalted()
T9B44 278:173.536 - 1.317ms returns FALSE
T9B44 278:173.632 JLINK_IsHalted()
T9B44 278:175.360 - 1.743ms returns FALSE
T9B44 278:282.112 JLINK_IsHalted()
T9B44 278:282.944 - 0.844ms returns FALSE
T9B44 278:283.040 JLINK_IsHalted()
T9B44 278:283.840 - 0.793ms returns FALSE
T9B44 278:390.848 JLINK_IsHalted()
T9B44 278:391.968 - 1.136ms returns FALSE
T9B44 278:392.032 JLINK_IsHalted()
T9B44 278:392.896 - 0.857ms returns FALSE
T778C 278:485.664 JLINK_IsHalted()
T778C 278:486.272 - 0.599ms returns FALSE
T778C 278:486.336 JLINK_IsHalted()
T778C 278:487.040 - 0.725ms returns FALSE
T9B44 278:500.544 JLINK_IsHalted()
T9B44 278:501.120 - 0.555ms returns FALSE
T9B44 278:501.184 JLINK_IsHalted()
T9B44 278:501.760 - 0.596ms returns FALSE
T9B44 278:609.728 JLINK_IsHalted()
T9B44 278:610.112 - 0.403ms returns FALSE
T9B44 278:610.144 JLINK_IsHalted()
T9B44 278:610.432 - 0.287ms returns FALSE
T9B44 278:719.552 JLINK_IsHalted()
T9B44 278:720.064 - 0.545ms returns FALSE
T9B44 278:720.096 JLINK_IsHalted()
T9B44 278:720.576 - 0.456ms returns FALSE
T9B44 278:829.056 JLINK_IsHalted()
T9B44 278:829.536 - 0.481ms returns FALSE
T9B44 278:829.536 JLINK_IsHalted()
T9B44 278:829.952 - 0.397ms returns FALSE
T9B44 278:938.112 JLINK_IsHalted()
T9B44 278:938.688 - 0.582ms returns FALSE
T9B44 278:938.720 JLINK_IsHalted()
T9B44 278:939.168 - 0.443ms returns FALSE
T9B44 279:047.104 JLINK_IsHalted()
T9B44 279:047.648 - 0.554ms returns FALSE
T9B44 279:047.680 JLINK_IsHalted()
T9B44 279:048.160 - 0.477ms returns FALSE
T9B44 279:156.896 JLINK_IsHalted()
T9B44 279:157.440 - 0.536ms returns FALSE
T9B44 279:157.440 JLINK_IsHalted()
T9B44 279:157.920 - 0.478ms returns FALSE
T9B44 279:265.952 JLINK_IsHalted()
T9B44 279:266.560 - 0.603ms returns FALSE
T9B44 279:266.592 JLINK_IsHalted()
T9B44 279:267.104 - 0.507ms returns FALSE
T9B44 279:375.808 JLINK_IsHalted()
T9B44 279:376.352 - 0.546ms returns FALSE
T9B44 279:376.384 JLINK_IsHalted()
T9B44 279:376.832 - 0.466ms returns FALSE
T9B44 279:484.736 JLINK_IsHalted()
T9B44 279:485.216 - 0.505ms returns FALSE
T9B44 279:485.248 JLINK_IsHalted()
T9B44 279:485.888 - 0.613ms returns FALSE
T778C 279:488.448 JLINK_IsHalted()
T778C 279:488.960 - 0.526ms returns FALSE
T778C 279:488.992 JLINK_IsHalted()
T778C 279:489.536 - 0.541ms returns FALSE
T9B44 279:594.880 JLINK_IsHalted()
T9B44 279:595.456 - 0.549ms returns FALSE
T9B44 279:595.456 JLINK_IsHalted()
T9B44 279:595.936 - 0.474ms returns FALSE
T9B44 279:703.648 JLINK_IsHalted()
T9B44 279:704.352 - 0.683ms returns FALSE
T9B44 279:704.352 JLINK_IsHalted()
T9B44 279:704.832 - 0.462ms returns FALSE
T9B44 279:812.736 JLINK_IsHalted()
T9B44 279:813.440 - 0.731ms returns FALSE
T9B44 279:813.472 JLINK_IsHalted()
T9B44 279:813.888 - 0.409ms returns FALSE
T9B44 279:922.528 JLINK_IsHalted()
T9B44 279:924.672 - 2.113ms returns FALSE
T9B44 279:924.672 JLINK_IsHalted()
T9B44 279:925.184 - 0.480ms returns FALSE
T9B44 280:032.416 JLINK_IsHalted()
T9B44 280:033.024 - 0.622ms returns FALSE
T9B44 280:033.056 JLINK_IsHalted()
T9B44 280:033.536 - 0.475ms returns FALSE
T9B44 280:140.800 JLINK_IsHalted()
T9B44 280:141.344 - 0.538ms returns FALSE
T9B44 280:141.376 JLINK_IsHalted()
T9B44 280:141.824 - 0.453ms returns FALSE
T9B44 280:250.880 JLINK_IsHalted()
T9B44 280:251.424 - 0.540ms returns FALSE
T9B44 280:251.456 JLINK_IsHalted()
T9B44 280:251.840 - 0.416ms returns FALSE
T9B44 280:360.480 JLINK_IsHalted()
T9B44 280:360.928 - 0.444ms returns FALSE
T9B44 280:360.928 JLINK_IsHalted()
T9B44 280:361.344 - 0.393ms returns FALSE
T9B44 280:470.080 JLINK_IsHalted()
T9B44 280:472.384 - 2.269ms returns FALSE
T9B44 280:472.384 JLINK_IsHalted()
T9B44 280:474.496 - 2.092ms returns FALSE
T778C 280:490.912 JLINK_IsHalted()
T778C 280:491.488 - 0.569ms returns FALSE
T778C 280:491.520 JLINK_IsHalted()
T778C 280:491.904 - 0.387ms returns FALSE
T9B44 280:578.464 JLINK_IsHalted()
T9B44 280:579.104 - 0.635ms returns FALSE
T9B44 280:579.136 JLINK_IsHalted()
T9B44 280:579.680 - 0.555ms returns FALSE
T9B44 280:688.384 JLINK_IsHalted()
T9B44 280:689.088 - 0.682ms returns FALSE
T9B44 280:689.088 JLINK_IsHalted()
T9B44 280:689.632 - 0.532ms returns FALSE
T9B44 280:797.248 JLINK_IsHalted()
T9B44 280:799.328 - 2.107ms returns FALSE
T9B44 280:799.424 JLINK_IsHalted()
T9B44 280:799.936 - 0.512ms returns FALSE
T9B44 280:907.008 JLINK_IsHalted()
T9B44 280:908.352 - 1.314ms returns FALSE
T9B44 280:908.416 JLINK_IsHalted()
T9B44 280:909.312 - 0.902ms returns FALSE
T9B44 281:016.512 JLINK_IsHalted()
T9B44 281:017.184 - 0.685ms returns FALSE
T9B44 281:017.216 JLINK_IsHalted()
T9B44 281:017.760 - 0.522ms returns FALSE
T9B44 281:125.952 JLINK_IsHalted()
T9B44 281:126.688 - 0.703ms returns FALSE
T9B44 281:126.720 JLINK_IsHalted()
T9B44 281:127.200 - 0.474ms returns FALSE
T9B44 281:234.784 JLINK_IsHalted()
T9B44 281:235.392 - 0.589ms returns FALSE
T9B44 281:235.424 JLINK_IsHalted()
T9B44 281:235.904 - 0.504ms returns FALSE
T9B44 281:343.840 JLINK_IsHalted()
T9B44 281:344.480 - 0.642ms returns FALSE
T9B44 281:344.512 JLINK_IsHalted()
T9B44 281:345.024 - 0.508ms returns FALSE
T9B44 281:453.920 JLINK_IsHalted()
T9B44 281:454.496 - 0.562ms returns FALSE
T9B44 281:454.528 JLINK_IsHalted()
T9B44 281:455.040 - 0.500ms returns FALSE
T778C 281:492.672 JLINK_IsHalted()
T778C 281:493.280 - 0.582ms returns FALSE
T778C 281:493.440 JLINK_IsHalted()
T778C 281:493.920 - 0.486ms returns FALSE
T9B44 281:563.328 JLINK_IsHalted()
T9B44 281:564.000 - 0.651ms returns FALSE
T9B44 281:564.032 JLINK_IsHalted()
T9B44 281:564.608 - 0.567ms returns FALSE
T9B44 281:672.224 JLINK_IsHalted()
T9B44 281:672.736 - 0.524ms returns FALSE
T9B44 281:672.768 JLINK_IsHalted()
T9B44 281:673.888 - 1.130ms returns FALSE
T9B44 281:781.856 JLINK_IsHalted()
T9B44 281:782.400 - 0.532ms returns FALSE
T9B44 281:782.432 JLINK_IsHalted()
T9B44 281:782.816 - 0.369ms returns FALSE
T9B44 281:891.168 JLINK_IsHalted()
T9B44 281:891.648 - 0.449ms returns FALSE
T9B44 281:891.648 JLINK_IsHalted()
T9B44 281:892.224 - 0.565ms returns FALSE
T9B44 282:000.448 JLINK_IsHalted()
T9B44 282:000.992 - 0.545ms returns FALSE
T9B44 282:001.024 JLINK_IsHalted()
T9B44 282:001.536 - 0.495ms returns FALSE
T9B44 282:110.240 JLINK_IsHalted()
T9B44 282:110.720 - 0.470ms returns FALSE
T9B44 282:110.720 JLINK_IsHalted()
T9B44 282:111.168 - 0.426ms returns FALSE
T9B44 282:219.680 JLINK_IsHalted()
T9B44 282:220.320 - 0.614ms returns FALSE
T9B44 282:220.320 JLINK_IsHalted()
T9B44 282:220.864 - 0.542ms returns FALSE
T9B44 282:328.448 JLINK_IsHalted()
T9B44 282:328.896 - 0.439ms returns FALSE
T9B44 282:328.896 JLINK_IsHalted()
T9B44 282:329.184 - 0.266ms returns FALSE
T9B44 282:438.048 JLINK_IsHalted()
T9B44 282:438.432 - 0.387ms returns FALSE
T9B44 282:438.464 JLINK_IsHalted()
T9B44 282:438.720 - 0.255ms returns FALSE
T778C 282:494.816 JLINK_IsHalted()
T778C 282:495.296 - 0.454ms returns FALSE
T778C 282:495.296 JLINK_IsHalted()
T778C 282:495.680 - 0.375ms returns FALSE
T9B44 282:548.000 JLINK_IsHalted()
T9B44 282:548.416 - 0.441ms returns FALSE
T9B44 282:548.448 JLINK_IsHalted()
T9B44 282:548.832 - 0.381ms returns FALSE
T9B44 282:656.608 JLINK_IsHalted()
T9B44 282:657.024 - 0.404ms returns FALSE
T9B44 282:657.024 JLINK_IsHalted()
T9B44 282:657.344 - 0.309ms returns FALSE
T9B44 282:766.656 JLINK_IsHalted()
T9B44 282:767.168 - 0.536ms returns FALSE
T9B44 282:767.168 JLINK_IsHalted()
T9B44 282:767.616 - 0.412ms returns FALSE
T9B44 282:875.968 JLINK_IsHalted()
T9B44 282:876.448 - 0.491ms returns FALSE
T9B44 282:876.480 JLINK_IsHalted()
T9B44 282:876.992 - 0.496ms returns FALSE
T9B44 282:984.640 JLINK_IsHalted()
T9B44 282:985.152 - 0.504ms returns FALSE
T9B44 282:985.152 JLINK_IsHalted()
T9B44 282:985.536 - 0.406ms returns FALSE
T9B44 283:094.592 JLINK_IsHalted()
T9B44 283:097.792 - 3.231ms returns FALSE
T9B44 283:097.824 JLINK_IsHalted()
T9B44 283:098.176 - 0.351ms returns FALSE
T9B44 283:204.128 JLINK_IsHalted()
T9B44 283:204.672 - 0.528ms returns FALSE
T9B44 283:204.672 JLINK_IsHalted()
T9B44 283:205.152 - 0.457ms returns FALSE
T9B44 283:312.704 JLINK_IsHalted()
T9B44 283:313.216 - 0.522ms returns FALSE
T9B44 283:313.248 JLINK_IsHalted()
T9B44 283:313.632 - 0.386ms returns FALSE
T9B44 283:422.144 JLINK_IsHalted()
T9B44 283:422.656 - 0.512ms returns FALSE
T9B44 283:422.656 JLINK_IsHalted()
T9B44 283:423.040 - 0.399ms returns FALSE
T778C 283:496.096 JLINK_IsHalted()
T778C 283:496.448 - 0.377ms returns FALSE
T778C 283:496.480 JLINK_IsHalted()
T778C 283:496.864 - 0.376ms returns FALSE
T9B44 283:531.712 JLINK_IsHalted()
T9B44 283:532.160 - 0.452ms returns FALSE
T9B44 283:532.192 JLINK_IsHalted()
T9B44 283:532.512 - 0.355ms returns FALSE
T9B44 283:640.800 JLINK_IsHalted()
T9B44 283:641.280 - 0.461ms returns FALSE
T9B44 283:641.312 JLINK_IsHalted()
T9B44 283:641.728 - 0.404ms returns FALSE
T9B44 283:750.336 JLINK_IsHalted()
T9B44 283:750.784 - 0.467ms returns FALSE
T9B44 283:750.816 JLINK_IsHalted()
T9B44 283:751.104 - 0.304ms returns FALSE
T9B44 283:859.872 JLINK_IsHalted()
T9B44 283:860.320 - 0.455ms returns FALSE
T9B44 283:860.320 JLINK_IsHalted()
T9B44 283:860.800 - 0.454ms returns FALSE
T9B44 283:968.992 JLINK_IsHalted()
T9B44 283:969.472 - 0.473ms returns FALSE
T9B44 283:969.472 JLINK_IsHalted()
T9B44 283:969.856 - 0.364ms returns FALSE
T9B44 284:078.496 JLINK_IsHalted()
T9B44 284:078.976 - 0.470ms returns FALSE
T9B44 284:079.008 JLINK_IsHalted()
T9B44 284:079.424 - 0.413ms returns FALSE
T9B44 284:188.032 JLINK_IsHalted()
T9B44 284:188.480 - 0.440ms returns FALSE
T9B44 284:188.480 JLINK_IsHalted()
T9B44 284:188.832 - 0.327ms returns FALSE
T9B44 284:298.336 JLINK_IsHalted()
T9B44 284:298.816 - 0.485ms returns FALSE
T9B44 284:298.848 JLINK_IsHalted()
T9B44 284:299.200 - 0.362ms returns FALSE
T9B44 284:407.072 JLINK_IsHalted()
T9B44 284:407.552 - 0.488ms returns FALSE
T9B44 284:407.584 JLINK_IsHalted()
T9B44 284:407.968 - 0.380ms returns FALSE
T778C 284:497.568 JLINK_IsHalted()
T778C 284:497.984 - 0.412ms returns FALSE
T778C 284:497.984 JLINK_IsHalted()
T778C 284:498.368 - 0.354ms returns FALSE
T9B44 284:516.320 JLINK_IsHalted()
T9B44 284:516.800 - 0.449ms returns FALSE
T9B44 284:516.800 JLINK_IsHalted()
T9B44 284:517.312 - 0.487ms returns FALSE
T9B44 284:625.344 JLINK_IsHalted()
T9B44 284:625.824 - 0.497ms returns FALSE
T9B44 284:625.888 JLINK_IsHalted()
T9B44 284:626.496 - 0.609ms returns FALSE
T9B44 284:734.784 JLINK_IsHalted()
T9B44 284:735.296 - 0.548ms returns FALSE
T9B44 284:735.328 JLINK_IsHalted()
T9B44 284:735.840 - 0.512ms returns FALSE
T9B44 284:844.224 JLINK_IsHalted()
T9B44 284:844.800 - 0.603ms returns FALSE
T9B44 284:844.832 JLINK_IsHalted()
T9B44 284:845.376 - 0.553ms returns FALSE
T9B44 284:953.824 JLINK_IsHalted()
T9B44 284:954.304 - 0.494ms returns FALSE
T9B44 284:954.336 JLINK_IsHalted()
T9B44 284:954.816 - 0.458ms returns FALSE
T9B44 285:063.360 JLINK_IsHalted()
T9B44 285:063.776 - 0.423ms returns FALSE
T9B44 285:063.776 JLINK_IsHalted()
T9B44 285:064.064 - 0.256ms returns FALSE
T9B44 285:172.032 JLINK_IsHalted()
T9B44 285:172.416 - 0.405ms returns FALSE
T9B44 285:172.416 JLINK_IsHalted()
T9B44 285:172.800 - 0.340ms returns FALSE
T9B44 285:282.048 JLINK_IsHalted()
T9B44 285:282.560 - 0.510ms returns FALSE
T9B44 285:282.592 JLINK_IsHalted()
T9B44 285:283.136 - 0.540ms returns FALSE
T9B44 285:391.456 JLINK_IsHalted()
T9B44 285:392.000 - 0.550ms returns FALSE
T9B44 285:392.032 JLINK_IsHalted()
T9B44 285:392.480 - 0.449ms returns FALSE
T778C 285:499.328 JLINK_IsHalted()
T778C 285:499.840 - 0.508ms returns FALSE
T778C 285:499.840 JLINK_IsHalted()
T778C 285:500.192 - 0.326ms returns FALSE
T9B44 285:500.864 JLINK_IsHalted()
T9B44 285:501.216 - 0.351ms returns FALSE
T9B44 285:501.216 JLINK_IsHalted()
T9B44 285:501.632 - 0.425ms returns FALSE
T9B44 285:609.888 JLINK_IsHalted()
T9B44 285:610.400 - 0.495ms returns FALSE
T9B44 285:610.400 JLINK_IsHalted()
T9B44 285:610.816 - 0.435ms returns FALSE
T9B44 285:719.040 JLINK_IsHalted()
T9B44 285:719.616 - 0.540ms returns FALSE
T9B44 285:719.616 JLINK_IsHalted()
T9B44 285:720.000 - 0.411ms returns FALSE
T9B44 285:829.152 JLINK_IsHalted()
T9B44 285:829.696 - 0.525ms returns FALSE
T9B44 285:829.696 JLINK_IsHalted()
T9B44 285:830.080 - 0.410ms returns FALSE
T9B44 285:938.240 JLINK_IsHalted()
T9B44 285:938.944 - 0.707ms returns FALSE
T9B44 285:938.976 JLINK_IsHalted()
T9B44 285:939.456 - 0.491ms returns FALSE
T9B44 286:047.648 JLINK_IsHalted()
T9B44 286:048.544 - 0.889ms returns FALSE
T9B44 286:048.608 JLINK_IsHalted()
T9B44 286:049.344 - 0.740ms returns FALSE
T9B44 286:157.408 JLINK_IsHalted()
T9B44 286:157.952 - 0.518ms returns FALSE
T9B44 286:158.016 JLINK_IsHalted()
T9B44 286:158.528 - 0.482ms returns FALSE
T9B44 286:266.752 JLINK_IsHalted()
T9B44 286:267.712 - 0.955ms returns FALSE
T9B44 286:267.808 JLINK_IsHalted()
T9B44 286:268.288 - 0.491ms returns FALSE
T9B44 286:375.328 JLINK_IsHalted()
T9B44 286:376.256 - 0.933ms returns FALSE
T9B44 286:376.384 JLINK_IsHalted()
T9B44 286:377.024 - 0.663ms returns FALSE
T9B44 286:485.056 JLINK_IsHalted()
T9B44 286:486.112 - 1.086ms returns FALSE
T9B44 286:486.144 JLINK_IsHalted()
T9B44 286:486.848 - 0.702ms returns FALSE
T778C 286:500.704 JLINK_IsHalted()
T778C 286:501.696 - 0.958ms returns FALSE
T778C 286:501.760 JLINK_IsHalted()
T778C 286:502.464 - 0.721ms returns FALSE
T9B44 286:594.976 JLINK_IsHalted()
T9B44 286:595.904 - 0.938ms returns FALSE
T9B44 286:596.000 JLINK_IsHalted()
T9B44 286:596.576 - 0.586ms returns FALSE
T9B44 286:703.488 JLINK_IsHalted()
T9B44 286:704.320 - 0.824ms returns FALSE
T9B44 286:704.320 JLINK_IsHalted()
T9B44 286:707.104 - 2.748ms returns FALSE
T9B44 286:813.696 JLINK_IsHalted()
T9B44 286:814.400 - 0.679ms returns FALSE
T9B44 286:814.432 JLINK_IsHalted()
T9B44 286:814.976 - 0.534ms returns FALSE
T9B44 286:922.816 JLINK_IsHalted()
T9B44 286:924.864 - 2.047ms returns FALSE
T9B44 286:925.216 JLINK_IsHalted()
T9B44 286:926.048 - 0.844ms returns FALSE
T9B44 287:031.936 JLINK_IsHalted()
T9B44 287:032.480 - 0.534ms returns FALSE
T9B44 287:032.480 JLINK_IsHalted()
T9B44 287:032.896 - 0.418ms returns FALSE
T9B44 287:141.152 JLINK_IsHalted()
T9B44 287:141.728 - 0.594ms returns FALSE
T9B44 287:141.760 JLINK_IsHalted()
T9B44 287:142.176 - 0.418ms returns FALSE
T9B44 287:250.496 JLINK_IsHalted()
T9B44 287:252.640 - 2.154ms returns FALSE
T9B44 287:252.672 JLINK_IsHalted()
T9B44 287:253.120 - 0.440ms returns FALSE
T9B44 287:359.872 JLINK_IsHalted()
T9B44 287:360.512 - 0.634ms returns FALSE
T9B44 287:360.544 JLINK_IsHalted()
T9B44 287:360.992 - 0.465ms returns FALSE
T9B44 287:469.568 JLINK_IsHalted()
T9B44 287:470.112 - 0.536ms returns FALSE
T9B44 287:470.144 JLINK_IsHalted()
T9B44 287:470.496 - 0.355ms returns FALSE
T778C 287:503.808 JLINK_IsHalted()
T778C 287:504.416 - 0.614ms returns FALSE
T778C 287:504.416 JLINK_IsHalted()
T778C 287:504.896 - 0.479ms returns FALSE
T9B44 287:578.848 JLINK_IsHalted()
T9B44 287:579.360 - 0.525ms returns FALSE
T9B44 287:579.392 JLINK_IsHalted()
T9B44 287:579.776 - 0.379ms returns FALSE
T9B44 287:688.672 JLINK_IsHalted()
T9B44 287:689.376 - 0.680ms returns FALSE
T9B44 287:689.408 JLINK_IsHalted()
T9B44 287:691.456 - 2.066ms returns FALSE
T9B44 287:797.184 JLINK_IsHalted()
T9B44 287:797.984 - 0.831ms returns FALSE
T9B44 287:798.048 JLINK_IsHalted()
T9B44 287:798.592 - 0.539ms returns FALSE
T9B44 287:907.200 JLINK_IsHalted()
T9B44 287:908.192 - 1.003ms returns FALSE
T9B44 287:908.256 JLINK_IsHalted()
T9B44 287:908.672 - 0.428ms returns FALSE
T9B44 288:016.416 JLINK_IsHalted()
T9B44 288:016.864 - 0.465ms returns FALSE
T9B44 288:016.896 JLINK_IsHalted()
T9B44 288:017.248 - 0.365ms returns FALSE
T9B44 288:125.248 JLINK_IsHalted()
T9B44 288:125.888 - 0.634ms returns FALSE
T9B44 288:125.888 JLINK_IsHalted()
T9B44 288:126.400 - 0.483ms returns FALSE
T9B44 288:235.328 JLINK_IsHalted()
T9B44 288:235.840 - 0.534ms returns FALSE
T9B44 288:235.840 JLINK_IsHalted()
T9B44 288:236.288 - 0.417ms returns FALSE
T9B44 288:344.480 JLINK_IsHalted()
T9B44 288:344.896 - 0.431ms returns FALSE
T9B44 288:344.896 JLINK_IsHalted()
T9B44 288:345.344 - 0.436ms returns FALSE
T9B44 288:454.080 JLINK_IsHalted()
T9B44 288:454.528 - 0.444ms returns FALSE
T9B44 288:454.560 JLINK_IsHalted()
T9B44 288:454.976 - 0.439ms returns FALSE
T778C 288:505.856 JLINK_IsHalted()
T778C 288:508.576 - 2.695ms returns FALSE
T778C 288:508.608 JLINK_IsHalted()
T778C 288:509.088 - 0.483ms returns FALSE
T9B44 288:562.880 JLINK_IsHalted()
T9B44 288:563.520 - 0.659ms returns FALSE
T9B44 288:563.520 JLINK_IsHalted()
T9B44 288:564.064 - 0.510ms returns FALSE
T9B44 288:672.512 JLINK_IsHalted()
T9B44 288:674.240 - 1.724ms returns FALSE
T9B44 288:674.272 JLINK_IsHalted()
T9B44 288:674.784 - 0.518ms returns FALSE
T9B44 288:781.952 JLINK_IsHalted()
T9B44 288:782.528 - 0.569ms returns FALSE
T9B44 288:782.528 JLINK_IsHalted()
T9B44 288:782.976 - 0.440ms returns FALSE
T9B44 288:891.392 JLINK_IsHalted()
T9B44 288:891.904 - 0.510ms returns FALSE
T9B44 288:891.904 JLINK_IsHalted()
T9B44 288:892.352 - 0.427ms returns FALSE
T9B44 289:000.512 JLINK_IsHalted()
T9B44 289:001.056 - 0.553ms returns FALSE
T9B44 289:001.088 JLINK_IsHalted()
T9B44 289:001.536 - 0.458ms returns FALSE
T9B44 289:109.568 JLINK_IsHalted()
T9B44 289:110.080 - 0.505ms returns FALSE
T9B44 289:110.080 JLINK_IsHalted()
T9B44 289:110.592 - 0.490ms returns FALSE
T9B44 289:219.168 JLINK_IsHalted()
T9B44 289:219.744 - 0.563ms returns FALSE
T9B44 289:219.776 JLINK_IsHalted()
T9B44 289:220.160 - 0.398ms returns FALSE
T9B44 289:329.088 JLINK_IsHalted()
T9B44 289:329.792 - 0.720ms returns FALSE
T9B44 289:329.824 JLINK_IsHalted()
T9B44 289:330.272 - 0.460ms returns FALSE
T9B44 289:376.096 JLINK_IsHalted()
T9B44 289:376.576 - 0.469ms returns FALSE
T9B44 289:376.576 JLINK_IsHalted()
T9B44 289:376.864 - 0.282ms returns FALSE
T9B44 289:376.896 JLINK_IsHalted()
T9B44 289:377.184 - 0.271ms returns FALSE
T9B44 289:377.184 JLINK_IsHalted()
T9B44 289:377.472 - 0.280ms returns FALSE
T9B44 289:377.472 JLINK_Halt()
T9B44 289:380.064 - 2.586ms returns 0x00
T9B44 289:380.096 JLINK_IsHalted()
T9B44 289:380.096 - 0.004ms returns TRUE
T9B44 289:380.096 JLINK_ReadReg(XPSR)
T9B44 289:380.096   CPU_ReadMem(4 bytes @ 0xE000EE08)
T9B44 289:380.384 - 0.285ms returns 0x01000000
T9B44 289:380.416 JLINK_ReadReg(R15 (PC))
T9B44 289:380.416 - 0.005ms returns 0x000008AC
T9B44 289:380.416 JLINK_ReadReg(XPSR)
T9B44 289:380.416 - 0.004ms returns 0x01000000
T9B44 289:380.416 JLINK_ReadReg(XPSR)
T9B44 289:380.416 - 0.004ms returns 0x01000000
T9B44 289:380.416 JLINK_ReadReg(R15 (PC))
T9B44 289:380.416 - 0.004ms returns 0x000008AC
T9B44 289:380.416 JLINK_ReadReg(XPSR)
T9B44 289:380.416 - 0.004ms returns 0x01000000
T9B44 289:380.448 JLINK_ReadReg(XPSR)
T9B44 289:380.448 - 0.004ms returns 0x01000000
T9B44 289:380.448 JLINK_ReadMem(0x000008AC, 0x1 Bytes, ...)
T9B44 289:380.448    -- Read from flash cache (1 bytes @ 0x000008AC)
T9B44 289:380.480   Data:  00
T9B44 289:380.480 - 0.022ms returns 0
T9B44 289:380.480 JLINK_IsHalted()
T9B44 289:380.480 - 0.004ms returns TRUE
T9B44 289:380.512 JLINK_ReadReg(XPSR)
T9B44 289:380.512 - 0.004ms returns 0x01000000
T9B44 289:380.512 JLINK_ReadReg(XPSR)
T9B44 289:380.512 - 0.012ms returns 0x01000000
T9B44 289:380.544 JLINK_ReadReg(R15 (PC))
T9B44 289:380.544 - 0.004ms returns 0x000008AC
T9B44 289:380.544 JLINK_ReadReg(XPSR)
T9B44 289:380.544 - 0.004ms returns 0x01000000
T9B44 289:380.544 JLINK_ReadReg(XPSR)
T9B44 289:380.544 - 0.004ms returns 0x01000000
T9B44 289:380.544 JLINK_ReadMem(0x000008AC, 0x1 Bytes, ...)
T9B44 289:380.544    -- Read from flash cache (1 bytes @ 0x000008AC)
T9B44 289:380.544   Data:  00
T9B44 289:380.544 - 0.017ms returns 0
T9B44 289:380.576 JLINK_IsHalted()
T9B44 289:380.576 - 0.004ms returns TRUE
T9B44 289:380.608 JLINK_ReadReg(XPSR)
T9B44 289:380.608 - 0.004ms returns 0x01000000
T9B44 289:380.608 JLINK_ReadReg(R15 (PC))
T9B44 289:380.608 - 0.004ms returns 0x000008AC
T9B44 289:380.608 JLINK_ReadReg(XPSR)
T9B44 289:380.608 - 0.004ms returns 0x01000000
T9B44 289:380.640 JLINK_ReadReg(XPSR)
T9B44 289:380.640 - 0.005ms returns 0x01000000
T9B44 289:380.640 JLINK_ReadReg(R15 (PC))
T9B44 289:380.640 - 0.004ms returns 0x000008AC
T9B44 289:380.640 JLINK_ReadReg(XPSR)
T9B44 289:380.672 - 0.004ms returns 0x01000000
T9B44 289:380.672 JLINK_ReadReg(XPSR)
T9B44 289:380.672 - 0.004ms returns 0x01000000
T9B44 289:380.672 JLINK_ReadMem(0x000008AC, 0x1 Bytes, ...)
T9B44 289:380.672    -- Read from flash cache (1 bytes @ 0x000008AC)
T9B44 289:380.672   Data:  00
T9B44 289:380.672 - 0.017ms returns 0
T9B44 289:380.672 JLINK_IsHalted()
T9B44 289:380.672 - 0.004ms returns TRUE
T9B44 289:380.672 JLINK_ReadReg(XPSR)
T9B44 289:380.704 - 0.004ms returns 0x01000000
T9B44 289:380.704 JLINK_ReadReg(XPSR)
T9B44 289:380.704 - 0.004ms returns 0x01000000
T9B44 289:380.704 JLINK_ReadReg(R15 (PC))
T9B44 289:380.704 - 0.004ms returns 0x000008AC
T9B44 289:380.736 JLINK_ReadReg(XPSR)
T9B44 289:380.736 - 0.004ms returns 0x01000000
T9B44 289:380.736 JLINK_ReadReg(XPSR)
T9B44 289:380.736 - 0.004ms returns 0x01000000
T9B44 289:380.736 JLINK_ReadMem(0x000008AC, 0x1 Bytes, ...)
T9B44 289:380.768    -- Read from flash cache (1 bytes @ 0x000008AC)
T9B44 289:380.768   Data:  00
T9B44 289:380.768 - 0.017ms returns 0
T9B44 289:381.312 JLINK_ReadRegs(NumRegs = 22)
T9B44 289:381.344   
  R0 (0)        = 0x01                 R1 (1)        = 0x00                 R2 (2)        = 0x400A0000           R3 (3)        = 0x04              
  R4 (4)        = 0x20004464           R5 (5)        = 0x200046F5           R6 (6)        = 0x200046F7           R7 (7)        = 0x20004430        
  R8 (8)        = 0xDC281CAC           R9 (9)        = 0x40008660           R10 (10)      = 0xE9186C96           R11 (11)      = 0x7D3A11DA        
  R12 (12)      = 0x585B3562           R13 (SP) (13) = 0x20004418           R14 (14)      = 0x8AD                R15 (PC) (15) = 0x8AC             
  XPSR (16)     = 0x1000000            MSPLIM (86)   = 0x00                 PSPLIM (87)   = 0x00                 CFBP (20)     = 0x00              
  R0 (0)        = 0x01                 R1 (1)        = 0x00              
T9B44 289:381.344 - 0.041ms returns 0x00
T9B44 289:382.016 JLINK_ReadMem(0x000008AC, 0x4 Bytes, ...)
T9B44 289:382.048    -- Read from flash cache (4 bytes @ 0x000008AC)
T9B44 289:382.048   Data:  00 28 00 D0
T9B44 289:382.080 - 0.035ms returns 0
T778C 289:383.840 JLINK_IsHalted()
T778C 289:383.872 - 0.038ms returns TRUE
T778C 289:384.000 JLINK_ReadReg(XPSR)
T778C 289:384.000 - 0.033ms returns 0x01000000
T778C 289:384.032 JLINK_ReadReg(R15 (PC))
T778C 289:384.032 - 0.009ms returns 0x000008AC
T778C 289:384.064 JLINK_ReadReg(XPSR)
T778C 289:384.064 - 0.009ms returns 0x01000000
T778C 289:384.064 JLINK_ReadReg(XPSR)
T778C 289:384.096 - 0.008ms returns 0x01000000
T778C 289:384.096 JLINK_ReadReg(R15 (PC))
T778C 289:384.096 - 0.008ms returns 0x000008AC
T778C 289:384.128 JLINK_ReadReg(XPSR)
T778C 289:384.128 - 0.009ms returns 0x01000000
T778C 289:384.128 JLINK_ReadReg(XPSR)
T778C 289:384.128 - 0.008ms returns 0x01000000
T778C 289:384.128 JLINK_ReadMem(0x000008AC, 0x1 Bytes, ...)
T778C 289:384.160    -- Read from flash cache (1 bytes @ 0x000008AC)
T778C 289:384.256   Data:  00
T778C 289:384.256 - 0.112ms returns 0
T778C 289:384.256 JLINK_IsHalted()
T778C 289:384.256 - 0.005ms returns TRUE
T778C 289:384.256 JLINK_ReadReg(XPSR)
T778C 289:384.288 - 0.008ms returns 0x01000000
T778C 289:384.288 JLINK_ReadReg(XPSR)
T778C 289:384.288 - 0.004ms returns 0x01000000
T778C 289:384.288 JLINK_ReadReg(R15 (PC))
T778C 289:384.320 - 0.004ms returns 0x000008AC
T778C 289:384.320 JLINK_ReadReg(XPSR)
T778C 289:384.352 - 0.021ms returns 0x01000000
T778C 289:384.352 JLINK_ReadReg(XPSR)
T778C 289:384.352 - 0.004ms returns 0x01000000
T778C 289:384.352 JLINK_ReadMem(0x000008AC, 0x1 Bytes, ...)
T778C 289:384.384    -- Read from flash cache (1 bytes @ 0x000008AC)
T778C 289:384.384   Data:  00
T778C 289:384.384 - 0.019ms returns 0
T9B44 289:403.328 JLINK_ReadRegs(NumRegs = 22)
T9B44 289:403.392   
  R0 (0)        = 0x01                 R1 (1)        = 0x00                 R2 (2)        = 0x400A0000           R3 (3)        = 0x04              
  R4 (4)        = 0x20004464           R5 (5)        = 0x200046F5           R6 (6)        = 0x200046F7           R7 (7)        = 0x20004430        
  R8 (8)        = 0xDC281CAC           R9 (9)        = 0x40008660           R10 (10)      = 0xE9186C96           R11 (11)      = 0x7D3A11DA        
  R12 (12)      = 0x585B3562           R13 (SP) (13) = 0x20004418           R14 (14)      = 0x8AD                R15 (PC) (15) = 0x8AC             
  XPSR (16)     = 0x1000000            MSPLIM (86)   = 0x00                 PSPLIM (87)   = 0x00                 CFBP (20)     = 0x00              
  R0 (0)        = 0x01                 R1 (1)        = 0x00              
T9B44 289:403.392 - 0.062ms returns 0x00
T9B44 289:424.032 JLINK_ResetPullsRESET(ON)
T9B44 289:424.064 - 0.032ms 
T9B44 289:424.064 JLINK_Halt()
T9B44 289:424.064 - 0.008ms returns 0x00
T9B44 289:424.064 JLINK_IsHalted()
T9B44 289:424.064 - 0.007ms returns TRUE
T9B44 289:424.064 JLINK_Reset()
T9B44 289:424.096   Memory map 'before startup completion point' is active
T9B44 289:424.320   JLINK_GetResetTypeDesc
T9B44 289:424.320   - 0.006ms 
T9B44 289:424.320   Reset type: CONNECT UNDER RESET (https://kb.segger.com/J-Link_Reset_Strategies)
T9B44 289:424.384   CPU_WriteMem(4 bytes @ 0xE000EDF0)
T9B44 289:425.376   CPU_ReadMem(4 bytes @ 0xE000ED44)
T9B44 289:425.952   CPU_WriteMem(4 bytes @ 0xE000EDFC)
T9B44 289:426.688   Reset: Halt core after reset via DEMCR.VC_CORERESET.
T9B44 289:427.392   Reset: Reset device via AIRCR.SYSRESETREQ.
T9B44 289:427.392   CPU_WriteMem(4 bytes @ 0xE000ED0C)
T9B44 289:480.640   CPU_ReadMem(4 bytes @ 0xE000EDF0)
T9B44 289:481.024   CPU_ReadMem(4 bytes @ 0xE000EDF0)
T9B44 289:481.408   CPU_WriteMem(4 bytes @ 0xE000EDFC)
T9B44 289:487.776   CPU_ReadMem(4 bytes @ 0xE000EDF0)
T9B44 289:491.136   CPU_WriteMem(4 bytes @ 0xE0002000)
T9B44 289:491.872   CPU_ReadMem(4 bytes @ 0xE000EDFC)
T9B44 289:494.048   CPU_ReadMem(4 bytes @ 0xE0001000)
T9B44 289:494.592   CPU_WriteMem(4 bytes @ 0xE0001000)
T9B44 289:495.168   CPU_ReadMem(4 bytes @ 0xE000EE08)
T9B44 289:495.616 - 71.528ms 
T9B44 289:495.648 JLINK_SetEndian(ARM_ENDIAN_LITTLE)
T9B44 289:495.680 - 0.009ms returns 0
T9B44 289:496.672 JLINK_BeginDownload(Flags = 0x00000000)
T9B44 289:496.704 - 0.042ms 
T9B44 289:498.784 JLINK_WriteMem(0x00000000, 0xE8 Bytes, ...)
T9B44 289:498.816   Data:  48 44 00 20 41 01 00 00 89 14 00 00 65 15 00 00 ...
T9B44 289:498.816   completely In flash
T9B44 289:498.816 - 0.058ms returns 0xE8
T9B44 289:499.200 JLINK_WriteMem(0x000000E8, 0x134 Bytes, ...)
T9B44 289:499.232   Data:  02 00 00 00 F8 00 00 00 03 00 00 00 10 01 00 00 ...
T9B44 289:499.232   completely In flash
T9B44 289:499.232 - 0.035ms returns 0x134
T9B44 289:499.648 JLINK_WriteMem(0x00000400, 0x4 Bytes, ...)
T9B44 289:499.648   Data:  FF FF FF FF
T9B44 289:499.680   completely In flash
T9B44 289:499.680 - 0.030ms returns 0x4
T9B44 289:500.032 JLINK_WriteMem(0x00000404, 0x4 Bytes, ...)
T9B44 289:500.064   Data:  F7 AF C1 FF
T9B44 289:500.064   completely In flash
T9B44 289:500.128 - 0.087ms returns 0x4
T9B44 289:500.288 JLINK_WriteMem(0x00000440, 0x46 Bytes, ...)
T9B44 289:500.320   Data:  0C 00 0A 00 01 03 28 0A 04 20 00 AA 00 00 F0 00 ...
T9B44 289:500.320   completely In flash
T9B44 289:500.320 - 0.024ms returns 0x46
T9B44 289:500.736 JLINK_WriteMem(0x00000488, 0xBC8 Bytes, ...)
T9B44 289:500.736   Data:  00 22 18 2A 03 D0 8B 5C 83 54 52 1C F9 E7 00 20 ...
T9B44 289:500.768   completely In flash
T9B44 289:500.768 - 0.029ms returns 0xBC8
T9B44 289:501.056 JLINK_WriteMem(0x00001050, 0xBB0 Bytes, ...)
T9B44 289:501.088   Data:  7D FA 30 78 7F 21 01 40 31 70 17 48 02 21 01 70 ...
T9B44 289:501.088   completely In flash
T9B44 289:501.088 - 0.024ms returns 0xBB0
T9B44 289:501.344 JLINK_WriteMem(0x00001C00, 0xBB0 Bytes, ...)
T9B44 289:501.344   Data:  22 98 21 90 40 2E 16 9A 14 46 00 D3 17 9A 21 A9 ...
T9B44 289:501.376   completely In flash
T9B44 289:501.376 - 0.025ms returns 0xBB0
T9B44 289:501.632 JLINK_WriteMem(0x000027B0, 0xBB0 Bytes, ...)
T9B44 289:501.632   Data:  30 40 10 1A 08 46 03 9B 98 41 0C D3 34 20 05 91 ...
T9B44 289:501.632   completely In flash
T9B44 289:501.632 - 0.025ms returns 0xBB0
T9B44 289:501.952 JLINK_WriteMem(0x00003360, 0xAA2 Bytes, ...)
T9B44 289:501.952   Data:  00 D3 80 1A 5B 41 CA 05 90 42 00 D3 80 1A 5B 41 ...
T9B44 289:501.984   completely In flash
T9B44 289:501.984 - 0.025ms returns 0xAA2
T9B44 289:508.704 JLINK_EndDownload()
T9B44 289:509.504   HandleBeforeFlashProg() start
T9B44 289:509.568    J-Link Script File: Executing HandleBeforeFlashProg()
T9B44 289:509.568   CPU_ReadMem(2 bytes @ 0x40000D04)
T9B44 289:509.984   CPU_ReadMem(2 bytes @ 0x40000D14)
T9B44 289:510.400   HandleBeforeFlashProg() end - Took 847us
T9B44 289:510.432   CPU_ReadMem(4 bytes @ 0x40019004)
T9B44 289:510.976   CPU_ReadMem(4 bytes @ 0xE000ED90)
T9B44 289:511.392    -- --------------------------------------
T9B44 289:511.424    -- Start of determining flash info (Bank @ 0x00000000)
T9B44 289:511.456    -- End of determining flash info
T9B44 289:511.488    -- Start of determining dirty areas in flash cache
T9B44 289:511.488    -- Filling invalid ranges in sector buffer (flash cache) for sector @ 0x00000000 if necessary
T9B44 289:511.488    -- Filling invalid ranges in sector buffer (flash cache) for sector @ 0x00000800 if necessary
T9B44 289:511.488    -- Filling invalid ranges in sector buffer (flash cache) for sector @ 0x00001000 if necessary
T9B44 289:511.520    -- Filling invalid ranges in sector buffer (flash cache) for sector @ 0x00001800 if necessary
T9B44 289:511.520    -- Filling invalid ranges in sector buffer (flash cache) for sector @ 0x00002000 if necessary
T9B44 289:511.552    -- Filling invalid ranges in sector buffer (flash cache) for sector @ 0x00002800 if necessary
T9B44 289:511.584    -- Filling invalid ranges in sector buffer (flash cache) for sector @ 0x00003000 if necessary
T9B44 289:511.616    -- Filling invalid ranges in sector buffer (flash cache) for sector @ 0x00003800 if necessary
T9B44 289:511.616    -- End of determining dirty areas
T9B44 289:511.616    -- Start of preparing flash programming
T9B44 289:511.648    -- Preparing RAMCode
T9B44 289:511.648    -- Calculating RAM usage
T9B44 289:511.680    -- RAM usage = 6816 Bytes
T9B44 289:511.680    -- Preserving CPU registers
T9B44 289:512.128    -- Preparing memory
T9B44 289:512.160    -- Determining CPU clock frequency
T9B44 289:546.848    -- CPU frequency = 4001 kHz
T9B44 289:546.912    -- Preparing target
T9B44 289:546.912    -- Preserving target RAM temporarily used for programming
T9B44 289:581.632    -- Downloading RAMCode
T9B44 289:603.904    -- Initializing RAMCode (InitType: 3 = Verify)
T9B44 289:603.936    -- Executing Init(3)
T9B44 289:619.776    -- End of preparing flash programming
T9B44 289:622.528   
  ***** Warning: 
T9B44 289:622.560   CPU is running at low speed (4001 kHz).
T9B44 289:622.560    -- CPU is running at 4001 kHz.
T9B44 289:622.560    -- Start of comparing flash
T9B44 289:622.592    -- CRC check was estimated as fastest method
T9B44 289:660.832    -- Comparing range 0x0000 - 0x3FFF (8 Sectors, 16 KB), using single-block CRC calculation
T9B44 289:769.760    -- CRC does not match, checking individual sectors
T9B44 289:863.680    -- CRC does not match for sectors 0-7
T9B44 289:863.744    -- End of comparing flash
T9B44 289:863.744    -- Start of erasing sectors
T9B44 289:863.744    -- Erasing range 0x00000000 - 0x00003FFF (  8 Sectors, 16 KB)
T9B44 289:863.744    -- Initializing RAMCode (InitType: 1 = Erase)
T9B44 289:863.744    -- Executing UnInit()
T9B44 289:874.272    -- Executing Init(1)
T9B44 289:931.104    -- End of erasing sectors
T9B44 289:931.168    -- Start of flash programming
T9B44 289:931.200    -- Programming range 0x00000000 - 0x00003FFF (  8 Sectors, 16 KB)
T9B44 289:934.400    -- Initializing RAMCode (InitType: 2 = Program)
T9B44 289:934.432    -- Executing UnInit()
T9B44 289:950.432    -- Executing Init(2)
T9B44 289:960.320    -- Program page timeout too high. Use default timeout: 10000 [s]
T9B44 289:960.416    -- Program page timeout too high. Use default timeout: 10000 [s]
T9B44 289:960.416    -- Program page timeout too high. Use default timeout: 10000 [s]
T9B44 290:011.904    -- Program page timeout too high. Use default timeout: 10000 [s]
T9B44 290:050.656    -- Program page timeout too high. Use default timeout: 10000 [s]
T9B44 290:089.920    -- Program page timeout too high. Use default timeout: 10000 [s]
T9B44 290:129.600    -- Program page timeout too high. Use default timeout: 10000 [s]
T9B44 290:168.192    -- Program page timeout too high. Use default timeout: 10000 [s]
T9B44 290:207.040    -- End of flash programming
T9B44 290:207.072    -- 0x0000 - 0x3FFF (  8 Sectors, 16 KB)
T9B44 290:207.104    -- Start of verifying flash
T9B44 290:207.104    -- Checksum calculation was estimated as fastest method
T9B44 290:207.104    -- Checksum is not supported by this flash bank. Switched to read back method.
T9B44 290:207.136    -- Initializing RAMCode (InitType: 3 = Verify)
T9B44 290:207.136    -- Executing UnInit()
T9B44 290:293.920    -- Executing Init(3)
T9B44 290:397.248    -- End of verifying flash
T9B44 290:397.312    -- Start of restoring
T9B44 290:397.312    -- Executing UnInit()
T9B44 290:407.456    -- Restoring target memory
T9B44 290:435.840    -- Restoring CPU registers
T9B44 290:436.288    -- End of restoring
T9B44 290:436.320    -- Bank 0 @ 0x00000000: 1 range affected (16384 bytes)
T9B44 290:436.352    -- Total: 0.924s (Prepare: 0.110s, Compare: 0.241s, Erase: 0.067s, Program: 0.353s, Verify: 0.112s, Restore: 0.039s)
T9B44 290:436.352    -- Program speed: 45 KB/s
T9B44 290:445.152   HandleAfterFlashProg() start
T9B44 290:445.216    J-Link Script File: Executing HandleAfterFlashProg()
T9B44 290:445.216   HandleAfterFlashProg() end - Took 8us
T9B44 290:447.680 - 938.997ms returns 16384 (0x4000)
T9B44 290:447.872 JLINK_WriteReg(R15 (PC), 0x00000140)
T9B44 290:447.872 - 0.015ms returns 0
T9B44 290:686.816 JLINK_ReadMem(0x00000140, 0x4 Bytes, ...)
T9B44 290:686.880    -- Read from flash cache (4 bytes @ 0x00000140)
T9B44 290:686.880   Data:  80 B5 00 AF
T9B44 290:686.912 - 0.080ms returns 0
T9B44 290:687.680 JLINK_ResetPullsRESET(ON)
T9B44 290:687.680 - 0.025ms 
T9B44 290:687.680 JLINK_Halt()
T9B44 290:687.680 - 0.006ms returns 0x00
T9B44 290:687.680 JLINK_IsHalted()
T9B44 290:687.712 - 0.006ms returns TRUE
T9B44 290:687.712 JLINK_Reset()
T9B44 290:687.712   CPU_ReadMem(4 bytes @ 0x20004000)
T9B44 290:688.064   CPU_WriteMem(4 bytes @ 0x20004000)
T9B44 290:688.416   JLINK_GetResetTypeDesc
T9B44 290:688.416   - 0.010ms 
T9B44 290:688.416   Reset type: CONNECT UNDER RESET (https://kb.segger.com/J-Link_Reset_Strategies)
T9B44 290:688.416   CPU_WriteMem(4 bytes @ 0xE000EDF0)
T9B44 290:688.768   CPU_ReadMem(4 bytes @ 0xE000ED44)
T9B44 290:689.088   CPU_WriteMem(4 bytes @ 0xE000EDFC)
T9B44 290:689.536   Reset: Halt core after reset via DEMCR.VC_CORERESET.
T9B44 290:690.048   Reset: Reset device via AIRCR.SYSRESETREQ.
T9B44 290:690.080   CPU_WriteMem(4 bytes @ 0xE000ED0C)
T9B44 290:744.320   CPU_ReadMem(4 bytes @ 0xE000EDF0)
T9B44 290:744.800   CPU_ReadMem(4 bytes @ 0xE000EDF0)
T9B44 290:745.152   CPU_WriteMem(4 bytes @ 0xE000EDFC)
T9B44 290:751.392   CPU_ReadMem(4 bytes @ 0xE000EDF0)
T9B44 290:754.656   CPU_WriteMem(4 bytes @ 0xE0002000)
T9B44 290:755.136   CPU_ReadMem(4 bytes @ 0xE000EDFC)
T9B44 290:755.552   CPU_ReadMem(4 bytes @ 0xE0001000)
T9B44 290:755.968   CPU_WriteMem(4 bytes @ 0xE0001000)
T9B44 290:756.992   CPU_ReadMem(4 bytes @ 0xE000EE08)
T9B44 290:757.376 - 69.655ms 
T9B44 290:757.440 JLINK_SetEndian(ARM_ENDIAN_LITTLE)
T9B44 290:757.472 - 0.010ms returns 0
T9B44 290:906.912 JLINK_IsHalted()
T9B44 290:907.040 - 0.143ms returns TRUE
T9B44 290:907.072 JLINK_ReadReg(XPSR)
T9B44 290:907.072   CPU_ReadMem(4 bytes @ 0xE000EE08)
T9B44 290:907.616 - 0.542ms returns 0x41000000
T9B44 290:907.712 JLINK_ReadReg(R15 (PC))
T9B44 290:907.776 - 0.050ms returns 0x00000140
T9B44 290:907.808 JLINK_ReadReg(XPSR)
T9B44 290:907.840 - 0.012ms returns 0x41000000
T9B44 290:907.840 JLINK_ReadReg(XPSR)
T9B44 290:907.872 - 0.029ms returns 0x41000000
T9B44 290:907.904 JLINK_ReadReg(R15 (PC))
T9B44 290:907.904 - 0.011ms returns 0x00000140
T9B44 290:907.904 JLINK_ReadReg(XPSR)
T9B44 290:907.936 - 0.010ms returns 0x41000000
T9B44 290:907.936 JLINK_ReadReg(XPSR)
T9B44 290:907.968 - 0.012ms returns 0x41000000
T9B44 290:907.968 JLINK_ReadMem(0x00000140, 0x1 Bytes, ...)
T9B44 290:907.968    -- Read from flash cache (1 bytes @ 0x00000140)
T9B44 290:907.968   Data:  80
T9B44 290:908.000 - 0.043ms returns 0
T9B44 290:908.032 JLINK_IsHalted()
T9B44 290:908.032 - 0.009ms returns TRUE
T9B44 290:908.032 JLINK_ReadReg(XPSR)
T9B44 290:908.064 - 0.010ms returns 0x41000000
T9B44 290:908.096 JLINK_ReadReg(XPSR)
T9B44 290:908.096 - 0.010ms returns 0x41000000
T9B44 290:908.096 JLINK_ReadReg(R15 (PC))
T9B44 290:908.096 - 0.011ms returns 0x00000140
T9B44 290:908.096 JLINK_ReadReg(XPSR)
T9B44 290:908.128 - 0.010ms returns 0x41000000
T9B44 290:908.128 JLINK_ReadReg(XPSR)
T9B44 290:908.160 - 0.009ms returns 0x41000000
T9B44 290:908.160 JLINK_ReadMem(0x00000140, 0x1 Bytes, ...)
T9B44 290:908.160    -- Read from flash cache (1 bytes @ 0x00000140)
T9B44 290:908.192   Data:  80
T9B44 290:908.192 - 0.033ms returns 0
T9B44 290:908.288 JLINK_IsHalted()
T9B44 290:908.288 - 0.014ms returns TRUE
T9B44 290:908.320 JLINK_ReadReg(XPSR)
T9B44 290:908.320 - 0.009ms returns 0x41000000
T9B44 290:908.320 JLINK_ReadReg(R15 (PC))
T9B44 290:908.352 - 0.009ms returns 0x00000140
T9B44 290:908.352 JLINK_ReadReg(XPSR)
T9B44 290:908.352 - 0.009ms returns 0x41000000
T9B44 290:908.352 JLINK_ReadReg(XPSR)
T9B44 290:908.352 - 0.008ms returns 0x41000000
T9B44 290:908.384 JLINK_ReadReg(R15 (PC))
T9B44 290:908.384 - 0.008ms returns 0x00000140
T9B44 290:908.384 JLINK_ReadReg(XPSR)
T9B44 290:908.416 - 0.009ms returns 0x41000000
T9B44 290:908.416 JLINK_ReadReg(XPSR)
T9B44 290:908.448 - 0.009ms returns 0x41000000
T9B44 290:908.448 JLINK_ReadMem(0x00000140, 0x1 Bytes, ...)
T9B44 290:908.448    -- Read from flash cache (1 bytes @ 0x00000140)
T9B44 290:908.480   Data:  80
T9B44 290:908.480 - 0.032ms returns 0
T9B44 290:908.480 JLINK_IsHalted()
T9B44 290:908.480 - 0.008ms returns TRUE
T9B44 290:908.480 JLINK_ReadReg(XPSR)
T9B44 290:908.512 - 0.009ms returns 0x41000000
T9B44 290:908.512 JLINK_ReadReg(XPSR)
T9B44 290:908.512 - 0.009ms returns 0x41000000
T9B44 290:908.544 JLINK_ReadReg(R15 (PC))
T9B44 290:908.544 - 0.009ms returns 0x00000140
T9B44 290:908.576 JLINK_ReadReg(XPSR)
T9B44 290:908.576 - 0.009ms returns 0x41000000
T9B44 290:908.576 JLINK_ReadReg(XPSR)
T9B44 290:908.608 - 0.011ms returns 0x41000000
T9B44 290:908.608 JLINK_ReadMem(0x00000140, 0x1 Bytes, ...)
T9B44 290:908.608    -- Read from flash cache (1 bytes @ 0x00000140)
T9B44 290:908.608   Data:  80
T9B44 290:908.608 - 0.032ms returns 0
T9B44 290:910.368 JLINK_ReadRegs(NumRegs = 22)
T9B44 290:910.464   
  R0 (0)        = 0x40044400           R1 (1)        = 0x00                 R2 (2)        = 0x00                 R3 (3)        = 0xF7              
  R4 (4)        = 0x20005A58           R5 (5)        = 0x00                 R6 (6)        = 0x20005A68           R7 (7)        = 0xFFFFFFFF        
  R8 (8)        = 0xDC281CAC           R9 (9)        = 0x40008660           R10 (10)      = 0xE9186C96           R11 (11)      = 0x7D3A11DA        
  R12 (12)      = 0x585B3562           R13 (SP) (13) = 0x20004448           R14 (14)      = 0x20004281           R15 (PC) (15) = 0x140             
  XPSR (16)     = 0x41000000           MSPLIM (86)   = 0x00                 PSPLIM (87)   = 0x00                 CFBP (20)     = 0x00              
  R0 (0)        = 0x40044400           R1 (1)        = 0x00              
T9B44 290:910.528 - 0.177ms returns 0x00
T9B44 290:912.672 JLINK_ReadMem(0x00000140, 0x4 Bytes, ...)
T9B44 290:912.704    -- Read from flash cache (4 bytes @ 0x00000140)
T9B44 290:912.736   Data:  80 B5 00 AF
T9B44 290:912.736 - 0.080ms returns 0
T778C 290:914.848 JLINK_IsHalted()
T778C 290:914.912 - 0.060ms returns TRUE
T778C 290:914.912 JLINK_ReadReg(XPSR)
T778C 290:914.944 - 0.020ms returns 0x41000000
T778C 290:914.944 JLINK_ReadReg(R15 (PC))
T778C 290:914.976 - 0.009ms returns 0x00000140
T778C 290:914.976 JLINK_ReadReg(XPSR)
T778C 290:915.008 - 0.009ms returns 0x41000000
T778C 290:915.008 JLINK_ReadReg(XPSR)
T778C 290:915.008 - 0.009ms returns 0x41000000
T778C 290:915.008 JLINK_ReadReg(R15 (PC))
T778C 290:915.008 - 0.008ms returns 0x00000140
T778C 290:915.008 JLINK_ReadReg(XPSR)
T778C 290:915.040 - 0.008ms returns 0x41000000
T778C 290:915.040 JLINK_ReadReg(XPSR)
T778C 290:915.072 - 0.008ms returns 0x41000000
T778C 290:915.072 JLINK_ReadMem(0x00000140, 0x1 Bytes, ...)
T778C 290:915.072    -- Read from flash cache (1 bytes @ 0x00000140)
T778C 290:915.104   Data:  80
T778C 290:915.104 - 0.037ms returns 0
T778C 290:915.136 JLINK_IsHalted()
T778C 290:915.136 - 0.008ms returns TRUE
T778C 290:915.136 JLINK_ReadReg(XPSR)
T778C 290:915.136 - 0.008ms returns 0x41000000
T778C 290:915.136 JLINK_ReadReg(XPSR)
T778C 290:915.168 - 0.008ms returns 0x41000000
T778C 290:915.168 JLINK_ReadReg(R15 (PC))
T778C 290:915.168 - 0.008ms returns 0x00000140
T778C 290:915.200 JLINK_ReadReg(XPSR)
T778C 290:915.200 - 0.008ms returns 0x41000000
T778C 290:915.200 JLINK_ReadReg(XPSR)
T778C 290:915.232 - 0.008ms returns 0x41000000
T778C 290:915.232 JLINK_ReadMem(0x00000140, 0x1 Bytes, ...)
T778C 290:915.232    -- Read from flash cache (1 bytes @ 0x00000140)
T778C 290:915.264   Data:  80
T778C 290:915.264 - 0.031ms returns 0
T9B44 290:952.032 JLINK_ReadMem(0x00000140, 0x4 Bytes, ...)
T9B44 290:952.096    -- Read from flash cache (4 bytes @ 0x00000140)
T9B44 290:952.096   Data:  80 B5 00 AF
T9B44 290:952.128 - 0.079ms returns 0
T9B44 290:953.024 JLINK_ReadMem(0x00000140, 0x4 Bytes, ...)
T9B44 290:953.024    -- Read from flash cache (4 bytes @ 0x00000140)
T9B44 290:953.056   Data:  80 B5 00 AF
T9B44 290:953.056 - 0.051ms returns 0
T9B44 294:552.128 JLINK_IsHalted()
T9B44 294:554.432 - 2.296ms returns TRUE
T9B44 294:554.464 JLINK_GoEx(MaxEmulInsts = 0, Flags = 0x01)
T9B44 294:554.496   CPU_ReadMem(4 bytes @ 0xE0001000)
T9B44 294:554.880   CPU_WriteMem(4 bytes @ 0xE0001000)
T9B44 294:555.200   CPU_WriteMem(4 bytes @ 0xE0002008)
T9B44 294:555.200   CPU_WriteMem(4 bytes @ 0xE000200C)
T9B44 294:555.200   CPU_WriteMem(4 bytes @ 0xE0002010)
T9B44 294:555.200   CPU_WriteMem(4 bytes @ 0xE0002014)
T9B44 294:556.096   CPU_WriteMem(4 bytes @ 0xE0001004)
T9B44 294:558.144   Memory map 'after startup completion point' is active
T9B44 294:558.720 - 4.251ms 
T9B44 294:656.352 JLINK_IsHalted()
T9B44 294:656.896 - 0.523ms returns FALSE
T9B44 294:656.928 JLINK_IsHalted()
T9B44 294:657.312 - 0.382ms returns FALSE
T9B44 294:766.432 JLINK_IsHalted()
T9B44 294:766.848 - 0.410ms returns FALSE
T9B44 294:766.880 JLINK_IsHalted()
T9B44 294:767.168 - 0.301ms returns FALSE
T9B44 294:875.712 JLINK_IsHalted()
T9B44 294:876.256 - 0.557ms returns FALSE
T9B44 294:876.288 JLINK_IsHalted()
T9B44 294:876.736 - 0.460ms returns FALSE
T9B44 294:984.832 JLINK_IsHalted()
T9B44 294:985.312 - 0.485ms returns FALSE
T9B44 294:985.344 JLINK_IsHalted()
T9B44 294:985.792 - 0.469ms returns FALSE
T9B44 295:094.688 JLINK_IsHalted()
T9B44 295:095.136 - 0.480ms returns FALSE
T9B44 295:095.168 JLINK_IsHalted()
T9B44 295:095.616 - 0.461ms returns FALSE
T9B44 295:203.680 JLINK_IsHalted()
T9B44 295:204.096 - 0.431ms returns FALSE
T9B44 295:204.128 JLINK_IsHalted()
T9B44 295:204.544 - 0.424ms returns FALSE
T9B44 295:312.832 JLINK_IsHalted()
T9B44 295:313.344 - 0.517ms returns FALSE
T9B44 295:313.344 JLINK_IsHalted()
T9B44 295:313.856 - 0.495ms returns FALSE
T9B44 295:422.400 JLINK_IsHalted()
T9B44 295:422.944 - 0.541ms returns FALSE
T9B44 295:422.944 JLINK_IsHalted()
T9B44 295:423.296 - 0.317ms returns FALSE
T9B44 295:532.096 JLINK_IsHalted()
T9B44 295:532.544 - 0.462ms returns FALSE
T9B44 295:532.576 JLINK_IsHalted()
T9B44 295:532.992 - 0.408ms returns FALSE
T778C 295:554.560 JLINK_IsHalted()
T778C 295:555.040 - 0.493ms returns FALSE
T778C 295:555.072 JLINK_IsHalted()
T778C 295:555.424 - 0.361ms returns FALSE
T9B44 295:641.152 JLINK_IsHalted()
T9B44 295:641.632 - 0.491ms returns FALSE
T9B44 295:641.664 JLINK_IsHalted()
T9B44 295:642.016 - 0.365ms returns FALSE
T9B44 295:751.008 JLINK_IsHalted()
T9B44 295:751.488 - 0.461ms returns FALSE
T9B44 295:751.488 JLINK_IsHalted()
T9B44 295:752.000 - 0.495ms returns FALSE
T9B44 295:859.840 JLINK_IsHalted()
T9B44 295:860.320 - 0.473ms returns FALSE
T9B44 295:860.352 JLINK_IsHalted()
T9B44 295:860.800 - 0.440ms returns FALSE
T9B44 295:969.824 JLINK_IsHalted()
T9B44 295:970.304 - 0.495ms returns FALSE
T9B44 295:970.336 JLINK_IsHalted()
T9B44 295:970.752 - 0.423ms returns FALSE
T9B44 296:078.624 JLINK_IsHalted()
T9B44 296:079.104 - 0.484ms returns FALSE
T9B44 296:079.136 JLINK_IsHalted()
T9B44 296:079.456 - 0.322ms returns FALSE
T9B44 296:189.056 JLINK_IsHalted()
T9B44 296:189.536 - 0.472ms returns FALSE
T9B44 296:189.568 JLINK_IsHalted()
T9B44 296:189.952 - 0.388ms returns FALSE
T9B44 296:297.408 JLINK_IsHalted()
T9B44 296:297.920 - 0.490ms returns FALSE
T9B44 296:297.920 JLINK_IsHalted()
T9B44 296:298.272 - 0.326ms returns FALSE
T9B44 296:407.136 JLINK_IsHalted()
T9B44 296:407.616 - 0.480ms returns FALSE
T9B44 296:407.648 JLINK_IsHalted()
T9B44 296:408.000 - 0.360ms returns FALSE
T9B44 296:516.000 JLINK_IsHalted()
T9B44 296:516.416 - 0.439ms returns FALSE
T9B44 296:516.448 JLINK_IsHalted()
T9B44 296:516.864 - 0.422ms returns FALSE
T778C 296:556.352 JLINK_IsHalted()
T778C 296:556.832 - 0.474ms returns FALSE
T778C 296:556.864 JLINK_IsHalted()
T778C 296:557.248 - 0.376ms returns FALSE
T9B44 296:625.856 JLINK_IsHalted()
T9B44 296:626.368 - 0.526ms returns FALSE
T9B44 296:626.368 JLINK_IsHalted()
T9B44 296:626.752 - 0.355ms returns FALSE
T9B44 296:735.136 JLINK_IsHalted()
T9B44 296:735.648 - 0.521ms returns FALSE
T9B44 296:735.680 JLINK_IsHalted()
T9B44 296:736.096 - 0.434ms returns FALSE
T9B44 296:844.032 JLINK_IsHalted()
T9B44 296:844.512 - 0.506ms returns FALSE
T9B44 296:844.576 JLINK_IsHalted()
T9B44 296:844.928 - 0.373ms returns FALSE
T9B44 296:953.856 JLINK_IsHalted()
T9B44 296:954.304 - 0.436ms returns FALSE
T9B44 296:954.304 JLINK_IsHalted()
T9B44 296:954.624 - 0.289ms returns FALSE
T9B44 297:063.232 JLINK_IsHalted()
T9B44 297:063.744 - 0.501ms returns FALSE
T9B44 297:063.776 JLINK_IsHalted()
T9B44 297:064.096 - 0.312ms returns FALSE
T9B44 297:172.512 JLINK_IsHalted()
T9B44 297:172.928 - 0.434ms returns FALSE
T9B44 297:172.960 JLINK_IsHalted()
T9B44 297:173.312 - 0.339ms returns FALSE
T9B44 297:281.664 JLINK_IsHalted()
T9B44 297:282.048 - 0.393ms returns FALSE
T9B44 297:282.080 JLINK_IsHalted()
T9B44 297:282.368 - 0.293ms returns FALSE
T9B44 297:391.488 JLINK_IsHalted()
T9B44 297:391.968 - 0.490ms returns FALSE
T9B44 297:391.968 JLINK_IsHalted()
T9B44 297:392.384 - 0.393ms returns FALSE
T9B44 297:500.480 JLINK_IsHalted()
T9B44 297:500.992 - 0.547ms returns FALSE
T9B44 297:501.024 JLINK_IsHalted()
T9B44 297:501.440 - 0.415ms returns FALSE
T778C 297:558.080 JLINK_IsHalted()
T778C 297:558.912 - 0.841ms returns FALSE
T778C 297:558.944 JLINK_IsHalted()
T778C 297:559.328 - 0.371ms returns FALSE
T9B44 297:610.336 JLINK_IsHalted()
T9B44 297:610.752 - 0.426ms returns FALSE
T9B44 297:610.784 JLINK_IsHalted()
T9B44 297:611.072 - 0.300ms returns FALSE
T9B44 297:718.848 JLINK_IsHalted()
T9B44 297:719.296 - 0.444ms returns FALSE
T9B44 297:719.328 JLINK_IsHalted()
T9B44 297:719.648 - 0.341ms returns FALSE
T9B44 297:829.120 JLINK_IsHalted()
T9B44 297:829.792 - 0.679ms returns FALSE
T9B44 297:829.824 JLINK_IsHalted()
T9B44 297:830.464 - 0.626ms returns FALSE
T9B44 297:937.728 JLINK_IsHalted()
T9B44 297:938.432 - 0.681ms returns FALSE
T9B44 297:938.464 JLINK_IsHalted()
T9B44 297:939.008 - 0.542ms returns FALSE
T9B44 298:047.072 JLINK_IsHalted()
T9B44 298:047.648 - 0.547ms returns FALSE
T9B44 298:047.648 JLINK_IsHalted()
T9B44 298:048.064 - 0.419ms returns FALSE
T9B44 298:157.600 JLINK_IsHalted()
T9B44 298:158.048 - 0.453ms returns FALSE
T9B44 298:158.080 JLINK_IsHalted()
T9B44 298:158.496 - 0.414ms returns FALSE
T9B44 298:266.528 JLINK_IsHalted()
T9B44 298:268.320 - 1.785ms returns FALSE
T9B44 298:268.352 JLINK_IsHalted()
T9B44 298:268.864 - 0.511ms returns FALSE
T9B44 298:375.136 JLINK_IsHalted()
T9B44 298:375.584 - 0.449ms returns FALSE
T9B44 298:375.616 JLINK_IsHalted()
T9B44 298:376.096 - 0.484ms returns FALSE
T9B44 298:484.928 JLINK_IsHalted()
T9B44 298:485.664 - 0.730ms returns FALSE
T9B44 298:485.664 JLINK_IsHalted()
T9B44 298:486.016 - 0.347ms returns FALSE
T778C 298:559.328 JLINK_IsHalted()
T778C 298:559.840 - 0.512ms returns FALSE
T778C 298:559.872 JLINK_IsHalted()
T778C 298:560.288 - 0.428ms returns FALSE
T9B44 298:594.624 JLINK_IsHalted()
T9B44 298:595.136 - 0.541ms returns FALSE
T9B44 298:595.168 JLINK_IsHalted()
T9B44 298:595.648 - 0.475ms returns FALSE
T9B44 298:703.840 JLINK_IsHalted()
T9B44 298:704.288 - 0.431ms returns FALSE
T9B44 298:704.320 JLINK_IsHalted()
T9B44 298:704.832 - 0.520ms returns FALSE
T9B44 298:813.504 JLINK_IsHalted()
T9B44 298:813.984 - 0.499ms returns FALSE
T9B44 298:814.016 JLINK_IsHalted()
T9B44 298:814.400 - 0.420ms returns FALSE
T9B44 298:922.240 JLINK_IsHalted()
T9B44 298:922.688 - 0.435ms returns FALSE
T9B44 298:922.688 JLINK_IsHalted()
T9B44 298:925.184 - 2.514ms returns FALSE
T9B44 299:031.968 JLINK_IsHalted()
T9B44 299:032.512 - 0.534ms returns FALSE
T9B44 299:032.512 JLINK_IsHalted()
T9B44 299:033.120 - 0.593ms returns FALSE
T9B44 299:141.984 JLINK_IsHalted()
T9B44 299:142.880 - 0.892ms returns FALSE
T9B44 299:142.944 JLINK_IsHalted()
T9B44 299:143.872 - 0.925ms returns FALSE
T9B44 299:250.592 JLINK_IsHalted()
T9B44 299:251.488 - 0.886ms returns FALSE
T9B44 299:251.520 JLINK_IsHalted()
T9B44 299:252.032 - 0.494ms returns FALSE
T9B44 299:359.616 JLINK_IsHalted()
T9B44 299:360.256 - 0.635ms returns FALSE
T9B44 299:360.288 JLINK_IsHalted()
T9B44 299:360.832 - 0.529ms returns FALSE
T9B44 299:469.184 JLINK_IsHalted()
T9B44 299:470.080 - 0.889ms returns FALSE
T9B44 299:470.144 JLINK_IsHalted()
T9B44 299:471.072 - 0.925ms returns FALSE
T778C 299:561.408 JLINK_IsHalted()
T778C 299:562.176 - 0.746ms returns FALSE
T778C 299:562.272 JLINK_IsHalted()
T778C 299:563.712 - 1.455ms returns FALSE
T9B44 299:578.368 JLINK_IsHalted()
T9B44 299:579.136 - 0.745ms returns FALSE
T9B44 299:579.168 JLINK_IsHalted()
T9B44 299:581.344 - 2.160ms returns FALSE
T9B44 299:687.776 JLINK_IsHalted()
T9B44 299:688.608 - 0.802ms returns FALSE
T9B44 299:688.640 JLINK_IsHalted()
T9B44 299:689.568 - 0.896ms returns FALSE
T9B44 299:797.120 JLINK_IsHalted()
T9B44 299:798.016 - 0.888ms returns FALSE
T9B44 299:798.080 JLINK_IsHalted()
T9B44 299:798.816 - 0.721ms returns FALSE
T9B44 299:907.200 JLINK_IsHalted()
T9B44 299:908.160 - 0.989ms returns FALSE
T9B44 299:908.256 JLINK_IsHalted()
T9B44 299:908.960 - 0.711ms returns FALSE
T9B44 300:016.544 JLINK_IsHalted()
T9B44 300:017.280 - 0.743ms returns FALSE
T9B44 300:017.344 JLINK_IsHalted()
T9B44 300:020.864 - 3.518ms returns FALSE
T9B44 300:125.888 JLINK_IsHalted()
T9B44 300:126.272 - 0.400ms returns FALSE
T9B44 300:126.304 JLINK_IsHalted()
T9B44 300:126.624 - 0.296ms returns FALSE
T9B44 300:235.424 JLINK_IsHalted()
T9B44 300:235.968 - 0.563ms returns FALSE
T9B44 300:236.000 JLINK_IsHalted()
T9B44 300:236.416 - 0.396ms returns FALSE
T9B44 300:344.768 JLINK_IsHalted()
T9B44 300:346.560 - 1.767ms returns FALSE
T9B44 300:346.560 JLINK_IsHalted()
T9B44 300:347.040 - 0.449ms returns FALSE
T9B44 300:453.824 JLINK_IsHalted()
T9B44 300:454.464 - 0.618ms returns FALSE
T9B44 300:454.464 JLINK_IsHalted()
T9B44 300:454.976 - 0.469ms returns FALSE
T9B44 300:563.264 JLINK_IsHalted()
T9B44 300:563.808 - 0.540ms returns FALSE
T9B44 300:563.840 JLINK_IsHalted()
T9B44 300:564.224 - 0.390ms returns FALSE
T778C 300:564.416 JLINK_IsHalted()
T778C 300:564.800 - 0.426ms returns FALSE
T778C 300:564.800 JLINK_IsHalted()
T778C 300:565.280 - 0.447ms returns FALSE
T9B44 300:672.480 JLINK_IsHalted()
T9B44 300:674.688 - 2.187ms returns FALSE
T9B44 300:674.720 JLINK_IsHalted()
T9B44 300:675.136 - 0.449ms returns FALSE
T9B44 300:781.664 JLINK_IsHalted()
T9B44 300:782.272 - 0.582ms returns FALSE
T9B44 300:782.272 JLINK_IsHalted()
T9B44 300:782.752 - 0.463ms returns FALSE
T9B44 300:891.936 JLINK_IsHalted()
T9B44 300:892.704 - 0.742ms returns FALSE
T9B44 300:892.736 JLINK_IsHalted()
T9B44 300:893.344 - 0.596ms returns FALSE
T9B44 301:000.640 JLINK_IsHalted()
T9B44 301:001.568 - 0.938ms returns FALSE
T9B44 301:001.600 JLINK_IsHalted()
T9B44 301:002.208 - 0.604ms returns FALSE
T9B44 301:109.952 JLINK_IsHalted()
T9B44 301:110.464 - 0.480ms returns FALSE
T9B44 301:110.464 JLINK_IsHalted()
T9B44 301:110.880 - 0.408ms returns FALSE
T9B44 301:219.616 JLINK_IsHalted()
T9B44 301:220.384 - 0.773ms returns FALSE
T9B44 301:220.416 JLINK_IsHalted()
T9B44 301:220.864 - 0.451ms returns FALSE
T9B44 301:328.288 JLINK_IsHalted()
T9B44 301:328.896 - 0.628ms returns FALSE
T9B44 301:328.928 JLINK_IsHalted()
T9B44 301:329.312 - 0.381ms returns FALSE
T9B44 301:438.592 JLINK_IsHalted()
T9B44 301:439.232 - 0.623ms returns FALSE
T9B44 301:439.232 JLINK_IsHalted()
T9B44 301:439.584 - 0.355ms returns FALSE
T9B44 301:547.456 JLINK_IsHalted()
T9B44 301:548.000 - 0.557ms returns FALSE
T9B44 301:548.032 JLINK_IsHalted()
T9B44 301:548.448 - 0.404ms returns FALSE
T778C 301:565.888 JLINK_IsHalted()
T778C 301:566.400 - 0.504ms returns FALSE
T778C 301:566.432 JLINK_IsHalted()
T778C 301:566.848 - 0.415ms returns FALSE
T9B44 301:657.184 JLINK_IsHalted()
T9B44 301:657.696 - 0.520ms returns FALSE
T9B44 301:657.728 JLINK_IsHalted()
T9B44 301:658.240 - 0.512ms returns FALSE
T9B44 301:765.824 JLINK_IsHalted()
T9B44 301:766.464 - 0.614ms returns FALSE
T9B44 301:766.464 JLINK_IsHalted()
T9B44 301:766.912 - 0.457ms returns FALSE
T9B44 301:875.712 JLINK_IsHalted()
T9B44 301:876.192 - 0.469ms returns FALSE
T9B44 301:876.192 JLINK_IsHalted()
T9B44 301:876.640 - 0.426ms returns FALSE
T9B44 301:985.216 JLINK_IsHalted()
T9B44 301:985.600 - 0.376ms returns FALSE
T9B44 301:985.600 JLINK_IsHalted()
T9B44 301:985.888 - 0.289ms returns FALSE
T9B44 302:094.560 JLINK_IsHalted()
T9B44 302:096.320 - 1.777ms returns FALSE
T9B44 302:096.352 JLINK_IsHalted()
T9B44 302:096.896 - 0.530ms returns FALSE
T9B44 302:203.424 JLINK_IsHalted()
T9B44 302:203.936 - 0.518ms returns FALSE
T9B44 302:203.968 JLINK_IsHalted()
T9B44 302:204.480 - 0.521ms returns FALSE
T9B44 302:313.152 JLINK_IsHalted()
T9B44 302:313.600 - 0.474ms returns FALSE
T9B44 302:313.664 JLINK_IsHalted()
T9B44 302:314.208 - 0.533ms returns FALSE
T9B44 302:422.272 JLINK_IsHalted()
T9B44 302:422.720 - 0.449ms returns FALSE
T9B44 302:422.752 JLINK_IsHalted()
T9B44 302:423.264 - 0.509ms returns FALSE
T9B44 302:532.160 JLINK_IsHalted()
T9B44 302:532.768 - 0.594ms returns FALSE
T9B44 302:532.800 JLINK_IsHalted()
T9B44 302:533.248 - 0.477ms returns FALSE
T778C 302:566.848 JLINK_IsHalted()
T778C 302:567.232 - 0.415ms returns FALSE
T778C 302:567.264 JLINK_IsHalted()
T778C 302:567.680 - 0.405ms returns FALSE
T9B44 302:641.152 JLINK_IsHalted()
T9B44 302:641.696 - 0.512ms returns FALSE
T9B44 302:641.696 JLINK_IsHalted()
T9B44 302:642.080 - 0.381ms returns FALSE
T9B44 302:751.008 JLINK_IsHalted()
T9B44 302:751.392 - 0.394ms returns FALSE
T9B44 302:751.424 JLINK_IsHalted()
T9B44 302:751.680 - 0.303ms returns FALSE
T9B44 302:859.616 JLINK_IsHalted()
T9B44 302:860.128 - 0.507ms returns FALSE
T9B44 302:860.192 JLINK_IsHalted()
T9B44 302:860.704 - 0.517ms returns FALSE
T9B44 302:968.864 JLINK_IsHalted()
T9B44 302:969.536 - 0.674ms returns FALSE
T9B44 302:969.568 JLINK_IsHalted()
T9B44 302:969.984 - 0.417ms returns FALSE
T9B44 303:078.592 JLINK_IsHalted()
T9B44 303:079.104 - 0.543ms returns FALSE
T9B44 303:079.104 JLINK_IsHalted()
T9B44 303:079.552 - 0.425ms returns FALSE
T9B44 303:187.968 JLINK_IsHalted()
T9B44 303:188.352 - 0.387ms returns FALSE
T9B44 303:188.384 JLINK_IsHalted()
T9B44 303:188.704 - 0.327ms returns FALSE
T9B44 303:297.312 JLINK_IsHalted()
T9B44 303:297.824 - 0.518ms returns FALSE
T9B44 303:297.824 JLINK_IsHalted()
T9B44 303:298.240 - 0.421ms returns FALSE
T9B44 303:406.560 JLINK_IsHalted()
T9B44 303:407.232 - 0.656ms returns FALSE
T9B44 303:407.232 JLINK_IsHalted()
T9B44 303:407.616 - 0.362ms returns FALSE
T9B44 303:515.968 JLINK_IsHalted()
T9B44 303:516.480 - 0.541ms returns FALSE
T9B44 303:516.512 JLINK_IsHalted()
T9B44 303:516.960 - 0.441ms returns FALSE
T778C 303:567.968 JLINK_IsHalted()
T778C 303:568.512 - 0.523ms returns FALSE
T778C 303:568.544 JLINK_IsHalted()
T778C 303:568.992 - 0.462ms returns FALSE
T9B44 303:625.856 JLINK_IsHalted()
T9B44 303:626.272 - 0.388ms returns FALSE
T9B44 303:626.272 JLINK_IsHalted()
T9B44 303:626.528 - 0.259ms returns FALSE
T9B44 303:734.816 JLINK_IsHalted()
T9B44 303:735.264 - 0.470ms returns FALSE
T9B44 303:735.296 JLINK_IsHalted()
T9B44 303:735.648 - 0.358ms returns FALSE
T9B44 303:843.904 JLINK_IsHalted()
T9B44 303:844.512 - 0.605ms returns FALSE
T9B44 303:844.544 JLINK_IsHalted()
T9B44 303:845.056 - 0.528ms returns FALSE
T9B44 303:953.824 JLINK_IsHalted()
T9B44 303:954.336 - 0.497ms returns FALSE
T9B44 303:954.336 JLINK_IsHalted()
T9B44 303:954.848 - 0.498ms returns FALSE
T9B44 304:062.944 JLINK_IsHalted()
T9B44 304:063.520 - 0.571ms returns FALSE
T9B44 304:063.552 JLINK_IsHalted()
T9B44 304:064.000 - 0.425ms returns FALSE
T9B44 304:174.016 JLINK_IsHalted()
T9B44 304:174.944 - 0.949ms returns FALSE
T9B44 304:175.040 JLINK_IsHalted()
T9B44 304:175.552 - 0.527ms returns FALSE
T9B44 304:282.112 JLINK_IsHalted()
T9B44 304:282.560 - 0.422ms returns FALSE
T9B44 304:282.560 JLINK_IsHalted()
T9B44 304:282.912 - 0.345ms returns FALSE
T9B44 304:391.616 JLINK_IsHalted()
T9B44 304:392.064 - 0.426ms returns FALSE
T9B44 304:392.064 JLINK_IsHalted()
T9B44 304:392.416 - 0.343ms returns FALSE
T9B44 304:500.160 JLINK_IsHalted()
T9B44 304:500.608 - 0.445ms returns FALSE
T9B44 304:500.640 JLINK_IsHalted()
T9B44 304:501.056 - 0.427ms returns FALSE
T778C 304:569.408 JLINK_IsHalted()
T778C 304:569.824 - 0.394ms returns FALSE
T778C 304:569.824 JLINK_IsHalted()
T778C 304:570.208 - 0.384ms returns FALSE
T9B44 304:609.632 JLINK_IsHalted()
T9B44 304:610.080 - 0.427ms returns FALSE
T9B44 304:610.112 JLINK_IsHalted()
T9B44 304:610.400 - 0.301ms returns FALSE
T9B44 304:719.552 JLINK_IsHalted()
T9B44 304:719.936 - 0.348ms returns FALSE
T9B44 304:719.936 JLINK_IsHalted()
T9B44 304:720.192 - 0.287ms returns FALSE
T9B44 304:829.024 JLINK_IsHalted()
T9B44 304:829.504 - 0.480ms returns FALSE
T9B44 304:829.504 JLINK_IsHalted()
T9B44 304:829.952 - 0.414ms returns FALSE
T9B44 304:938.624 JLINK_IsHalted()
T9B44 304:939.200 - 0.578ms returns FALSE
T9B44 304:939.200 JLINK_IsHalted()
T9B44 304:939.776 - 0.564ms returns FALSE
T9B44 305:047.104 JLINK_IsHalted()
T9B44 305:047.520 - 0.409ms returns FALSE
T9B44 305:047.520 JLINK_IsHalted()
T9B44 305:047.872 - 0.354ms returns FALSE
T9B44 305:156.960 JLINK_IsHalted()
T9B44 305:157.440 - 0.459ms returns FALSE
T9B44 305:157.440 JLINK_IsHalted()
T9B44 305:157.888 - 0.451ms returns FALSE
T9B44 305:265.888 JLINK_IsHalted()
T9B44 305:266.432 - 0.546ms returns FALSE
T9B44 305:266.464 JLINK_IsHalted()
T9B44 305:266.880 - 0.404ms returns FALSE
T9B44 305:375.200 JLINK_IsHalted()
T9B44 305:375.680 - 0.438ms returns FALSE
T9B44 305:375.680 JLINK_IsHalted()
T9B44 305:375.968 - 0.288ms returns FALSE
T9B44 305:484.608 JLINK_IsHalted()
T9B44 305:485.120 - 0.517ms returns FALSE
T9B44 305:485.152 JLINK_IsHalted()
T9B44 305:485.632 - 0.469ms returns FALSE
T778C 305:570.816 JLINK_IsHalted()
T778C 305:571.232 - 0.409ms returns FALSE
T778C 305:571.264 JLINK_IsHalted()
T778C 305:571.648 - 0.375ms returns FALSE
T9B44 305:593.984 JLINK_IsHalted()
T9B44 305:594.432 - 0.421ms returns FALSE
T9B44 305:594.432 JLINK_IsHalted()
T9B44 305:594.816 - 0.362ms returns FALSE
T9B44 305:703.360 JLINK_IsHalted()
T9B44 305:703.712 - 0.378ms returns FALSE
T9B44 305:703.744 JLINK_IsHalted()
T9B44 305:704.128 - 0.383ms returns FALSE
T9B44 305:813.056 JLINK_IsHalted()
T9B44 305:813.440 - 0.424ms returns FALSE
T9B44 305:813.472 JLINK_IsHalted()
T9B44 305:813.824 - 0.333ms returns FALSE
T9B44 305:922.752 JLINK_IsHalted()
T9B44 305:923.136 - 0.366ms returns FALSE
T9B44 305:923.136 JLINK_IsHalted()
T9B44 305:923.520 - 0.397ms returns FALSE
T9B44 306:031.328 JLINK_IsHalted()
T9B44 306:031.680 - 0.368ms returns FALSE
T9B44 306:031.712 JLINK_IsHalted()
T9B44 306:032.096 - 0.373ms returns FALSE
T9B44 306:141.632 JLINK_IsHalted()
T9B44 306:142.208 - 0.593ms returns FALSE
T9B44 306:142.240 JLINK_IsHalted()
T9B44 306:142.528 - 0.310ms returns FALSE
T9B44 306:250.720 JLINK_IsHalted()
T9B44 306:251.232 - 0.531ms returns FALSE
T9B44 306:251.296 JLINK_IsHalted()
T9B44 306:251.744 - 0.461ms returns FALSE
T9B44 306:360.192 JLINK_IsHalted()
T9B44 306:360.640 - 0.424ms returns FALSE
T9B44 306:360.640 JLINK_IsHalted()
T9B44 306:361.056 - 0.392ms returns FALSE
T9B44 306:469.824 JLINK_IsHalted()
T9B44 306:470.336 - 0.489ms returns FALSE
T9B44 306:470.368 JLINK_IsHalted()
T9B44 306:470.784 - 0.393ms returns FALSE
T778C 306:572.640 JLINK_IsHalted()
T778C 306:573.152 - 0.525ms returns FALSE
T778C 306:573.216 JLINK_IsHalted()
T778C 306:573.536 - 0.333ms returns FALSE
T9B44 306:578.752 JLINK_IsHalted()
T9B44 306:579.168 - 0.428ms returns FALSE
T9B44 306:579.200 JLINK_IsHalted()
T9B44 306:579.520 - 0.327ms returns FALSE
T9B44 306:688.320 JLINK_IsHalted()
T9B44 306:688.800 - 0.486ms returns FALSE
T9B44 306:688.832 JLINK_IsHalted()
T9B44 306:689.248 - 0.430ms returns FALSE
T9B44 306:797.248 JLINK_IsHalted()
T9B44 306:797.600 - 0.354ms returns FALSE
T9B44 306:797.600 JLINK_IsHalted()
T9B44 306:798.016 - 0.396ms returns FALSE
T9B44 306:907.072 JLINK_IsHalted()
T9B44 306:907.584 - 0.531ms returns FALSE
T9B44 306:907.616 JLINK_IsHalted()
T9B44 306:908.384 - 0.768ms returns FALSE
T9B44 307:015.776 JLINK_IsHalted()
T9B44 307:016.288 - 0.509ms returns FALSE
T9B44 307:016.320 JLINK_IsHalted()
T9B44 307:016.640 - 0.308ms returns FALSE
T9B44 307:125.824 JLINK_IsHalted()
T9B44 307:126.336 - 0.554ms returns FALSE
T9B44 307:126.368 JLINK_IsHalted()
T9B44 307:126.784 - 0.411ms returns FALSE
T9B44 307:235.072 JLINK_IsHalted()
T9B44 307:238.080 - 2.985ms returns FALSE
T9B44 307:238.080 JLINK_IsHalted()
T9B44 307:239.072 - 0.959ms returns FALSE
T9B44 307:344.640 JLINK_IsHalted()
T9B44 307:344.992 - 0.354ms returns FALSE
T9B44 307:345.024 JLINK_IsHalted()
T9B44 307:345.280 - 0.258ms returns FALSE
T9B44 307:453.344 JLINK_IsHalted()
T9B44 307:453.824 - 0.497ms returns FALSE
T9B44 307:453.856 JLINK_IsHalted()
T9B44 307:454.272 - 0.412ms returns FALSE
T9B44 307:563.040 JLINK_IsHalted()
T9B44 307:563.456 - 0.409ms returns FALSE
T9B44 307:563.456 JLINK_IsHalted()
T9B44 307:563.744 - 0.288ms returns FALSE
T778C 307:573.664 JLINK_IsHalted()
T778C 307:574.208 - 0.583ms returns FALSE
T778C 307:574.336 JLINK_IsHalted()
T778C 307:574.944 - 0.586ms returns FALSE
T9B44 307:672.128 JLINK_IsHalted()
T9B44 307:672.608 - 0.456ms returns FALSE
T9B44 307:672.640 JLINK_IsHalted()
T9B44 307:673.024 - 0.404ms returns FALSE
T9B44 307:781.376 JLINK_IsHalted()
T9B44 307:781.952 - 0.571ms returns FALSE
T9B44 307:781.952 JLINK_IsHalted()
T9B44 307:782.432 - 0.466ms returns FALSE
T9B44 307:891.584 JLINK_IsHalted()
T9B44 307:892.160 - 0.575ms returns FALSE
T9B44 307:892.160 JLINK_IsHalted()
T9B44 307:892.544 - 0.384ms returns FALSE
T9B44 308:001.024 JLINK_IsHalted()
T9B44 308:001.632 - 0.598ms returns FALSE
T9B44 308:001.632 JLINK_IsHalted()
T9B44 308:001.984 - 0.353ms returns FALSE
T9B44 308:110.144 JLINK_IsHalted()
T9B44 308:110.592 - 0.424ms returns FALSE
T9B44 308:110.624 JLINK_IsHalted()
T9B44 308:110.912 - 0.312ms returns FALSE
T9B44 308:219.904 JLINK_IsHalted()
T9B44 308:222.432 - 2.529ms returns FALSE
T9B44 308:222.496 JLINK_IsHalted()
T9B44 308:223.264 - 0.747ms returns FALSE
T9B44 308:328.288 JLINK_IsHalted()
T9B44 308:329.184 - 0.877ms returns FALSE
T9B44 308:329.248 JLINK_IsHalted()
T9B44 308:329.920 - 0.691ms returns FALSE
T9B44 308:438.080 JLINK_IsHalted()
T9B44 308:438.912 - 0.837ms returns FALSE
T9B44 308:438.944 JLINK_IsHalted()
T9B44 308:439.488 - 0.525ms returns FALSE
T9B44 308:547.968 JLINK_IsHalted()
T9B44 308:548.608 - 0.626ms returns FALSE
T9B44 308:548.672 JLINK_IsHalted()
T9B44 308:549.184 - 0.538ms returns FALSE
T778C 308:576.512 JLINK_IsHalted()
T778C 308:577.216 - 0.723ms returns FALSE
T778C 308:577.280 JLINK_IsHalted()
T778C 308:577.856 - 0.551ms returns FALSE
T9B44 308:657.088 JLINK_IsHalted()
T9B44 308:657.600 - 0.545ms returns FALSE
T9B44 308:657.632 JLINK_IsHalted()
T9B44 308:658.176 - 0.524ms returns FALSE
T9B44 308:766.048 JLINK_IsHalted()
T9B44 308:768.032 - 1.971ms returns FALSE
T9B44 308:768.064 JLINK_IsHalted()
T9B44 308:768.480 - 0.401ms returns FALSE
T9B44 308:875.744 JLINK_IsHalted()
T9B44 308:876.288 - 0.538ms returns FALSE
T9B44 308:876.320 JLINK_IsHalted()
T9B44 308:876.832 - 0.493ms returns FALSE
T9B44 308:985.024 JLINK_IsHalted()
T9B44 308:985.760 - 0.721ms returns FALSE
T9B44 308:985.792 JLINK_IsHalted()
T9B44 308:986.400 - 0.595ms returns FALSE
T9B44 309:094.912 JLINK_IsHalted()
T9B44 309:095.552 - 0.644ms returns FALSE
T9B44 309:095.616 JLINK_IsHalted()
T9B44 309:096.128 - 0.534ms returns FALSE
T9B44 309:203.840 JLINK_IsHalted()
T9B44 309:205.920 - 2.054ms returns FALSE
T9B44 309:205.952 JLINK_IsHalted()
T9B44 309:208.448 - 2.505ms returns FALSE
T9B44 309:313.344 JLINK_IsHalted()
T9B44 309:313.760 - 0.439ms returns FALSE
T9B44 309:313.792 JLINK_IsHalted()
T9B44 309:314.208 - 0.408ms returns FALSE
T9B44 309:422.912 JLINK_IsHalted()
T9B44 309:423.424 - 0.503ms returns FALSE
T9B44 309:423.424 JLINK_IsHalted()
T9B44 309:423.936 - 0.489ms returns FALSE
T9B44 309:531.520 JLINK_IsHalted()
T9B44 309:532.032 - 0.511ms returns FALSE
T9B44 309:532.064 JLINK_IsHalted()
T9B44 309:532.480 - 0.413ms returns FALSE
T778C 309:578.816 JLINK_IsHalted()
T778C 309:579.360 - 0.525ms returns FALSE
T778C 309:579.392 JLINK_IsHalted()
T778C 309:579.712 - 0.331ms returns FALSE
T9B44 309:640.992 JLINK_IsHalted()
T9B44 309:641.536 - 0.541ms returns FALSE
T9B44 309:641.536 JLINK_IsHalted()
T9B44 309:641.856 - 0.321ms returns FALSE
T9B44 309:750.112 JLINK_IsHalted()
T9B44 309:750.720 - 0.609ms returns FALSE
T9B44 309:750.752 JLINK_IsHalted()
T9B44 309:751.360 - 0.592ms returns FALSE
T9B44 309:859.936 JLINK_IsHalted()
T9B44 309:860.704 - 0.758ms returns FALSE
T9B44 309:860.736 JLINK_IsHalted()
T9B44 309:861.344 - 0.613ms returns FALSE
T9B44 309:969.344 JLINK_IsHalted()
T9B44 309:970.752 - 1.404ms returns FALSE
T9B44 309:970.816 JLINK_IsHalted()
T9B44 309:974.112 - 3.308ms returns FALSE
T9B44 310:078.432 JLINK_IsHalted()
T9B44 310:078.912 - 0.503ms returns FALSE
T9B44 310:078.944 JLINK_IsHalted()
T9B44 310:079.296 - 0.337ms returns FALSE
T9B44 310:188.288 JLINK_IsHalted()
T9B44 310:188.832 - 0.532ms returns FALSE
T9B44 310:188.864 JLINK_IsHalted()
T9B44 310:189.312 - 0.468ms returns FALSE
T9B44 310:297.696 JLINK_IsHalted()
T9B44 310:298.240 - 0.526ms returns FALSE
T9B44 310:298.272 JLINK_IsHalted()
T9B44 310:298.720 - 0.462ms returns FALSE
T9B44 310:407.424 JLINK_IsHalted()
T9B44 310:408.000 - 0.569ms returns FALSE
T9B44 310:408.000 JLINK_IsHalted()
T9B44 310:408.384 - 0.390ms returns FALSE
T9B44 310:515.840 JLINK_IsHalted()
T9B44 310:516.288 - 0.419ms returns FALSE
T9B44 310:516.288 JLINK_IsHalted()
T9B44 310:516.608 - 0.328ms returns FALSE
T778C 310:580.544 JLINK_IsHalted()
T778C 310:580.960 - 0.420ms returns FALSE
T778C 310:580.992 JLINK_IsHalted()
T778C 310:581.408 - 0.414ms returns FALSE
T9B44 310:625.856 JLINK_IsHalted()
T9B44 310:626.432 - 0.559ms returns FALSE
T9B44 310:626.432 JLINK_IsHalted()
T9B44 310:626.880 - 0.444ms returns FALSE
T9B44 310:734.944 JLINK_IsHalted()
T9B44 310:735.392 - 0.442ms returns FALSE
T9B44 310:735.424 JLINK_IsHalted()
T9B44 310:735.744 - 0.327ms returns FALSE
T9B44 310:844.448 JLINK_IsHalted()
T9B44 310:844.928 - 0.490ms returns FALSE
T9B44 310:844.960 JLINK_IsHalted()
T9B44 310:845.376 - 0.393ms returns FALSE
T9B44 310:953.728 JLINK_IsHalted()
T9B44 310:954.304 - 0.560ms returns FALSE
T9B44 310:954.304 JLINK_IsHalted()
T9B44 310:954.848 - 0.544ms returns FALSE
T9B44 311:062.944 JLINK_IsHalted()
T9B44 311:063.456 - 0.499ms returns FALSE
T9B44 311:063.488 JLINK_IsHalted()
T9B44 311:064.000 - 0.529ms returns FALSE
T9B44 311:172.672 JLINK_IsHalted()
T9B44 311:173.728 - 1.092ms returns FALSE
T9B44 311:173.760 JLINK_IsHalted()
T9B44 311:175.904 - 2.140ms returns FALSE
T9B44 311:282.144 JLINK_IsHalted()
T9B44 311:282.752 - 0.616ms returns FALSE
T9B44 311:282.784 JLINK_IsHalted()
T9B44 311:283.392 - 0.595ms returns FALSE
T9B44 311:391.264 JLINK_IsHalted()
T9B44 311:391.936 - 0.670ms returns FALSE
T9B44 311:391.936 JLINK_IsHalted()
T9B44 311:392.480 - 0.527ms returns FALSE
T9B44 311:500.416 JLINK_IsHalted()
T9B44 311:500.928 - 0.499ms returns FALSE
T9B44 311:500.992 JLINK_IsHalted()
T9B44 311:501.600 - 0.608ms returns FALSE
T778C 311:582.144 JLINK_IsHalted()
T778C 311:582.848 - 0.729ms returns FALSE
T778C 311:582.880 JLINK_IsHalted()
T778C 311:583.424 - 0.553ms returns FALSE
T9B44 311:609.888 JLINK_IsHalted()
T9B44 311:610.496 - 0.592ms returns FALSE
T9B44 311:610.560 JLINK_IsHalted()
T9B44 311:611.200 - 0.656ms returns FALSE
T9B44 311:719.616 JLINK_IsHalted()
T9B44 311:721.536 - 1.949ms returns FALSE
T9B44 311:721.600 JLINK_IsHalted()
T9B44 311:722.176 - 0.589ms returns FALSE
T9B44 311:829.152 JLINK_IsHalted()
T9B44 311:829.952 - 0.811ms returns FALSE
T9B44 311:829.984 JLINK_IsHalted()
T9B44 311:830.624 - 0.642ms returns FALSE
T9B44 311:938.304 JLINK_IsHalted()
T9B44 311:938.752 - 0.455ms returns FALSE
T9B44 311:938.784 JLINK_IsHalted()
T9B44 311:939.104 - 0.307ms returns FALSE
T9B44 312:047.552 JLINK_IsHalted()
T9B44 312:047.968 - 0.413ms returns FALSE
T9B44 312:048.000 JLINK_IsHalted()
T9B44 312:048.288 - 0.291ms returns FALSE
T9B44 312:156.736 JLINK_IsHalted()
T9B44 312:157.216 - 0.491ms returns FALSE
T9B44 312:157.248 JLINK_IsHalted()
T9B44 312:157.728 - 0.478ms returns FALSE
T9B44 312:266.272 JLINK_IsHalted()
T9B44 312:266.976 - 0.729ms returns FALSE
T9B44 312:267.040 JLINK_IsHalted()
T9B44 312:267.552 - 0.506ms returns FALSE
T9B44 312:375.136 JLINK_IsHalted()
T9B44 312:375.840 - 0.688ms returns FALSE
T9B44 312:375.872 JLINK_IsHalted()
T9B44 312:376.256 - 0.387ms returns FALSE
T9B44 312:485.184 JLINK_IsHalted()
T9B44 312:485.920 - 0.709ms returns FALSE
T9B44 312:485.952 JLINK_IsHalted()
T9B44 312:486.496 - 0.562ms returns FALSE
T778C 312:584.544 JLINK_IsHalted()
T778C 312:585.248 - 0.696ms returns FALSE
T778C 312:585.312 JLINK_IsHalted()
T778C 312:585.920 - 0.597ms returns FALSE
T9B44 312:594.688 JLINK_IsHalted()
T9B44 312:595.488 - 0.791ms returns FALSE
T9B44 312:595.520 JLINK_IsHalted()
T9B44 312:596.032 - 0.516ms returns FALSE
T9B44 312:703.808 JLINK_IsHalted()
T9B44 312:705.696 - 1.911ms returns FALSE
T9B44 312:705.728 JLINK_IsHalted()
T9B44 312:708.352 - 2.606ms returns FALSE
T9B44 312:812.800 JLINK_IsHalted()
T9B44 312:813.408 - 0.612ms returns FALSE
T9B44 312:813.472 JLINK_IsHalted()
T9B44 312:814.016 - 0.540ms returns FALSE
T9B44 312:922.304 JLINK_IsHalted()
T9B44 312:923.296 - 0.960ms returns FALSE
T9B44 312:923.328 JLINK_IsHalted()
T9B44 312:924.224 - 0.908ms returns FALSE
T9B44 313:031.968 JLINK_IsHalted()
T9B44 313:032.608 - 0.644ms returns FALSE
T9B44 313:032.640 JLINK_IsHalted()
T9B44 313:033.184 - 0.548ms returns FALSE
T9B44 313:141.312 JLINK_IsHalted()
T9B44 313:142.048 - 0.735ms returns FALSE
T9B44 313:142.080 JLINK_IsHalted()
T9B44 313:142.624 - 0.557ms returns FALSE
T9B44 313:250.592 JLINK_IsHalted()
T9B44 313:271.392 - 20.804ms returns FALSE
T9B44 313:271.424 JLINK_IsHalted()
T9B44 313:271.872 - 0.397ms returns FALSE
T9B44 313:375.296 JLINK_IsHalted()
T9B44 313:375.808 - 0.497ms returns FALSE
T9B44 313:375.840 JLINK_IsHalted()
T9B44 313:376.256 - 0.406ms returns FALSE
T9B44 313:485.184 JLINK_IsHalted()
T9B44 313:485.888 - 0.698ms returns FALSE
T9B44 313:485.888 JLINK_IsHalted()
T9B44 313:486.560 - 0.659ms returns FALSE
T778C 313:587.392 JLINK_IsHalted()
T778C 313:588.064 - 0.663ms returns FALSE
T778C 313:588.096 JLINK_IsHalted()
T778C 313:588.576 - 0.469ms returns FALSE
T9B44 313:594.304 JLINK_IsHalted()
T9B44 313:594.976 - 0.685ms returns FALSE
T9B44 313:594.976 JLINK_IsHalted()
T9B44 313:595.456 - 0.460ms returns FALSE
T9B44 313:703.488 JLINK_IsHalted()
T9B44 313:703.936 - 0.429ms returns FALSE
T9B44 313:703.968 JLINK_IsHalted()
T9B44 313:704.352 - 0.396ms returns FALSE
T9B44 313:812.800 JLINK_IsHalted()
T9B44 313:813.472 - 0.646ms returns FALSE
T9B44 313:813.504 JLINK_IsHalted()
T9B44 313:814.016 - 0.515ms returns FALSE
T9B44 313:922.848 JLINK_IsHalted()
T9B44 313:924.128 - 1.267ms returns FALSE
T9B44 313:924.160 JLINK_IsHalted()
T9B44 313:924.576 - 0.444ms returns FALSE
T9B44 314:032.320 JLINK_IsHalted()
T9B44 314:032.864 - 0.562ms returns FALSE
T9B44 314:032.928 JLINK_IsHalted()
T9B44 314:033.440 - 0.512ms returns FALSE
T9B44 314:141.248 JLINK_IsHalted()
T9B44 314:141.792 - 0.547ms returns FALSE
T9B44 314:141.824 JLINK_IsHalted()
T9B44 314:142.336 - 0.510ms returns FALSE
T9B44 314:250.688 JLINK_IsHalted()
T9B44 314:251.360 - 0.658ms returns FALSE
T9B44 314:251.392 JLINK_IsHalted()
T9B44 314:251.936 - 0.522ms returns FALSE
T9B44 314:359.872 JLINK_IsHalted()
T9B44 314:360.352 - 0.468ms returns FALSE
T9B44 314:360.352 JLINK_IsHalted()
T9B44 314:360.832 - 0.471ms returns FALSE
T9B44 314:469.824 JLINK_IsHalted()
T9B44 314:470.432 - 0.576ms returns FALSE
T9B44 314:470.432 JLINK_IsHalted()
T9B44 314:470.880 - 0.461ms returns FALSE
T9B44 314:578.528 JLINK_IsHalted()
T9B44 314:579.392 - 0.876ms returns FALSE
T9B44 314:579.520 JLINK_IsHalted()
T9B44 314:580.352 - 0.858ms returns FALSE
T778C 314:589.280 JLINK_IsHalted()
T778C 314:591.520 - 2.209ms returns FALSE
T778C 314:591.552 JLINK_IsHalted()
T778C 314:592.160 - 0.588ms returns FALSE
T9B44 314:688.352 JLINK_IsHalted()
T9B44 314:689.088 - 0.745ms returns FALSE
T9B44 314:689.120 JLINK_IsHalted()
T9B44 314:689.632 - 0.496ms returns FALSE
T9B44 314:797.856 JLINK_IsHalted()
T9B44 314:798.432 - 0.598ms returns FALSE
T9B44 314:798.496 JLINK_IsHalted()
T9B44 314:798.912 - 0.444ms returns FALSE
T9B44 314:907.232 JLINK_IsHalted()
T9B44 314:907.808 - 0.558ms returns FALSE
T9B44 314:907.840 JLINK_IsHalted()
T9B44 314:908.288 - 0.465ms returns FALSE
T9B44 315:016.000 JLINK_IsHalted()
T9B44 315:016.544 - 0.585ms returns FALSE
T9B44 315:016.608 JLINK_IsHalted()
T9B44 315:017.088 - 0.502ms returns FALSE
T9B44 315:125.472 JLINK_IsHalted()
T9B44 315:126.080 - 0.564ms returns FALSE
T9B44 315:126.080 JLINK_IsHalted()
T9B44 315:126.624 - 0.534ms returns FALSE
T9B44 315:235.136 JLINK_IsHalted()
T9B44 315:235.776 - 0.638ms returns FALSE
T9B44 315:235.776 JLINK_IsHalted()
T9B44 315:237.920 - 2.124ms returns FALSE
T9B44 315:344.064 JLINK_IsHalted()
T9B44 315:344.512 - 0.469ms returns FALSE
T9B44 315:344.544 JLINK_IsHalted()
T9B44 315:345.024 - 0.495ms returns FALSE
T9B44 315:454.112 JLINK_IsHalted()
T9B44 315:454.528 - 0.447ms returns FALSE
T9B44 315:454.560 JLINK_IsHalted()
T9B44 315:455.072 - 0.497ms returns FALSE
T9B44 315:563.584 JLINK_IsHalted()
T9B44 315:564.352 - 0.760ms returns FALSE
T9B44 315:564.352 JLINK_IsHalted()
T9B44 315:564.672 - 0.317ms returns FALSE
T778C 315:593.376 JLINK_IsHalted()
T778C 315:594.048 - 0.664ms returns FALSE
T778C 315:594.144 JLINK_IsHalted()
T778C 315:594.624 - 0.492ms returns FALSE
T9B44 315:672.128 JLINK_IsHalted()
T9B44 315:672.512 - 0.370ms returns FALSE
T9B44 315:672.512 JLINK_IsHalted()
T9B44 315:672.992 - 0.464ms returns FALSE
T9B44 315:782.176 JLINK_IsHalted()
T9B44 315:782.720 - 0.554ms returns FALSE
T9B44 315:782.720 JLINK_IsHalted()
T9B44 315:783.104 - 0.380ms returns FALSE
T9B44 315:891.040 JLINK_IsHalted()
T9B44 315:891.616 - 0.555ms returns FALSE
T9B44 315:891.648 JLINK_IsHalted()
T9B44 315:892.096 - 0.467ms returns FALSE
T9B44 316:000.288 JLINK_IsHalted()
T9B44 316:000.832 - 0.542ms returns FALSE
T9B44 316:000.832 JLINK_IsHalted()
T9B44 316:001.216 - 0.392ms returns FALSE
T9B44 316:110.080 JLINK_IsHalted()
T9B44 316:110.528 - 0.455ms returns FALSE
T9B44 316:110.560 JLINK_IsHalted()
T9B44 316:110.976 - 0.388ms returns FALSE
T9B44 316:219.232 JLINK_IsHalted()
T9B44 316:219.776 - 0.534ms returns FALSE
T9B44 316:219.808 JLINK_IsHalted()
T9B44 316:220.192 - 0.406ms returns FALSE
T9B44 316:328.896 JLINK_IsHalted()
T9B44 316:329.440 - 0.557ms returns FALSE
T9B44 316:329.472 JLINK_IsHalted()
T9B44 316:329.856 - 0.378ms returns FALSE
T9B44 316:437.664 JLINK_IsHalted()
T9B44 316:438.048 - 0.391ms returns FALSE
T9B44 316:438.080 JLINK_IsHalted()
T9B44 316:438.496 - 0.442ms returns FALSE
T9B44 316:547.360 JLINK_IsHalted()
T9B44 316:547.904 - 0.560ms returns FALSE
T9B44 316:547.904 JLINK_IsHalted()
T9B44 316:548.288 - 0.337ms returns FALSE
T778C 316:595.712 JLINK_IsHalted()
T778C 316:596.256 - 0.538ms returns FALSE
T778C 316:596.288 JLINK_IsHalted()
T778C 316:596.608 - 0.303ms returns FALSE
T9B44 316:656.704 JLINK_IsHalted()
T9B44 316:657.344 - 0.617ms returns FALSE
T9B44 316:657.344 JLINK_IsHalted()
T9B44 316:657.888 - 0.545ms returns FALSE
T9B44 316:765.856 JLINK_IsHalted()
T9B44 316:766.784 - 0.957ms returns FALSE
T9B44 316:766.912 JLINK_IsHalted()
T9B44 316:767.392 - 0.485ms returns FALSE
T9B44 316:875.456 JLINK_IsHalted()
T9B44 316:876.000 - 0.564ms returns FALSE
T9B44 316:876.032 JLINK_IsHalted()
T9B44 316:876.480 - 0.419ms returns FALSE
T9B44 316:984.768 JLINK_IsHalted()
T9B44 316:985.280 - 0.503ms returns FALSE
T9B44 316:985.312 JLINK_IsHalted()
T9B44 316:985.696 - 0.394ms returns FALSE
T9B44 317:094.976 JLINK_IsHalted()
T9B44 317:095.456 - 0.489ms returns FALSE
T9B44 317:095.488 JLINK_IsHalted()
T9B44 317:095.776 - 0.317ms returns FALSE
T9B44 317:204.192 JLINK_IsHalted()
T9B44 317:204.576 - 0.406ms returns FALSE
T9B44 317:204.640 JLINK_IsHalted()
T9B44 317:204.992 - 0.362ms returns FALSE
T9B44 317:313.152 JLINK_IsHalted()
T9B44 317:313.824 - 0.657ms returns FALSE
T9B44 317:313.856 JLINK_IsHalted()
T9B44 317:314.208 - 0.357ms returns FALSE
T9B44 317:422.528 JLINK_IsHalted()
T9B44 317:422.912 - 0.405ms returns FALSE
T9B44 317:422.944 JLINK_IsHalted()
T9B44 317:423.296 - 0.352ms returns FALSE
T9B44 317:531.424 JLINK_IsHalted()
T9B44 317:531.776 - 0.339ms returns FALSE
T9B44 317:531.776 JLINK_IsHalted()
T9B44 317:532.064 - 0.286ms returns FALSE
T778C 317:596.704 JLINK_IsHalted()
T778C 317:597.120 - 0.411ms returns FALSE
T778C 317:597.120 JLINK_IsHalted()
T778C 317:597.536 - 0.412ms returns FALSE
T9B44 317:641.248 JLINK_IsHalted()
T9B44 317:641.728 - 0.485ms returns FALSE
T9B44 317:641.728 JLINK_IsHalted()
T9B44 317:642.240 - 0.503ms returns FALSE
T9B44 317:750.592 JLINK_IsHalted()
T9B44 317:751.104 - 0.502ms returns FALSE
T9B44 317:751.104 JLINK_IsHalted()
T9B44 317:751.520 - 0.426ms returns FALSE
T9B44 317:860.096 JLINK_IsHalted()
T9B44 317:860.448 - 0.363ms returns FALSE
T9B44 317:860.480 JLINK_IsHalted()
T9B44 317:860.768 - 0.279ms returns FALSE
T9B44 317:969.888 JLINK_IsHalted()
T9B44 317:970.336 - 0.450ms returns FALSE
T9B44 317:970.368 JLINK_IsHalted()
T9B44 317:970.752 - 0.388ms returns FALSE
T9B44 318:079.008 JLINK_IsHalted()
T9B44 318:079.616 - 0.618ms returns FALSE
T9B44 318:079.648 JLINK_IsHalted()
T9B44 318:082.400 - 2.768ms returns FALSE
T9B44 318:188.480 JLINK_IsHalted()
T9B44 318:189.120 - 0.619ms returns FALSE
T9B44 318:189.120 JLINK_IsHalted()
T9B44 318:189.792 - 0.664ms returns FALSE
T9B44 318:297.536 JLINK_IsHalted()
T9B44 318:298.048 - 0.525ms returns FALSE
T9B44 318:298.080 JLINK_IsHalted()
T9B44 318:298.496 - 0.422ms returns FALSE
T9B44 318:407.232 JLINK_IsHalted()
T9B44 318:407.872 - 0.652ms returns FALSE
T9B44 318:407.872 JLINK_IsHalted()
T9B44 318:408.288 - 0.409ms returns FALSE
T9B44 318:516.000 JLINK_IsHalted()
T9B44 318:516.544 - 0.554ms returns FALSE
T9B44 318:516.576 JLINK_IsHalted()
T9B44 318:517.088 - 0.520ms returns FALSE
T778C 318:599.360 JLINK_IsHalted()
T778C 318:599.968 - 0.605ms returns FALSE
T778C 318:600.000 JLINK_IsHalted()
T778C 318:600.416 - 0.447ms returns FALSE
T9B44 318:625.600 JLINK_IsHalted()
T9B44 318:627.616 - 1.977ms returns FALSE
T9B44 318:627.648 JLINK_IsHalted()
T9B44 318:628.256 - 0.583ms returns FALSE
T9B44 318:734.976 JLINK_IsHalted()
T9B44 318:735.424 - 0.479ms returns FALSE
T9B44 318:735.456 JLINK_IsHalted()
T9B44 318:735.968 - 0.505ms returns FALSE
T9B44 318:844.864 JLINK_IsHalted()
T9B44 318:845.280 - 0.436ms returns FALSE
T9B44 318:845.312 JLINK_IsHalted()
T9B44 318:845.760 - 0.468ms returns FALSE
T9B44 318:954.144 JLINK_IsHalted()
T9B44 318:954.656 - 0.489ms returns FALSE
T9B44 318:954.656 JLINK_IsHalted()
T9B44 318:955.040 - 0.381ms returns FALSE
T9B44 319:062.848 JLINK_IsHalted()
T9B44 319:063.360 - 0.492ms returns FALSE
T9B44 319:063.360 JLINK_IsHalted()
T9B44 319:063.872 - 0.480ms returns FALSE
T9B44 319:172.416 JLINK_IsHalted()
T9B44 319:172.864 - 0.442ms returns FALSE
T9B44 319:172.896 JLINK_IsHalted()
T9B44 319:173.312 - 0.415ms returns FALSE
T9B44 319:282.048 JLINK_IsHalted()
T9B44 319:282.496 - 0.441ms returns FALSE
T9B44 319:282.496 JLINK_IsHalted()
T9B44 319:282.848 - 0.317ms returns FALSE
T9B44 319:391.104 JLINK_IsHalted()
T9B44 319:391.552 - 0.459ms returns FALSE
T9B44 319:391.584 JLINK_IsHalted()
T9B44 319:391.936 - 0.318ms returns FALSE
T9B44 319:500.992 JLINK_IsHalted()
T9B44 319:501.440 - 0.431ms returns FALSE
T9B44 319:501.472 JLINK_IsHalted()
T9B44 319:501.856 - 0.381ms returns FALSE
T778C 319:600.864 JLINK_IsHalted()
T778C 319:601.312 - 0.445ms returns FALSE
T778C 319:601.344 JLINK_IsHalted()
T778C 319:601.728 - 0.364ms returns FALSE
T9B44 319:609.568 JLINK_IsHalted()
T9B44 319:609.952 - 0.383ms returns FALSE
T9B44 319:609.952 JLINK_IsHalted()
T9B44 319:610.304 - 0.348ms returns FALSE
T9B44 319:719.200 JLINK_IsHalted()
T9B44 319:719.712 - 0.509ms returns FALSE
T9B44 319:719.744 JLINK_IsHalted()
T9B44 319:720.128 - 0.405ms returns FALSE
T9B44 319:828.288 JLINK_IsHalted()
T9B44 319:828.736 - 0.438ms returns FALSE
T9B44 319:828.736 JLINK_IsHalted()
T9B44 319:829.120 - 0.370ms returns FALSE
T9B44 319:938.080 JLINK_IsHalted()
T9B44 319:941.056 - 2.973ms returns FALSE
T9B44 319:941.088 JLINK_IsHalted()
T9B44 319:941.824 - 0.702ms returns FALSE
T9B44 320:048.576 JLINK_IsHalted()
T9B44 320:049.216 - 0.657ms returns FALSE
T9B44 320:049.312 JLINK_IsHalted()
T9B44 320:050.048 - 0.743ms returns FALSE
T9B44 320:156.736 JLINK_IsHalted()
T9B44 320:158.720 - 1.985ms returns FALSE
T9B44 320:158.784 JLINK_IsHalted()
T9B44 320:159.360 - 0.560ms returns FALSE
T9B44 320:266.016 JLINK_IsHalted()
T9B44 320:266.720 - 0.700ms returns FALSE
T9B44 320:266.752 JLINK_IsHalted()
T9B44 320:269.184 - 2.432ms returns FALSE
T9B44 320:375.936 JLINK_IsHalted()
T9B44 320:376.480 - 0.528ms returns FALSE
T9B44 320:376.512 JLINK_IsHalted()
T9B44 320:377.024 - 0.519ms returns FALSE
T9B44 320:485.280 JLINK_IsHalted()
T9B44 320:485.856 - 0.596ms returns FALSE
T9B44 320:485.920 JLINK_IsHalted()
T9B44 320:486.688 - 0.777ms returns FALSE
T9B44 320:594.176 JLINK_IsHalted()
T9B44 320:594.720 - 0.557ms returns FALSE
T9B44 320:594.752 JLINK_IsHalted()
T9B44 320:595.200 - 0.440ms returns FALSE
T778C 320:602.080 JLINK_IsHalted()
T778C 320:603.840 - 1.752ms returns FALSE
T778C 320:603.936 JLINK_IsHalted()
T778C 320:604.416 - 0.485ms returns FALSE
T9B44 320:703.552 JLINK_IsHalted()
T9B44 320:706.016 - 2.454ms returns FALSE
T9B44 320:706.080 JLINK_IsHalted()
T9B44 320:707.872 - 1.801ms returns FALSE
T9B44 320:812.736 JLINK_IsHalted()
T9B44 320:813.280 - 0.551ms returns FALSE
T9B44 320:813.312 JLINK_IsHalted()
T9B44 320:815.808 - 2.485ms returns FALSE
T9B44 320:922.560 JLINK_IsHalted()
T9B44 320:923.424 - 0.841ms returns FALSE
T9B44 320:923.456 JLINK_IsHalted()
T9B44 320:923.936 - 0.477ms returns FALSE
T9B44 321:031.744 JLINK_IsHalted()
T9B44 321:032.352 - 0.612ms returns FALSE
T9B44 321:032.384 JLINK_IsHalted()
T9B44 321:032.896 - 0.510ms returns FALSE
T9B44 321:140.896 JLINK_IsHalted()
T9B44 321:142.912 - 2.018ms returns FALSE
T9B44 321:142.976 JLINK_IsHalted()
T9B44 321:144.960 - 2.001ms returns FALSE
T9B44 321:250.208 JLINK_IsHalted()
T9B44 321:250.944 - 0.754ms returns FALSE
T9B44 321:251.008 JLINK_IsHalted()
T9B44 321:251.520 - 0.499ms returns FALSE
T9B44 321:360.192 JLINK_IsHalted()
T9B44 321:360.832 - 0.632ms returns FALSE
T9B44 321:360.864 JLINK_IsHalted()
T9B44 321:361.376 - 0.528ms returns FALSE
T9B44 321:469.600 JLINK_IsHalted()
T9B44 321:470.336 - 0.738ms returns FALSE
T9B44 321:470.400 JLINK_IsHalted()
T9B44 321:471.040 - 0.663ms returns FALSE
T9B44 321:578.560 JLINK_IsHalted()
T9B44 321:579.136 - 0.588ms returns FALSE
T9B44 321:579.200 JLINK_IsHalted()
T9B44 321:579.840 - 0.657ms returns FALSE
T778C 321:605.312 JLINK_IsHalted()
T778C 321:608.096 - 2.754ms returns FALSE
T778C 321:608.128 JLINK_IsHalted()
T778C 321:608.640 - 0.481ms returns FALSE
T9B44 321:688.192 JLINK_IsHalted()
T9B44 321:688.800 - 0.594ms returns FALSE
T9B44 321:688.832 JLINK_IsHalted()
T9B44 321:689.536 - 0.683ms returns FALSE
T9B44 321:798.080 JLINK_IsHalted()
T9B44 321:799.936 - 1.840ms returns FALSE
T9B44 321:800.000 JLINK_IsHalted()
T9B44 321:800.512 - 0.482ms returns FALSE
T9B44 321:906.912 JLINK_IsHalted()
T9B44 321:907.776 - 0.848ms returns FALSE
T9B44 321:907.776 JLINK_IsHalted()
T9B44 321:908.384 - 0.579ms returns FALSE
T9B44 322:015.840 JLINK_IsHalted()
T9B44 322:016.640 - 0.800ms returns FALSE
T9B44 322:016.704 JLINK_IsHalted()
T9B44 322:017.216 - 0.527ms returns FALSE
T9B44 322:126.144 JLINK_IsHalted()
T9B44 322:126.752 - 0.608ms returns FALSE
T9B44 322:126.784 JLINK_IsHalted()
T9B44 322:127.296 - 0.499ms returns FALSE
T9B44 322:235.296 JLINK_IsHalted()
T9B44 322:235.936 - 0.634ms returns FALSE
T9B44 322:235.968 JLINK_IsHalted()
T9B44 322:236.608 - 0.616ms returns FALSE
T9B44 322:344.544 JLINK_IsHalted()
T9B44 322:345.280 - 0.716ms returns FALSE
T9B44 322:345.280 JLINK_IsHalted()
T9B44 322:345.984 - 0.684ms returns FALSE
T9B44 322:453.312 JLINK_IsHalted()
T9B44 322:453.952 - 0.660ms returns FALSE
T9B44 322:453.984 JLINK_IsHalted()
T9B44 322:454.464 - 0.468ms returns FALSE
T9B44 322:563.264 JLINK_IsHalted()
T9B44 322:563.648 - 0.404ms returns FALSE
T9B44 322:563.648 JLINK_IsHalted()
T9B44 322:563.936 - 0.290ms returns FALSE
T778C 322:609.760 JLINK_IsHalted()
T778C 322:610.240 - 0.465ms returns FALSE
T778C 322:610.240 JLINK_IsHalted()
T778C 322:610.912 - 0.653ms returns FALSE
T9B44 322:672.864 JLINK_IsHalted()
T9B44 322:673.984 - 1.133ms returns FALSE
T9B44 322:674.048 JLINK_IsHalted()
T9B44 322:674.464 - 0.417ms returns FALSE
T9B44 322:781.504 JLINK_IsHalted()
T9B44 322:783.296 - 1.804ms returns FALSE
T9B44 322:783.328 JLINK_IsHalted()
T9B44 322:784.064 - 0.733ms returns FALSE
T9B44 322:891.392 JLINK_IsHalted()
T9B44 322:892.032 - 0.645ms returns FALSE
T9B44 322:892.064 JLINK_IsHalted()
T9B44 322:892.608 - 0.550ms returns FALSE
T9B44 323:000.640 JLINK_IsHalted()
T9B44 323:001.152 - 0.530ms returns FALSE
T9B44 323:001.184 JLINK_IsHalted()
T9B44 323:001.600 - 0.421ms returns FALSE
T9B44 323:109.856 JLINK_IsHalted()
T9B44 323:110.528 - 0.656ms returns FALSE
T9B44 323:110.560 JLINK_IsHalted()
T9B44 323:111.040 - 0.479ms returns FALSE
T9B44 323:219.904 JLINK_IsHalted()
T9B44 323:220.640 - 0.740ms returns FALSE
T9B44 323:220.672 JLINK_IsHalted()
T9B44 323:221.184 - 0.488ms returns FALSE
T9B44 323:328.864 JLINK_IsHalted()
T9B44 323:329.632 - 0.752ms returns FALSE
T9B44 323:329.664 JLINK_IsHalted()
T9B44 323:330.336 - 0.676ms returns FALSE
T9B44 323:438.016 JLINK_IsHalted()
T9B44 323:441.024 - 3.017ms returns FALSE
T9B44 323:441.088 JLINK_IsHalted()
T9B44 323:441.984 - 0.904ms returns FALSE
T9B44 323:547.488 JLINK_IsHalted()
T9B44 323:547.904 - 0.395ms returns FALSE
T9B44 323:547.904 JLINK_IsHalted()
T9B44 323:548.192 - 0.270ms returns FALSE
T778C 323:611.424 JLINK_IsHalted()
T778C 323:611.840 - 0.405ms returns FALSE
T778C 323:611.872 JLINK_IsHalted()
T778C 323:612.352 - 0.499ms returns FALSE
T9B44 323:657.088 JLINK_IsHalted()
T9B44 323:657.760 - 0.672ms returns FALSE
T9B44 323:657.792 JLINK_IsHalted()
T9B44 323:658.112 - 0.340ms returns FALSE
T9B44 323:766.272 JLINK_IsHalted()
T9B44 323:766.816 - 0.538ms returns FALSE
T9B44 323:766.816 JLINK_IsHalted()
T9B44 323:767.200 - 0.392ms returns FALSE
T9B44 323:875.584 JLINK_IsHalted()
T9B44 323:876.192 - 0.601ms returns FALSE
T9B44 323:876.224 JLINK_IsHalted()
T9B44 323:876.672 - 0.476ms returns FALSE
T9B44 323:984.928 JLINK_IsHalted()
T9B44 323:985.472 - 0.529ms returns FALSE
T9B44 323:985.472 JLINK_IsHalted()
T9B44 323:985.952 - 0.474ms returns FALSE
T9B44 324:094.144 JLINK_IsHalted()
T9B44 324:094.720 - 0.574ms returns FALSE
T9B44 324:094.752 JLINK_IsHalted()
T9B44 324:095.200 - 0.466ms returns FALSE
T9B44 324:204.064 JLINK_IsHalted()
T9B44 324:204.576 - 0.520ms returns FALSE
T9B44 324:204.608 JLINK_IsHalted()
T9B44 324:205.184 - 0.557ms returns FALSE
T9B44 324:313.632 JLINK_IsHalted()
T9B44 324:314.048 - 0.424ms returns FALSE
T9B44 324:314.048 JLINK_IsHalted()
T9B44 324:314.496 - 0.440ms returns FALSE
T9B44 324:422.624 JLINK_IsHalted()
T9B44 324:423.232 - 0.602ms returns FALSE
T9B44 324:423.232 JLINK_IsHalted()
T9B44 324:423.648 - 0.394ms returns FALSE
T9B44 324:531.904 JLINK_IsHalted()
T9B44 324:532.384 - 0.448ms returns FALSE
T9B44 324:532.384 JLINK_IsHalted()
T9B44 324:532.704 - 0.307ms returns FALSE
T778C 324:612.448 JLINK_IsHalted()
T778C 324:612.864 - 0.421ms returns FALSE
T778C 324:612.896 JLINK_IsHalted()
T778C 324:613.216 - 0.349ms returns FALSE
T9B44 324:641.088 JLINK_IsHalted()
T9B44 324:641.472 - 0.408ms returns FALSE
T9B44 324:641.504 JLINK_IsHalted()
T9B44 324:641.824 - 0.300ms returns FALSE
T9B44 324:751.040 JLINK_IsHalted()
T9B44 324:751.456 - 0.437ms returns FALSE
T9B44 324:751.488 JLINK_IsHalted()
T9B44 324:751.808 - 0.337ms returns FALSE
T9B44 324:860.192 JLINK_IsHalted()
T9B44 324:860.736 - 0.542ms returns FALSE
T9B44 324:860.736 JLINK_IsHalted()
T9B44 324:861.152 - 0.415ms returns FALSE
T9B44 324:969.408 JLINK_IsHalted()
T9B44 324:969.888 - 0.476ms returns FALSE
T9B44 324:969.920 JLINK_IsHalted()
T9B44 324:970.304 - 0.405ms returns FALSE
T9B44 325:078.720 JLINK_IsHalted()
T9B44 325:079.136 - 0.442ms returns FALSE
T9B44 325:079.168 JLINK_IsHalted()
T9B44 325:079.616 - 0.419ms returns FALSE
T9B44 325:188.416 JLINK_IsHalted()
T9B44 325:188.896 - 0.499ms returns FALSE
T9B44 325:188.928 JLINK_IsHalted()
T9B44 325:189.344 - 0.442ms returns FALSE
T9B44 325:297.408 JLINK_IsHalted()
T9B44 325:299.232 - 1.808ms returns FALSE
T9B44 325:299.264 JLINK_IsHalted()
T9B44 325:299.840 - 0.585ms returns FALSE
T9B44 325:406.784 JLINK_IsHalted()
T9B44 325:407.904 - 1.097ms returns FALSE
T9B44 325:407.936 JLINK_IsHalted()
T9B44 325:408.384 - 0.448ms returns FALSE
T9B44 325:515.776 JLINK_IsHalted()
T9B44 325:516.448 - 0.659ms returns FALSE
T9B44 325:516.480 JLINK_IsHalted()
T9B44 325:516.928 - 0.465ms returns FALSE
T778C 325:614.272 JLINK_IsHalted()
T778C 325:614.784 - 0.493ms returns FALSE
T778C 325:614.784 JLINK_IsHalted()
T778C 325:615.168 - 0.397ms returns FALSE
T9B44 325:626.016 JLINK_IsHalted()
T9B44 325:626.560 - 0.527ms returns FALSE
T9B44 325:626.560 JLINK_IsHalted()
T9B44 325:626.976 - 0.425ms returns FALSE
T9B44 325:734.752 JLINK_IsHalted()
T9B44 325:735.360 - 0.615ms returns FALSE
T9B44 325:735.392 JLINK_IsHalted()
T9B44 325:735.808 - 0.413ms returns FALSE
T9B44 325:844.128 JLINK_IsHalted()
T9B44 325:845.952 - 1.827ms returns FALSE
T9B44 325:846.080 JLINK_IsHalted()
T9B44 325:846.784 - 0.728ms returns FALSE
T9B44 325:954.592 JLINK_IsHalted()
T9B44 325:955.392 - 0.818ms returns FALSE
T9B44 325:955.456 JLINK_IsHalted()
T9B44 325:956.160 - 0.679ms returns FALSE
T9B44 326:063.040 JLINK_IsHalted()
T9B44 326:063.840 - 0.789ms returns FALSE
T9B44 326:063.904 JLINK_IsHalted()
T9B44 326:064.576 - 0.674ms returns FALSE
T9B44 326:172.320 JLINK_IsHalted()
T9B44 326:172.864 - 0.580ms returns FALSE
T9B44 326:172.896 JLINK_IsHalted()
T9B44 326:173.504 - 0.567ms returns FALSE
T9B44 326:281.632 JLINK_IsHalted()
T9B44 326:282.176 - 0.562ms returns FALSE
T9B44 326:282.240 JLINK_IsHalted()
T9B44 326:282.944 - 0.728ms returns FALSE
T9B44 326:391.712 JLINK_IsHalted()
T9B44 326:392.224 - 0.511ms returns FALSE
T9B44 326:392.256 JLINK_IsHalted()
T9B44 326:392.640 - 0.382ms returns FALSE
T9B44 326:500.320 JLINK_IsHalted()
T9B44 326:500.704 - 0.370ms returns FALSE
T9B44 326:500.704 JLINK_IsHalted()
T9B44 326:501.024 - 0.295ms returns FALSE
T9B44 326:609.568 JLINK_IsHalted()
T9B44 326:609.984 - 0.419ms returns FALSE
T9B44 326:609.984 JLINK_IsHalted()
T9B44 326:610.272 - 0.276ms returns FALSE
T778C 326:615.872 JLINK_IsHalted()
T778C 326:616.320 - 0.440ms returns FALSE
T778C 326:616.352 JLINK_IsHalted()
T778C 326:616.640 - 0.288ms returns FALSE
T9B44 326:719.136 JLINK_IsHalted()
T9B44 326:719.552 - 0.430ms returns FALSE
T9B44 326:719.584 JLINK_IsHalted()
T9B44 326:719.872 - 0.273ms returns FALSE
T9B44 326:829.248 JLINK_IsHalted()
T9B44 326:829.632 - 0.416ms returns FALSE
T9B44 326:829.696 JLINK_IsHalted()
T9B44 326:830.016 - 0.311ms returns FALSE
T9B44 326:937.824 JLINK_IsHalted()
T9B44 326:938.368 - 0.541ms returns FALSE
T9B44 326:938.368 JLINK_IsHalted()
T9B44 326:938.720 - 0.348ms returns FALSE
T9B44 327:047.392 JLINK_IsHalted()
T9B44 327:048.064 - 0.666ms returns FALSE
T9B44 327:048.096 JLINK_IsHalted()
T9B44 327:048.576 - 0.477ms returns FALSE
T9B44 327:156.832 JLINK_IsHalted()
T9B44 327:157.184 - 0.367ms returns FALSE
T9B44 327:157.216 JLINK_IsHalted()
T9B44 327:157.536 - 0.302ms returns FALSE
T9B44 327:265.856 JLINK_IsHalted()
T9B44 327:266.272 - 0.408ms returns FALSE
T9B44 327:266.304 JLINK_IsHalted()
T9B44 327:266.624 - 0.339ms returns FALSE
T9B44 327:375.584 JLINK_IsHalted()
T9B44 327:375.968 - 0.380ms returns FALSE
T9B44 327:376.000 JLINK_IsHalted()
T9B44 327:376.352 - 0.358ms returns FALSE
T9B44 327:484.576 JLINK_IsHalted()
T9B44 327:485.024 - 0.457ms returns FALSE
T9B44 327:485.056 JLINK_IsHalted()
T9B44 327:485.536 - 0.492ms returns FALSE
T9B44 327:594.208 JLINK_IsHalted()
T9B44 327:594.880 - 0.650ms returns FALSE
T9B44 327:594.880 JLINK_IsHalted()
T9B44 327:595.296 - 0.410ms returns FALSE
T778C 327:617.408 JLINK_IsHalted()
T778C 327:617.856 - 0.468ms returns FALSE
T778C 327:617.856 JLINK_IsHalted()
T778C 327:618.304 - 0.422ms returns FALSE
T9B44 327:703.840 JLINK_IsHalted()
T9B44 327:704.352 - 0.512ms returns FALSE
T9B44 327:704.352 JLINK_IsHalted()
T9B44 327:704.800 - 0.460ms returns FALSE
T9B44 327:813.440 JLINK_IsHalted()
T9B44 327:814.976 - 1.537ms returns FALSE
T9B44 327:814.976 JLINK_IsHalted()
T9B44 327:817.184 - 2.195ms returns FALSE
T9B44 327:922.496 JLINK_IsHalted()
T9B44 327:924.800 - 2.297ms returns FALSE
T9B44 327:924.800 JLINK_IsHalted()
T9B44 327:925.376 - 0.565ms returns FALSE
T9B44 328:031.872 JLINK_IsHalted()
T9B44 328:033.600 - 1.723ms returns FALSE
T9B44 328:033.600 JLINK_IsHalted()
T9B44 328:035.648 - 2.016ms returns FALSE
T9B44 328:141.696 JLINK_IsHalted()
T9B44 328:142.272 - 0.602ms returns FALSE
T9B44 328:142.304 JLINK_IsHalted()
T9B44 328:142.848 - 0.544ms returns FALSE
T9B44 328:250.368 JLINK_IsHalted()
T9B44 328:250.848 - 0.489ms returns FALSE
T9B44 328:250.880 JLINK_IsHalted()
T9B44 328:253.248 - 2.363ms returns FALSE
T9B44 328:359.488 JLINK_IsHalted()
T9B44 328:359.904 - 0.423ms returns FALSE
T9B44 328:359.968 JLINK_IsHalted()
T9B44 328:360.288 - 0.352ms returns FALSE
T9B44 328:469.696 JLINK_IsHalted()
T9B44 328:470.176 - 0.452ms returns FALSE
T9B44 328:470.208 JLINK_IsHalted()
T9B44 328:470.624 - 0.427ms returns FALSE
T9B44 328:579.136 JLINK_IsHalted()
T9B44 328:579.744 - 0.579ms returns FALSE
T9B44 328:579.744 JLINK_IsHalted()
T9B44 328:580.160 - 0.430ms returns FALSE
T778C 328:619.008 JLINK_IsHalted()
T778C 328:619.424 - 0.414ms returns FALSE
T778C 328:619.456 JLINK_IsHalted()
T778C 328:619.872 - 0.433ms returns FALSE
T9B44 328:687.584 JLINK_IsHalted()
T9B44 328:688.192 - 0.611ms returns FALSE
T9B44 328:688.192 JLINK_IsHalted()
T9B44 328:688.832 - 0.627ms returns FALSE
T9B44 328:797.376 JLINK_IsHalted()
T9B44 328:797.952 - 0.586ms returns FALSE
T9B44 328:797.984 JLINK_IsHalted()
T9B44 328:798.496 - 0.532ms returns FALSE
T9B44 328:906.816 JLINK_IsHalted()
T9B44 328:908.640 - 1.863ms returns FALSE
T9B44 328:908.704 JLINK_IsHalted()
T9B44 328:909.120 - 0.430ms returns FALSE
T9B44 329:016.448 JLINK_IsHalted()
T9B44 329:017.216 - 0.769ms returns FALSE
T9B44 329:017.248 JLINK_IsHalted()
T9B44 329:017.792 - 0.565ms returns FALSE
T9B44 329:125.568 JLINK_IsHalted()
T9B44 329:126.176 - 0.619ms returns FALSE
T9B44 329:126.208 JLINK_IsHalted()
T9B44 329:126.720 - 0.510ms returns FALSE
T9B44 329:234.656 JLINK_IsHalted()
T9B44 329:235.136 - 0.492ms returns FALSE
T9B44 329:235.168 JLINK_IsHalted()
T9B44 329:235.584 - 0.390ms returns FALSE
T9B44 329:344.256 JLINK_IsHalted()
T9B44 329:344.800 - 0.534ms returns FALSE
T9B44 329:344.800 JLINK_IsHalted()
T9B44 329:345.216 - 0.426ms returns FALSE
T9B44 329:453.216 JLINK_IsHalted()
T9B44 329:453.632 - 0.425ms returns FALSE
T9B44 329:453.632 JLINK_IsHalted()
T9B44 329:453.920 - 0.285ms returns FALSE
T9B44 329:563.232 JLINK_IsHalted()
T9B44 329:565.280 - 2.057ms returns FALSE
T9B44 329:565.376 JLINK_IsHalted()
T9B44 329:566.368 - 0.964ms returns FALSE
T778C 329:620.352 JLINK_IsHalted()
T778C 329:622.976 - 2.609ms returns FALSE
T778C 329:623.008 JLINK_IsHalted()
T778C 329:624.160 - 1.111ms returns FALSE
T9B44 329:672.320 JLINK_IsHalted()
T9B44 329:674.304 - 1.965ms returns FALSE
T9B44 329:674.336 JLINK_IsHalted()
T9B44 329:675.136 - 0.788ms returns FALSE
T9B44 329:781.696 JLINK_IsHalted()
T9B44 329:782.240 - 0.545ms returns FALSE
T9B44 329:782.272 JLINK_IsHalted()
T9B44 329:782.528 - 0.263ms returns FALSE
T9B44 329:891.328 JLINK_IsHalted()
T9B44 329:892.192 - 0.863ms returns FALSE
T9B44 329:892.224 JLINK_IsHalted()
T9B44 329:892.896 - 0.665ms returns FALSE
T9B44 330:000.256 JLINK_IsHalted()
T9B44 330:000.864 - 0.595ms returns FALSE
T9B44 330:000.928 JLINK_IsHalted()
T9B44 330:001.632 - 0.708ms returns FALSE
T9B44 330:109.504 JLINK_IsHalted()
T9B44 330:109.888 - 0.385ms returns FALSE
T9B44 330:109.920 JLINK_IsHalted()
T9B44 330:110.208 - 0.288ms returns FALSE
T9B44 330:219.584 JLINK_IsHalted()
T9B44 330:220.256 - 0.675ms returns FALSE
T9B44 330:220.320 JLINK_IsHalted()
T9B44 330:220.864 - 0.528ms returns FALSE
T9B44 330:328.832 JLINK_IsHalted()
T9B44 330:329.280 - 0.470ms returns FALSE
T9B44 330:329.312 JLINK_IsHalted()
T9B44 330:329.632 - 0.307ms returns FALSE
T9B44 330:438.432 JLINK_IsHalted()
T9B44 330:438.848 - 0.402ms returns FALSE
T9B44 330:438.848 JLINK_IsHalted()
T9B44 330:439.104 - 0.260ms returns FALSE
T9B44 330:547.168 JLINK_IsHalted()
T9B44 330:547.648 - 0.461ms returns FALSE
T9B44 330:547.648 JLINK_IsHalted()
T9B44 330:547.936 - 0.292ms returns FALSE
T778C 330:625.088 JLINK_IsHalted()
T778C 330:625.760 - 0.570ms returns FALSE
T778C 330:625.792 JLINK_IsHalted()
T778C 330:626.272 - 0.461ms returns FALSE
T9B44 330:656.704 JLINK_IsHalted()
T9B44 330:657.344 - 0.620ms returns FALSE
T9B44 330:657.344 JLINK_IsHalted()
T9B44 330:658.112 - 0.764ms returns FALSE
T9B44 330:766.336 JLINK_IsHalted()
T9B44 330:766.784 - 0.453ms returns FALSE
T9B44 330:766.816 JLINK_IsHalted()
T9B44 330:767.136 - 0.309ms returns FALSE
T9B44 330:875.584 JLINK_IsHalted()
T9B44 330:875.936 - 0.372ms returns FALSE
T9B44 330:875.968 JLINK_IsHalted()
T9B44 330:876.256 - 0.292ms returns FALSE
T9B44 330:984.448 JLINK_IsHalted()
T9B44 330:984.896 - 0.449ms returns FALSE
T9B44 330:984.896 JLINK_IsHalted()
T9B44 330:985.248 - 0.326ms returns FALSE
T9B44 331:094.208 JLINK_IsHalted()
T9B44 331:094.688 - 0.479ms returns FALSE
T9B44 331:094.688 JLINK_IsHalted()
T9B44 331:095.040 - 0.334ms returns FALSE
T9B44 331:203.904 JLINK_IsHalted()
T9B44 331:204.576 - 0.669ms returns FALSE
T9B44 331:204.608 JLINK_IsHalted()
T9B44 331:204.960 - 0.356ms returns FALSE
T9B44 331:312.704 JLINK_IsHalted()
T9B44 331:313.280 - 0.594ms returns FALSE
T9B44 331:313.312 JLINK_IsHalted()
T9B44 331:313.856 - 0.559ms returns FALSE
T9B44 331:422.368 JLINK_IsHalted()
T9B44 331:422.976 - 0.620ms returns FALSE
T9B44 331:423.008 JLINK_IsHalted()
T9B44 331:423.424 - 0.401ms returns FALSE
T9B44 331:531.488 JLINK_IsHalted()
T9B44 331:531.968 - 0.468ms returns FALSE
T9B44 331:531.968 JLINK_IsHalted()
T9B44 331:532.288 - 0.315ms returns FALSE
T778C 331:627.776 JLINK_IsHalted()
T778C 331:628.192 - 0.414ms returns FALSE
T778C 331:628.224 JLINK_IsHalted()
T778C 331:628.672 - 0.455ms returns FALSE
T9B44 331:641.440 JLINK_IsHalted()
T9B44 331:641.984 - 0.558ms returns FALSE
T9B44 331:642.016 JLINK_IsHalted()
T9B44 331:642.400 - 0.394ms returns FALSE
T9B44 331:750.720 JLINK_IsHalted()
T9B44 331:751.264 - 0.539ms returns FALSE
T9B44 331:751.264 JLINK_IsHalted()
T9B44 331:751.648 - 0.387ms returns FALSE
T9B44 331:859.904 JLINK_IsHalted()
T9B44 331:860.704 - 0.825ms returns FALSE
T9B44 331:860.768 JLINK_IsHalted()
T9B44 331:861.440 - 0.652ms returns FALSE
T9B44 331:969.472 JLINK_IsHalted()
T9B44 331:970.496 - 1.045ms returns FALSE
T9B44 331:970.528 JLINK_IsHalted()
T9B44 331:971.232 - 0.679ms returns FALSE
T9B44 332:078.912 JLINK_IsHalted()
T9B44 332:079.648 - 0.747ms returns FALSE
T9B44 332:079.680 JLINK_IsHalted()
T9B44 332:080.192 - 0.504ms returns FALSE
T9B44 332:187.680 JLINK_IsHalted()
T9B44 332:188.576 - 0.895ms returns FALSE
T9B44 332:188.640 JLINK_IsHalted()
T9B44 332:189.216 - 0.568ms returns FALSE
T9B44 332:297.408 JLINK_IsHalted()
T9B44 332:298.304 - 0.921ms returns FALSE
T9B44 332:298.368 JLINK_IsHalted()
T9B44 332:299.200 - 0.844ms returns FALSE
T9B44 332:406.720 JLINK_IsHalted()
T9B44 332:407.712 - 0.975ms returns FALSE
T9B44 332:407.744 JLINK_IsHalted()
T9B44 332:409.792 - 2.053ms returns FALSE
T9B44 332:515.808 JLINK_IsHalted()
T9B44 332:516.608 - 0.792ms returns FALSE
T9B44 332:516.672 JLINK_IsHalted()
T9B44 332:517.440 - 0.765ms returns FALSE
T9B44 332:625.472 JLINK_IsHalted()
T9B44 332:626.208 - 0.756ms returns FALSE
T9B44 332:626.272 JLINK_IsHalted()
T9B44 332:626.880 - 0.591ms returns FALSE
T778C 332:629.088 JLINK_IsHalted()
T778C 332:629.920 - 0.820ms returns FALSE
T778C 332:629.952 JLINK_IsHalted()
T778C 332:631.072 - 1.081ms returns FALSE
T9B44 332:735.136 JLINK_IsHalted()
T9B44 332:735.712 - 0.592ms returns FALSE
T9B44 332:735.776 JLINK_IsHalted()
T9B44 332:736.320 - 0.538ms returns FALSE
T9B44 332:844.288 JLINK_IsHalted()
T9B44 332:844.992 - 0.702ms returns FALSE
T9B44 332:845.024 JLINK_IsHalted()
T9B44 332:845.696 - 0.648ms returns FALSE
T9B44 332:954.080 JLINK_IsHalted()
T9B44 332:954.496 - 0.413ms returns FALSE
T9B44 332:954.528 JLINK_IsHalted()
T9B44 332:954.944 - 0.426ms returns FALSE
T9B44 333:063.360 JLINK_IsHalted()
T9B44 333:063.872 - 0.495ms returns FALSE
T9B44 333:063.904 JLINK_IsHalted()
T9B44 333:064.288 - 0.385ms returns FALSE
T9B44 333:172.672 JLINK_IsHalted()
T9B44 333:173.184 - 0.523ms returns FALSE
T9B44 333:173.248 JLINK_IsHalted()
T9B44 333:173.632 - 0.398ms returns FALSE
T9B44 333:281.888 JLINK_IsHalted()
T9B44 333:282.432 - 0.512ms returns FALSE
T9B44 333:282.464 JLINK_IsHalted()
T9B44 333:282.848 - 0.400ms returns FALSE
T9B44 333:391.392 JLINK_IsHalted()
T9B44 333:391.840 - 0.482ms returns FALSE
T9B44 333:391.904 JLINK_IsHalted()
T9B44 333:392.288 - 0.365ms returns FALSE
T9B44 333:500.928 JLINK_IsHalted()
T9B44 333:501.440 - 0.497ms returns FALSE
T9B44 333:501.472 JLINK_IsHalted()
T9B44 333:501.856 - 0.374ms returns FALSE
T9B44 333:610.432 JLINK_IsHalted()
T9B44 333:610.976 - 0.520ms returns FALSE
T9B44 333:611.008 JLINK_IsHalted()
T9B44 333:611.456 - 0.431ms returns FALSE
T778C 333:632.320 JLINK_IsHalted()
T778C 333:632.832 - 0.527ms returns FALSE
T778C 333:632.896 JLINK_IsHalted()
T778C 333:633.344 - 0.423ms returns FALSE
T9B44 333:718.976 JLINK_IsHalted()
T9B44 333:719.520 - 0.532ms returns FALSE
T9B44 333:719.552 JLINK_IsHalted()
T9B44 333:720.000 - 0.435ms returns FALSE
T9B44 333:828.288 JLINK_IsHalted()
T9B44 333:828.832 - 0.543ms returns FALSE
T9B44 333:828.896 JLINK_IsHalted()
T9B44 333:829.280 - 0.399ms returns FALSE
T9B44 333:937.856 JLINK_IsHalted()
T9B44 333:938.368 - 0.530ms returns FALSE
T9B44 333:938.432 JLINK_IsHalted()
T9B44 333:938.816 - 0.394ms returns FALSE
T9B44 334:047.872 JLINK_IsHalted()
T9B44 334:048.384 - 0.495ms returns FALSE
T9B44 334:048.416 JLINK_IsHalted()
T9B44 334:048.832 - 0.414ms returns FALSE
T9B44 334:156.896 JLINK_IsHalted()
T9B44 334:157.376 - 0.471ms returns FALSE
T9B44 334:157.408 JLINK_IsHalted()
T9B44 334:157.728 - 0.329ms returns FALSE
T9B44 334:266.400 JLINK_IsHalted()
T9B44 334:266.944 - 0.533ms returns FALSE
T9B44 334:266.976 JLINK_IsHalted()
T9B44 334:267.392 - 0.408ms returns FALSE
T9B44 334:375.392 JLINK_IsHalted()
T9B44 334:375.904 - 0.520ms returns FALSE
T9B44 334:375.968 JLINK_IsHalted()
T9B44 334:376.384 - 0.438ms returns FALSE
T9B44 334:484.928 JLINK_IsHalted()
T9B44 334:485.472 - 0.558ms returns FALSE
T9B44 334:485.536 JLINK_IsHalted()
T9B44 334:485.920 - 0.390ms returns FALSE
T9B44 334:594.464 JLINK_IsHalted()
T9B44 334:594.816 - 0.368ms returns FALSE
T9B44 334:594.848 JLINK_IsHalted()
T9B44 334:595.136 - 0.295ms returns FALSE
T778C 334:633.760 JLINK_IsHalted()
T778C 334:634.144 - 0.365ms returns FALSE
T778C 334:634.176 JLINK_IsHalted()
T778C 334:634.464 - 0.314ms returns FALSE
T9B44 334:704.064 JLINK_IsHalted()
T9B44 334:704.544 - 0.439ms returns FALSE
T9B44 334:704.544 JLINK_IsHalted()
T9B44 334:704.896 - 0.350ms returns FALSE
T9B44 334:813.504 JLINK_IsHalted()
T9B44 334:813.984 - 0.474ms returns FALSE
T9B44 334:814.016 JLINK_IsHalted()
T9B44 334:814.400 - 0.417ms returns FALSE
T9B44 334:922.656 JLINK_IsHalted()
T9B44 334:923.776 - 1.126ms returns FALSE
T9B44 334:923.808 JLINK_IsHalted()
T9B44 334:924.320 - 0.525ms returns FALSE
T9B44 335:032.320 JLINK_IsHalted()
T9B44 335:032.928 - 0.618ms returns FALSE
T9B44 335:032.928 JLINK_IsHalted()
T9B44 335:033.472 - 0.526ms returns FALSE
T9B44 335:141.696 JLINK_IsHalted()
T9B44 335:142.272 - 0.581ms returns FALSE
T9B44 335:142.304 JLINK_IsHalted()
T9B44 335:142.848 - 0.555ms returns FALSE
T9B44 335:250.752 JLINK_IsHalted()
T9B44 335:251.360 - 0.591ms returns FALSE
T9B44 335:251.360 JLINK_IsHalted()
T9B44 335:251.744 - 0.370ms returns FALSE
T9B44 335:360.192 JLINK_IsHalted()
T9B44 335:360.576 - 0.401ms returns FALSE
T9B44 335:360.608 JLINK_IsHalted()
T9B44 335:360.896 - 0.284ms returns FALSE
T9B44 335:468.864 JLINK_IsHalted()
T9B44 335:469.344 - 0.475ms returns FALSE
T9B44 335:469.344 JLINK_IsHalted()
T9B44 335:469.824 - 0.485ms returns FALSE
T9B44 335:578.368 JLINK_IsHalted()
T9B44 335:579.104 - 0.722ms returns FALSE
T9B44 335:579.136 JLINK_IsHalted()
T9B44 335:579.744 - 0.617ms returns FALSE
T778C 335:635.360 JLINK_IsHalted()
T778C 335:636.000 - 0.643ms returns FALSE
T778C 335:636.032 JLINK_IsHalted()
T778C 335:636.800 - 0.761ms returns FALSE
T9B44 335:687.936 JLINK_IsHalted()
T9B44 335:688.704 - 0.769ms returns FALSE
T9B44 335:688.736 JLINK_IsHalted()
T9B44 335:689.280 - 0.536ms returns FALSE
T9B44 335:797.312 JLINK_IsHalted()
T9B44 335:798.240 - 0.917ms returns FALSE
T9B44 335:798.304 JLINK_IsHalted()
T9B44 335:798.912 - 0.631ms returns FALSE
T9B44 335:906.944 JLINK_IsHalted()
T9B44 335:908.896 - 1.962ms returns FALSE
T9B44 335:908.960 JLINK_IsHalted()
T9B44 335:909.696 - 0.714ms returns FALSE
T9B44 336:016.224 JLINK_IsHalted()
T9B44 336:018.976 - 2.749ms returns FALSE
T9B44 336:019.040 JLINK_IsHalted()
T9B44 336:019.808 - 0.774ms returns FALSE
T9B44 336:125.792 JLINK_IsHalted()
T9B44 336:126.784 - 0.978ms returns FALSE
T9B44 336:126.912 JLINK_IsHalted()
T9B44 336:127.520 - 0.603ms returns FALSE
T9B44 336:235.328 JLINK_IsHalted()
T9B44 336:236.064 - 0.744ms returns FALSE
T9B44 336:236.128 JLINK_IsHalted()
T9B44 336:236.768 - 0.641ms returns FALSE
T9B44 336:344.160 JLINK_IsHalted()
T9B44 336:345.024 - 0.851ms returns FALSE
T9B44 336:345.056 JLINK_IsHalted()
T9B44 336:345.632 - 0.573ms returns FALSE
T9B44 336:454.016 JLINK_IsHalted()
T9B44 336:454.880 - 0.869ms returns FALSE
T9B44 336:454.944 JLINK_IsHalted()
T9B44 336:455.840 - 0.887ms returns FALSE
T9B44 336:563.232 JLINK_IsHalted()
T9B44 336:564.096 - 0.879ms returns FALSE
T9B44 336:564.160 JLINK_IsHalted()
T9B44 336:564.928 - 0.780ms returns FALSE
T778C 336:637.952 JLINK_IsHalted()
T778C 336:638.784 - 0.847ms returns FALSE
T778C 336:638.848 JLINK_IsHalted()
T778C 336:639.552 - 0.707ms returns FALSE
T9B44 336:672.864 JLINK_IsHalted()
T9B44 336:674.496 - 1.628ms returns FALSE
T9B44 336:674.560 JLINK_IsHalted()
T9B44 336:675.264 - 0.681ms returns FALSE
T9B44 336:781.952 JLINK_IsHalted()
T9B44 336:782.816 - 0.884ms returns FALSE
T9B44 336:782.912 JLINK_IsHalted()
T9B44 336:783.616 - 0.718ms returns FALSE
T9B44 336:891.136 JLINK_IsHalted()
T9B44 336:893.152 - 2.009ms returns FALSE
T9B44 336:893.248 JLINK_IsHalted()
T9B44 336:893.888 - 0.652ms returns FALSE
T9B44 337:001.088 JLINK_IsHalted()
T9B44 337:001.824 - 0.737ms returns FALSE
T9B44 337:001.856 JLINK_IsHalted()
T9B44 337:002.304 - 0.427ms returns FALSE
T9B44 337:110.144 JLINK_IsHalted()
T9B44 337:111.040 - 0.886ms returns FALSE
T9B44 337:111.104 JLINK_IsHalted()
T9B44 337:111.744 - 0.656ms returns FALSE
T9B44 337:219.712 JLINK_IsHalted()
T9B44 337:220.608 - 0.892ms returns FALSE
T9B44 337:220.672 JLINK_IsHalted()
T9B44 337:221.184 - 0.511ms returns FALSE
T9B44 337:329.152 JLINK_IsHalted()
T9B44 337:330.016 - 0.870ms returns FALSE
T9B44 337:330.112 JLINK_IsHalted()
T9B44 337:330.816 - 0.725ms returns FALSE
T9B44 337:438.272 JLINK_IsHalted()
T9B44 337:439.040 - 0.748ms returns FALSE
T9B44 337:439.104 JLINK_IsHalted()
T9B44 337:441.024 - 1.911ms returns FALSE
T9B44 337:547.584 JLINK_IsHalted()
T9B44 337:548.256 - 0.670ms returns FALSE
T9B44 337:548.320 JLINK_IsHalted()
T9B44 337:548.928 - 0.612ms returns FALSE
T778C 337:640.256 JLINK_IsHalted()
T778C 337:640.992 - 0.711ms returns FALSE
T778C 337:641.024 JLINK_IsHalted()
T778C 337:641.888 - 0.851ms returns FALSE
T9B44 337:656.672 JLINK_IsHalted()
T9B44 337:657.280 - 0.589ms returns FALSE
T9B44 337:657.280 JLINK_IsHalted()
T9B44 337:657.888 - 0.569ms returns FALSE
T9B44 337:765.984 JLINK_IsHalted()
T9B44 337:766.848 - 0.837ms returns FALSE
T9B44 337:766.944 JLINK_IsHalted()
T9B44 337:769.664 - 2.729ms returns FALSE
T9B44 337:875.904 JLINK_IsHalted()
T9B44 337:876.768 - 0.836ms returns FALSE
T9B44 337:876.800 JLINK_IsHalted()
T9B44 337:877.440 - 0.645ms returns FALSE
T9B44 337:985.216 JLINK_IsHalted()
T9B44 337:985.760 - 0.541ms returns FALSE
T9B44 337:985.792 JLINK_IsHalted()
T9B44 337:986.400 - 0.600ms returns FALSE
T9B44 338:094.752 JLINK_IsHalted()
T9B44 338:095.264 - 0.524ms returns FALSE
T9B44 338:095.296 JLINK_IsHalted()
T9B44 338:095.744 - 0.450ms returns FALSE
T9B44 338:203.968 JLINK_IsHalted()
T9B44 338:204.480 - 0.505ms returns FALSE
T9B44 338:204.480 JLINK_IsHalted()
T9B44 338:205.024 - 0.539ms returns FALSE
T9B44 338:312.800 JLINK_IsHalted()
T9B44 338:313.504 - 0.687ms returns FALSE
T9B44 338:313.536 JLINK_IsHalted()
T9B44 338:314.048 - 0.498ms returns FALSE
T9B44 338:422.720 JLINK_IsHalted()
T9B44 338:424.000 - 1.249ms returns FALSE
T9B44 338:424.000 JLINK_IsHalted()
T9B44 338:424.512 - 0.508ms returns FALSE
T9B44 338:531.680 JLINK_IsHalted()
T9B44 338:532.192 - 0.511ms returns FALSE
T9B44 338:532.192 JLINK_IsHalted()
T9B44 338:532.704 - 0.499ms returns FALSE
T9B44 338:641.120 JLINK_IsHalted()
T9B44 338:641.696 - 0.550ms returns FALSE
T9B44 338:641.728 JLINK_IsHalted()
T9B44 338:642.208 - 0.489ms returns FALSE
T778C 338:642.272 JLINK_IsHalted()
T778C 338:642.656 - 0.376ms returns FALSE
T778C 338:642.656 JLINK_IsHalted()
T778C 338:643.072 - 0.405ms returns FALSE
T9B44 338:751.040 JLINK_IsHalted()
T9B44 338:751.680 - 0.638ms returns FALSE
T9B44 338:751.680 JLINK_IsHalted()
T9B44 338:752.192 - 0.506ms returns FALSE
T9B44 338:859.840 JLINK_IsHalted()
T9B44 338:860.512 - 0.670ms returns FALSE
T9B44 338:860.544 JLINK_IsHalted()
T9B44 338:861.120 - 0.552ms returns FALSE
T9B44 338:969.024 JLINK_IsHalted()
T9B44 338:969.536 - 0.529ms returns FALSE
T9B44 338:969.568 JLINK_IsHalted()
T9B44 338:970.048 - 0.496ms returns FALSE
T9B44 339:078.944 JLINK_IsHalted()
T9B44 339:079.616 - 0.646ms returns FALSE
T9B44 339:079.616 JLINK_IsHalted()
T9B44 339:080.064 - 0.436ms returns FALSE
T9B44 339:187.680 JLINK_IsHalted()
T9B44 339:188.128 - 0.434ms returns FALSE
T9B44 339:188.160 JLINK_IsHalted()
T9B44 339:188.448 - 0.314ms returns FALSE
T9B44 339:297.856 JLINK_IsHalted()
T9B44 339:298.912 - 1.049ms returns FALSE
T9B44 339:299.008 JLINK_IsHalted()
T9B44 339:299.840 - 0.846ms returns FALSE
T9B44 339:407.424 JLINK_IsHalted()
T9B44 339:408.128 - 0.688ms returns FALSE
T9B44 339:408.256 JLINK_IsHalted()
T9B44 339:408.832 - 0.574ms returns FALSE
T9B44 339:516.576 JLINK_IsHalted()
T9B44 339:517.568 - 0.999ms returns FALSE
T9B44 339:517.632 JLINK_IsHalted()
T9B44 339:518.240 - 0.610ms returns FALSE
T9B44 339:625.408 JLINK_IsHalted()
T9B44 339:626.080 - 0.679ms returns FALSE
T9B44 339:626.112 JLINK_IsHalted()
T9B44 339:626.720 - 0.607ms returns FALSE
T778C 339:643.712 JLINK_IsHalted()
T778C 339:644.352 - 0.636ms returns FALSE
T778C 339:644.352 JLINK_IsHalted()
T778C 339:644.896 - 0.535ms returns FALSE
T9B44 339:734.624 JLINK_IsHalted()
T9B44 339:735.200 - 0.557ms returns FALSE
T9B44 339:735.232 JLINK_IsHalted()
T9B44 339:735.680 - 0.460ms returns FALSE
T9B44 339:844.704 JLINK_IsHalted()
T9B44 339:845.280 - 0.543ms returns FALSE
T9B44 339:845.312 JLINK_IsHalted()
T9B44 339:845.696 - 0.406ms returns FALSE
T9B44 339:953.696 JLINK_IsHalted()
T9B44 339:954.368 - 0.711ms returns FALSE
T9B44 339:954.432 JLINK_IsHalted()
T9B44 339:955.008 - 0.575ms returns FALSE
T9B44 340:063.200 JLINK_IsHalted()
T9B44 340:063.808 - 0.610ms returns FALSE
T9B44 340:063.840 JLINK_IsHalted()
T9B44 340:064.352 - 0.501ms returns FALSE
T9B44 340:172.768 JLINK_IsHalted()
T9B44 340:174.080 - 1.281ms returns FALSE
T9B44 340:174.144 JLINK_IsHalted()
T9B44 340:174.784 - 0.639ms returns FALSE
T9B44 340:281.472 JLINK_IsHalted()
T9B44 340:282.048 - 0.593ms returns FALSE
T9B44 340:282.112 JLINK_IsHalted()
T9B44 340:284.416 - 2.309ms returns FALSE
T9B44 340:391.072 JLINK_IsHalted()
T9B44 340:391.744 - 0.661ms returns FALSE
T9B44 340:391.776 JLINK_IsHalted()
T9B44 340:392.320 - 0.553ms returns FALSE
T9B44 340:500.864 JLINK_IsHalted()
T9B44 340:501.312 - 0.461ms returns FALSE
T9B44 340:501.376 JLINK_IsHalted()
T9B44 340:501.696 - 0.338ms returns FALSE
T9B44 340:610.432 JLINK_IsHalted()
T9B44 340:610.880 - 0.471ms returns FALSE
T9B44 340:610.912 JLINK_IsHalted()
T9B44 340:611.264 - 0.341ms returns FALSE
T778C 340:646.208 JLINK_IsHalted()
T778C 340:646.656 - 0.461ms returns FALSE
T778C 340:646.688 JLINK_IsHalted()
T778C 340:647.040 - 0.346ms returns FALSE
T9B44 340:718.976 JLINK_IsHalted()
T9B44 340:719.424 - 0.463ms returns FALSE
T9B44 340:719.456 JLINK_IsHalted()
T9B44 340:719.776 - 0.310ms returns FALSE
T9B44 340:828.544 JLINK_IsHalted()
T9B44 340:828.992 - 0.458ms returns FALSE
T9B44 340:829.024 JLINK_IsHalted()
T9B44 340:829.344 - 0.328ms returns FALSE
T9B44 340:937.664 JLINK_IsHalted()
T9B44 340:938.176 - 0.541ms returns FALSE
T9B44 340:938.240 JLINK_IsHalted()
T9B44 340:938.624 - 0.394ms returns FALSE
T9B44 341:047.904 JLINK_IsHalted()
T9B44 341:048.384 - 0.488ms returns FALSE
T9B44 341:048.416 JLINK_IsHalted()
T9B44 341:048.768 - 0.348ms returns FALSE
T9B44 341:156.480 JLINK_IsHalted()
T9B44 341:156.960 - 0.478ms returns FALSE
T9B44 341:157.024 JLINK_IsHalted()
T9B44 341:157.440 - 0.428ms returns FALSE
T9B44 341:266.048 JLINK_IsHalted()
T9B44 341:266.688 - 0.637ms returns FALSE
T9B44 341:266.720 JLINK_IsHalted()
T9B44 341:267.264 - 0.540ms returns FALSE
T9B44 341:376.256 JLINK_IsHalted()
T9B44 341:376.800 - 0.536ms returns FALSE
T9B44 341:376.832 JLINK_IsHalted()
T9B44 341:377.152 - 0.336ms returns FALSE
T9B44 341:485.280 JLINK_IsHalted()
T9B44 341:485.696 - 0.426ms returns FALSE
T9B44 341:485.760 JLINK_IsHalted()
T9B44 341:486.144 - 0.388ms returns FALSE
T9B44 341:593.984 JLINK_IsHalted()
T9B44 341:594.464 - 0.468ms returns FALSE
T9B44 341:594.496 JLINK_IsHalted()
T9B44 341:594.848 - 0.379ms returns FALSE
T778C 341:647.840 JLINK_IsHalted()
T778C 341:648.320 - 0.489ms returns FALSE
T778C 341:648.384 JLINK_IsHalted()
T778C 341:648.704 - 0.327ms returns FALSE
T9B44 341:703.488 JLINK_IsHalted()
T9B44 341:703.968 - 0.475ms returns FALSE
T9B44 341:704.000 JLINK_IsHalted()
T9B44 341:704.384 - 0.400ms returns FALSE
T9B44 341:812.800 JLINK_IsHalted()
T9B44 341:813.248 - 0.471ms returns FALSE
T9B44 341:813.280 JLINK_IsHalted()
T9B44 341:813.792 - 0.520ms returns FALSE
T9B44 341:922.368 JLINK_IsHalted()
T9B44 341:922.880 - 0.503ms returns FALSE
T9B44 341:922.944 JLINK_IsHalted()
T9B44 341:923.360 - 0.404ms returns FALSE
T9B44 342:031.680 JLINK_IsHalted()
T9B44 342:032.096 - 0.441ms returns FALSE
T9B44 342:032.128 JLINK_IsHalted()
T9B44 342:032.448 - 0.336ms returns FALSE
T9B44 342:141.632 JLINK_IsHalted()
T9B44 342:142.048 - 0.446ms returns FALSE
T9B44 342:142.080 JLINK_IsHalted()
T9B44 342:142.400 - 0.317ms returns FALSE
T9B44 342:250.240 JLINK_IsHalted()
T9B44 342:250.880 - 0.641ms returns FALSE
T9B44 342:250.912 JLINK_IsHalted()
T9B44 342:251.424 - 0.505ms returns FALSE
T9B44 342:359.616 JLINK_IsHalted()
T9B44 342:360.256 - 0.652ms returns FALSE
T9B44 342:360.288 JLINK_IsHalted()
T9B44 342:360.768 - 0.485ms returns FALSE
T9B44 342:469.568 JLINK_IsHalted()
T9B44 342:470.048 - 0.459ms returns FALSE
T9B44 342:470.080 JLINK_IsHalted()
T9B44 342:470.400 - 0.318ms returns FALSE
T9B44 342:579.136 JLINK_IsHalted()
T9B44 342:579.616 - 0.462ms returns FALSE
T9B44 342:579.648 JLINK_IsHalted()
T9B44 342:580.000 - 0.357ms returns FALSE
T778C 342:649.568 JLINK_IsHalted()
T778C 342:650.080 - 0.498ms returns FALSE
T778C 342:650.112 JLINK_IsHalted()
T778C 342:650.496 - 0.395ms returns FALSE
T9B44 342:688.224 JLINK_IsHalted()
T9B44 342:688.672 - 0.443ms returns FALSE
T9B44 342:688.704 JLINK_IsHalted()
T9B44 342:689.024 - 0.336ms returns FALSE
T9B44 342:797.440 JLINK_IsHalted()
T9B44 342:797.920 - 0.488ms returns FALSE
T9B44 342:797.952 JLINK_IsHalted()
T9B44 342:798.272 - 0.321ms returns FALSE
T9B44 342:906.944 JLINK_IsHalted()
T9B44 342:907.584 - 0.640ms returns FALSE
T9B44 342:907.616 JLINK_IsHalted()
T9B44 342:908.032 - 0.389ms returns FALSE
T9B44 343:016.576 JLINK_IsHalted()
T9B44 343:017.120 - 0.524ms returns FALSE
T9B44 343:017.120 JLINK_IsHalted()
T9B44 343:017.472 - 0.353ms returns FALSE
T9B44 343:125.120 JLINK_IsHalted()
T9B44 343:125.568 - 0.462ms returns FALSE
T9B44 343:125.600 JLINK_IsHalted()
T9B44 343:125.952 - 0.329ms returns FALSE
T9B44 343:234.880 JLINK_IsHalted()
T9B44 343:235.392 - 0.502ms returns FALSE
T9B44 343:235.392 JLINK_IsHalted()
T9B44 343:235.776 - 0.373ms returns FALSE
T9B44 343:344.704 JLINK_IsHalted()
T9B44 343:345.280 - 0.587ms returns FALSE
T9B44 343:345.312 JLINK_IsHalted()
T9B44 343:345.664 - 0.375ms returns FALSE
T9B44 343:453.856 JLINK_IsHalted()
T9B44 343:454.208 - 0.379ms returns FALSE
T9B44 343:454.240 JLINK_IsHalted()
T9B44 343:454.560 - 0.331ms returns FALSE
T9B44 343:562.944 JLINK_IsHalted()
T9B44 343:563.360 - 0.447ms returns FALSE
T9B44 343:563.392 JLINK_IsHalted()
T9B44 343:563.744 - 0.365ms returns FALSE
T778C 343:650.752 JLINK_IsHalted()
T778C 343:651.168 - 0.430ms returns FALSE
T778C 343:651.200 JLINK_IsHalted()
T778C 343:651.584 - 0.373ms returns FALSE
T9B44 343:672.480 JLINK_IsHalted()
T9B44 343:672.928 - 0.451ms returns FALSE
T9B44 343:672.960 JLINK_IsHalted()
T9B44 343:673.344 - 0.378ms returns FALSE
T9B44 343:782.048 JLINK_IsHalted()
T9B44 343:782.464 - 0.417ms returns FALSE
T9B44 343:782.496 JLINK_IsHalted()
T9B44 343:782.848 - 0.372ms returns FALSE
T9B44 343:891.136 JLINK_IsHalted()
T9B44 343:891.584 - 0.440ms returns FALSE
T9B44 343:891.648 JLINK_IsHalted()
T9B44 343:891.936 - 0.317ms returns FALSE
T9B44 344:000.672 JLINK_IsHalted()
T9B44 344:001.056 - 0.397ms returns FALSE
T9B44 344:001.088 JLINK_IsHalted()
T9B44 344:001.440 - 0.354ms returns FALSE
T9B44 344:110.272 JLINK_IsHalted()
T9B44 344:110.688 - 0.398ms returns FALSE
T9B44 344:110.720 JLINK_IsHalted()
T9B44 344:111.008 - 0.284ms returns FALSE
T9B44 344:219.328 JLINK_IsHalted()
T9B44 344:219.808 - 0.482ms returns FALSE
T9B44 344:219.840 JLINK_IsHalted()
T9B44 344:220.096 - 0.284ms returns FALSE
T9B44 344:329.088 JLINK_IsHalted()
T9B44 344:329.696 - 0.618ms returns FALSE
T9B44 344:329.728 JLINK_IsHalted()
T9B44 344:330.080 - 0.356ms returns FALSE
T9B44 344:437.824 JLINK_IsHalted()
T9B44 344:438.784 - 0.960ms returns FALSE
T9B44 344:438.816 JLINK_IsHalted()
T9B44 344:439.104 - 0.319ms returns FALSE
T9B44 344:547.264 JLINK_IsHalted()
T9B44 344:547.680 - 0.436ms returns FALSE
T9B44 344:547.712 JLINK_IsHalted()
T9B44 344:548.096 - 0.384ms returns FALSE
T778C 344:652.032 JLINK_IsHalted()
T778C 344:652.576 - 0.532ms returns FALSE
T778C 344:652.608 JLINK_IsHalted()
T778C 344:652.928 - 0.325ms returns FALSE
T9B44 344:656.800 JLINK_IsHalted()
T9B44 344:657.440 - 0.623ms returns FALSE
T9B44 344:657.472 JLINK_IsHalted()
T9B44 344:657.856 - 0.366ms returns FALSE
T9B44 344:766.144 JLINK_IsHalted()
T9B44 344:766.560 - 0.417ms returns FALSE
T9B44 344:766.592 JLINK_IsHalted()
T9B44 344:766.880 - 0.283ms returns FALSE
T9B44 344:875.488 JLINK_IsHalted()
T9B44 344:877.152 - 1.654ms returns FALSE
T9B44 344:877.184 JLINK_IsHalted()
T9B44 344:877.472 - 0.292ms returns FALSE
T9B44 344:984.768 JLINK_IsHalted()
T9B44 344:985.184 - 0.434ms returns FALSE
T9B44 344:985.216 JLINK_IsHalted()
T9B44 344:985.632 - 0.423ms returns FALSE
T9B44 345:094.208 JLINK_IsHalted()
T9B44 345:094.720 - 0.478ms returns FALSE
T9B44 345:094.720 JLINK_IsHalted()
T9B44 345:095.104 - 0.419ms returns FALSE
T9B44 345:203.936 JLINK_IsHalted()
T9B44 345:204.320 - 0.399ms returns FALSE
T9B44 345:204.384 JLINK_IsHalted()
T9B44 345:204.672 - 0.321ms returns FALSE
T9B44 345:312.960 JLINK_IsHalted()
T9B44 345:313.440 - 0.464ms returns FALSE
T9B44 345:313.472 JLINK_IsHalted()
T9B44 345:313.856 - 0.422ms returns FALSE
T9B44 345:422.400 JLINK_IsHalted()
T9B44 345:422.976 - 0.572ms returns FALSE
T9B44 345:423.040 JLINK_IsHalted()
T9B44 345:423.488 - 0.471ms returns FALSE
T9B44 345:532.032 JLINK_IsHalted()
T9B44 345:532.896 - 0.860ms returns FALSE
T9B44 345:532.960 JLINK_IsHalted()
T9B44 345:533.632 - 0.683ms returns FALSE
T9B44 345:641.568 JLINK_IsHalted()
T9B44 345:642.496 - 0.922ms returns FALSE
T9B44 345:642.560 JLINK_IsHalted()
T9B44 345:643.104 - 0.551ms returns FALSE
T778C 345:653.952 JLINK_IsHalted()
T778C 345:654.464 - 0.508ms returns FALSE
T778C 345:654.528 JLINK_IsHalted()
T778C 345:655.168 - 0.628ms returns FALSE
T9B44 345:750.880 JLINK_IsHalted()
T9B44 345:751.808 - 0.916ms returns FALSE
T9B44 345:751.872 JLINK_IsHalted()
T9B44 345:752.544 - 0.680ms returns FALSE
T9B44 345:859.552 JLINK_IsHalted()
T9B44 345:860.352 - 0.777ms returns FALSE
T9B44 345:860.384 JLINK_IsHalted()
T9B44 345:861.024 - 0.644ms returns FALSE
T9B44 345:969.408 JLINK_IsHalted()
T9B44 345:970.208 - 0.801ms returns FALSE
T9B44 345:970.240 JLINK_IsHalted()
T9B44 345:970.880 - 0.610ms returns FALSE
T9B44 346:078.272 JLINK_IsHalted()
T9B44 346:079.072 - 0.819ms returns FALSE
T9B44 346:079.168 JLINK_IsHalted()
T9B44 346:079.872 - 0.711ms returns FALSE
T9B44 346:188.448 JLINK_IsHalted()
T9B44 346:189.344 - 0.891ms returns FALSE
T9B44 346:189.376 JLINK_IsHalted()
T9B44 346:191.040 - 1.658ms returns FALSE
T9B44 346:297.408 JLINK_IsHalted()
T9B44 346:298.144 - 0.729ms returns FALSE
T9B44 346:298.176 JLINK_IsHalted()
T9B44 346:298.720 - 0.533ms returns FALSE
T9B44 346:407.136 JLINK_IsHalted()
T9B44 346:408.128 - 0.970ms returns FALSE
T9B44 346:408.160 JLINK_IsHalted()
T9B44 346:408.704 - 0.555ms returns FALSE
T9B44 346:516.032 JLINK_IsHalted()
T9B44 346:516.480 - 0.456ms returns FALSE
T9B44 346:516.544 JLINK_IsHalted()
T9B44 346:517.024 - 0.485ms returns FALSE
T9B44 346:625.600 JLINK_IsHalted()
T9B44 346:626.176 - 0.587ms returns FALSE
T9B44 346:626.208 JLINK_IsHalted()
T9B44 346:626.688 - 0.483ms returns FALSE
T778C 346:655.968 JLINK_IsHalted()
T778C 346:656.544 - 0.567ms returns FALSE
T778C 346:656.576 JLINK_IsHalted()
T778C 346:657.056 - 0.454ms returns FALSE
T9B44 346:735.168 JLINK_IsHalted()
T9B44 346:735.648 - 0.445ms returns FALSE
T9B44 346:735.680 JLINK_IsHalted()
T9B44 346:737.152 - 1.486ms returns FALSE
T9B44 346:844.768 JLINK_IsHalted()
T9B44 346:845.248 - 0.448ms returns FALSE
T9B44 346:845.248 JLINK_IsHalted()
T9B44 346:845.568 - 0.305ms returns FALSE
T9B44 346:953.440 JLINK_IsHalted()
T9B44 346:954.112 - 0.658ms returns FALSE
T9B44 346:954.144 JLINK_IsHalted()
T9B44 346:954.688 - 0.546ms returns FALSE
T9B44 347:063.328 JLINK_IsHalted()
T9B44 347:063.936 - 0.624ms returns FALSE
T9B44 347:064.000 JLINK_IsHalted()
T9B44 347:064.512 - 0.538ms returns FALSE
T9B44 347:172.192 JLINK_IsHalted()
T9B44 347:173.120 - 0.914ms returns FALSE
T9B44 347:173.152 JLINK_IsHalted()
T9B44 347:174.016 - 0.868ms returns FALSE
T9B44 347:282.112 JLINK_IsHalted()
T9B44 347:282.656 - 0.555ms returns FALSE
T9B44 347:282.656 JLINK_IsHalted()
T9B44 347:283.136 - 0.473ms returns FALSE
T9B44 347:391.040 JLINK_IsHalted()
T9B44 347:391.584 - 0.539ms returns FALSE
T9B44 347:391.616 JLINK_IsHalted()
T9B44 347:392.096 - 0.487ms returns FALSE
T9B44 347:500.736 JLINK_IsHalted()
T9B44 347:501.344 - 0.591ms returns FALSE
T9B44 347:501.376 JLINK_IsHalted()
T9B44 347:501.952 - 0.587ms returns FALSE
T9B44 347:609.696 JLINK_IsHalted()
T9B44 347:610.176 - 0.473ms returns FALSE
T9B44 347:610.208 JLINK_IsHalted()
T9B44 347:610.784 - 0.552ms returns FALSE
T778C 347:658.688 JLINK_IsHalted()
T778C 347:659.328 - 0.643ms returns FALSE
T778C 347:659.360 JLINK_IsHalted()
T778C 347:659.904 - 0.538ms returns FALSE
T9B44 347:719.008 JLINK_IsHalted()
T9B44 347:719.680 - 0.667ms returns FALSE
T9B44 347:719.744 JLINK_IsHalted()
T9B44 347:720.256 - 0.544ms returns FALSE
T9B44 347:828.832 JLINK_IsHalted()
T9B44 347:829.568 - 0.695ms returns FALSE
T9B44 347:829.568 JLINK_IsHalted()
T9B44 347:830.112 - 0.541ms returns FALSE
T9B44 347:937.760 JLINK_IsHalted()
T9B44 347:938.368 - 0.612ms returns FALSE
T9B44 347:938.400 JLINK_IsHalted()
T9B44 347:938.880 - 0.479ms returns FALSE
T9B44 348:047.904 JLINK_IsHalted()
T9B44 348:048.576 - 0.665ms returns FALSE
T9B44 348:048.608 JLINK_IsHalted()
T9B44 348:049.216 - 0.589ms returns FALSE
T9B44 348:157.024 JLINK_IsHalted()
T9B44 348:157.696 - 0.664ms returns FALSE
T9B44 348:157.760 JLINK_IsHalted()
T9B44 348:158.272 - 0.521ms returns FALSE
T9B44 348:265.856 JLINK_IsHalted()
T9B44 348:266.528 - 0.663ms returns FALSE
T9B44 348:266.560 JLINK_IsHalted()
T9B44 348:267.104 - 0.538ms returns FALSE
T9B44 348:375.456 JLINK_IsHalted()
T9B44 348:375.904 - 0.461ms returns FALSE
T9B44 348:375.968 JLINK_IsHalted()
T9B44 348:376.384 - 0.418ms returns FALSE
T9B44 348:485.312 JLINK_IsHalted()
T9B44 348:486.016 - 0.692ms returns FALSE
T9B44 348:486.048 JLINK_IsHalted()
T9B44 348:486.592 - 0.535ms returns FALSE
T9B44 348:594.688 JLINK_IsHalted()
T9B44 348:595.296 - 0.618ms returns FALSE
T9B44 348:595.360 JLINK_IsHalted()
T9B44 348:595.904 - 0.544ms returns FALSE
T778C 348:660.928 JLINK_IsHalted()
T778C 348:661.536 - 0.588ms returns FALSE
T778C 348:661.568 JLINK_IsHalted()
T778C 348:662.048 - 0.459ms returns FALSE
T9B44 348:703.808 JLINK_IsHalted()
T9B44 348:704.448 - 0.661ms returns FALSE
T9B44 348:704.480 JLINK_IsHalted()
T9B44 348:705.120 - 0.653ms returns FALSE
T9B44 348:812.608 JLINK_IsHalted()
T9B44 348:813.280 - 0.658ms returns FALSE
T9B44 348:813.312 JLINK_IsHalted()
T9B44 348:813.888 - 0.585ms returns FALSE
T9B44 348:922.752 JLINK_IsHalted()
T9B44 348:926.080 - 3.330ms returns FALSE
T9B44 348:926.144 JLINK_IsHalted()
T9B44 348:926.688 - 0.567ms returns FALSE
T9B44 349:031.616 JLINK_IsHalted()
T9B44 349:032.128 - 0.530ms returns FALSE
T9B44 349:032.160 JLINK_IsHalted()
T9B44 349:032.640 - 0.480ms returns FALSE
T9B44 349:140.960 JLINK_IsHalted()
T9B44 349:141.408 - 0.436ms returns FALSE
T9B44 349:141.440 JLINK_IsHalted()
T9B44 349:141.920 - 0.487ms returns FALSE
T9B44 349:250.368 JLINK_IsHalted()
T9B44 349:252.320 - 1.957ms returns FALSE
T9B44 349:252.384 JLINK_IsHalted()
T9B44 349:252.864 - 0.497ms returns FALSE
T9B44 349:360.096 JLINK_IsHalted()
T9B44 349:360.640 - 0.540ms returns FALSE
T9B44 349:360.672 JLINK_IsHalted()
T9B44 349:361.216 - 0.538ms returns FALSE
T9B44 349:469.792 JLINK_IsHalted()
T9B44 349:470.400 - 0.613ms returns FALSE
T9B44 349:470.464 JLINK_IsHalted()
T9B44 349:471.040 - 0.579ms returns FALSE
T9B44 349:578.688 JLINK_IsHalted()
T9B44 349:579.328 - 0.627ms returns FALSE
T9B44 349:579.360 JLINK_IsHalted()
T9B44 349:579.840 - 0.497ms returns FALSE
T778C 349:663.008 JLINK_IsHalted()
T778C 349:663.648 - 0.632ms returns FALSE
T778C 349:663.680 JLINK_IsHalted()
T778C 349:664.192 - 0.507ms returns FALSE
T9B44 349:687.616 JLINK_IsHalted()
T9B44 349:688.160 - 0.564ms returns FALSE
T9B44 349:688.192 JLINK_IsHalted()
T9B44 349:689.408 - 1.202ms returns FALSE
T9B44 349:798.080 JLINK_IsHalted()
T9B44 349:798.624 - 0.555ms returns FALSE
T9B44 349:798.656 JLINK_IsHalted()
T9B44 349:799.232 - 0.541ms returns FALSE
T9B44 349:907.040 JLINK_IsHalted()
T9B44 349:907.744 - 0.694ms returns FALSE
T9B44 349:907.776 JLINK_IsHalted()
T9B44 349:908.192 - 0.418ms returns FALSE
T9B44 350:016.384 JLINK_IsHalted()
T9B44 350:018.368 - 1.977ms returns FALSE
T9B44 350:018.400 JLINK_IsHalted()
T9B44 350:020.352 - 1.935ms returns FALSE
T9B44 350:125.248 JLINK_IsHalted()
T9B44 350:125.888 - 0.599ms returns FALSE
T9B44 350:125.888 JLINK_IsHalted()
T9B44 350:126.464 - 0.541ms returns FALSE
T9B44 350:235.296 JLINK_IsHalted()
T9B44 350:235.872 - 0.593ms returns FALSE
T9B44 350:235.936 JLINK_IsHalted()
T9B44 350:236.448 - 0.524ms returns FALSE
T9B44 350:344.224 JLINK_IsHalted()
T9B44 350:344.832 - 0.610ms returns FALSE
T9B44 350:344.864 JLINK_IsHalted()
T9B44 350:345.344 - 0.487ms returns FALSE
T9B44 350:453.920 JLINK_IsHalted()
T9B44 350:454.528 - 0.611ms returns FALSE
T9B44 350:454.560 JLINK_IsHalted()
T9B44 350:455.040 - 0.490ms returns FALSE
T9B44 350:563.264 JLINK_IsHalted()
T9B44 350:564.128 - 0.867ms returns FALSE
T9B44 350:564.256 JLINK_IsHalted()
T9B44 350:564.960 - 0.726ms returns FALSE
T778C 350:665.536 JLINK_IsHalted()
T778C 350:666.240 - 0.709ms returns FALSE
T778C 350:666.336 JLINK_IsHalted()
T778C 350:667.104 - 0.776ms returns FALSE
T9B44 350:672.704 JLINK_IsHalted()
T9B44 350:673.856 - 1.111ms returns FALSE
T9B44 350:673.984 JLINK_IsHalted()
T9B44 350:674.784 - 0.818ms returns FALSE
T9B44 350:781.504 JLINK_IsHalted()
T9B44 350:782.592 - 1.093ms returns FALSE
T9B44 350:782.720 JLINK_IsHalted()
T9B44 350:783.680 - 0.977ms returns FALSE
T9B44 350:891.296 JLINK_IsHalted()
T9B44 350:892.192 - 0.887ms returns FALSE
T9B44 350:892.288 JLINK_IsHalted()
T9B44 350:893.312 - 1.019ms returns FALSE
T9B44 351:001.024 JLINK_IsHalted()
T9B44 351:001.856 - 0.824ms returns FALSE
T9B44 351:001.888 JLINK_IsHalted()
T9B44 351:002.560 - 0.693ms returns FALSE
T9B44 351:109.792 JLINK_IsHalted()
T9B44 351:110.944 - 1.150ms returns FALSE
T9B44 351:111.040 JLINK_IsHalted()
T9B44 351:113.824 - 2.787ms returns FALSE
T9B44 351:219.680 JLINK_IsHalted()
T9B44 351:220.512 - 0.793ms returns FALSE
T9B44 351:220.608 JLINK_IsHalted()
T9B44 351:221.536 - 0.930ms returns FALSE
T9B44 351:328.736 JLINK_IsHalted()
T9B44 351:329.600 - 0.870ms returns FALSE
T9B44 351:329.728 JLINK_IsHalted()
T9B44 351:330.624 - 0.903ms returns FALSE
T9B44 351:438.208 JLINK_IsHalted()
T9B44 351:439.168 - 0.962ms returns FALSE
T9B44 351:439.264 JLINK_IsHalted()
T9B44 351:440.192 - 0.929ms returns FALSE
T9B44 351:547.808 JLINK_IsHalted()
T9B44 351:550.720 - 2.913ms returns FALSE
T9B44 351:550.816 JLINK_IsHalted()
T9B44 351:553.344 - 2.529ms returns FALSE
T9B44 351:657.088 JLINK_IsHalted()
T9B44 351:658.176 - 1.074ms returns FALSE
T9B44 351:658.240 JLINK_IsHalted()
T9B44 351:659.136 - 0.887ms returns FALSE
T778C 351:668.992 JLINK_IsHalted()
T778C 351:669.920 - 0.937ms returns FALSE
T778C 351:670.176 JLINK_IsHalted()
T778C 351:673.024 - 2.839ms returns FALSE
T9B44 351:766.272 JLINK_IsHalted()
T9B44 351:767.168 - 0.888ms returns FALSE
T9B44 351:767.232 JLINK_IsHalted()
T9B44 351:767.872 - 0.646ms returns FALSE
T9B44 351:875.552 JLINK_IsHalted()
T9B44 351:876.384 - 0.822ms returns FALSE
T9B44 351:876.416 JLINK_IsHalted()
T9B44 351:877.056 - 0.588ms returns FALSE
T9B44 351:984.864 JLINK_IsHalted()
T9B44 351:985.728 - 0.819ms returns FALSE
T9B44 351:985.728 JLINK_IsHalted()
T9B44 351:986.496 - 0.736ms returns FALSE
T9B44 352:094.560 JLINK_IsHalted()
T9B44 352:097.280 - 2.709ms returns FALSE
T9B44 352:097.376 JLINK_IsHalted()
T9B44 352:100.320 - 2.921ms returns FALSE
T9B44 352:203.840 JLINK_IsHalted()
T9B44 352:204.480 - 0.623ms returns FALSE
T9B44 352:204.512 JLINK_IsHalted()
T9B44 352:204.992 - 0.468ms returns FALSE
T9B44 352:313.024 JLINK_IsHalted()
T9B44 352:315.008 - 1.978ms returns FALSE
T9B44 352:315.104 JLINK_IsHalted()
T9B44 352:315.808 - 0.680ms returns FALSE
T9B44 352:422.016 JLINK_IsHalted()
T9B44 352:422.592 - 0.578ms returns FALSE
T9B44 352:422.720 JLINK_IsHalted()
T9B44 352:424.192 - 1.465ms returns FALSE
T9B44 352:532.128 JLINK_IsHalted()
T9B44 352:532.960 - 0.867ms returns FALSE
T9B44 352:533.024 JLINK_IsHalted()
T9B44 352:533.440 - 0.423ms returns FALSE
T9B44 352:641.312 JLINK_IsHalted()
T9B44 352:643.808 - 2.515ms returns FALSE
T9B44 352:643.872 JLINK_IsHalted()
T9B44 352:644.800 - 0.907ms returns FALSE
T778C 352:674.368 JLINK_IsHalted()
T778C 352:675.264 - 0.852ms returns FALSE
T778C 352:675.424 JLINK_IsHalted()
T778C 352:676.320 - 0.894ms returns FALSE
T9B44 352:751.008 JLINK_IsHalted()
T9B44 352:751.776 - 0.769ms returns FALSE
T9B44 352:751.840 JLINK_IsHalted()
T9B44 352:752.512 - 0.661ms returns FALSE
T9B44 352:859.968 JLINK_IsHalted()
T9B44 352:860.864 - 0.938ms returns FALSE
T9B44 352:860.960 JLINK_IsHalted()
T9B44 352:861.856 - 0.888ms returns FALSE
T9B44 352:969.696 JLINK_IsHalted()
T9B44 352:970.560 - 0.830ms returns FALSE
T9B44 352:970.592 JLINK_IsHalted()
T9B44 352:971.264 - 0.654ms returns FALSE
T9B44 353:078.432 JLINK_IsHalted()
T9B44 353:079.008 - 0.578ms returns FALSE
T9B44 353:079.040 JLINK_IsHalted()
T9B44 353:079.712 - 0.653ms returns FALSE
T9B44 353:188.448 JLINK_IsHalted()
T9B44 353:188.928 - 0.468ms returns FALSE
T9B44 353:188.928 JLINK_IsHalted()
T9B44 353:189.280 - 0.328ms returns FALSE
T9B44 353:297.632 JLINK_IsHalted()
T9B44 353:298.080 - 0.448ms returns FALSE
T9B44 353:298.112 JLINK_IsHalted()
T9B44 353:298.688 - 0.591ms returns FALSE
T9B44 353:407.168 JLINK_IsHalted()
T9B44 353:407.808 - 0.631ms returns FALSE
T9B44 353:407.840 JLINK_IsHalted()
T9B44 353:408.192 - 0.339ms returns FALSE
T9B44 353:516.352 JLINK_IsHalted()
T9B44 353:516.896 - 0.568ms returns FALSE
T9B44 353:516.896 JLINK_IsHalted()
T9B44 353:517.312 - 0.408ms returns FALSE
T9B44 353:625.280 JLINK_IsHalted()
T9B44 353:625.632 - 0.375ms returns FALSE
T9B44 353:625.664 JLINK_IsHalted()
T9B44 353:625.920 - 0.291ms returns FALSE
T778C 353:677.376 JLINK_IsHalted()
T778C 353:677.792 - 0.432ms returns FALSE
T778C 353:677.824 JLINK_IsHalted()
T778C 353:678.240 - 0.424ms returns FALSE
T9B44 353:735.040 JLINK_IsHalted()
T9B44 353:736.832 - 1.794ms returns FALSE
T9B44 353:736.864 JLINK_IsHalted()
T9B44 353:737.312 - 0.455ms returns FALSE
T9B44 353:844.160 JLINK_IsHalted()
T9B44 353:844.864 - 0.688ms returns FALSE
T9B44 353:844.896 JLINK_IsHalted()
T9B44 353:845.344 - 0.470ms returns FALSE
T9B44 353:954.272 JLINK_IsHalted()
T9B44 353:954.752 - 0.451ms returns FALSE
T9B44 353:954.752 JLINK_IsHalted()
T9B44 353:955.232 - 0.463ms returns FALSE
T9B44 354:063.040 JLINK_IsHalted()
T9B44 354:063.488 - 0.451ms returns FALSE
T9B44 354:063.520 JLINK_IsHalted()
T9B44 354:063.904 - 0.384ms returns FALSE
T9B44 354:172.704 JLINK_IsHalted()
T9B44 354:173.280 - 0.600ms returns FALSE
T9B44 354:173.312 JLINK_IsHalted()
T9B44 354:173.792 - 0.485ms returns FALSE
T9B44 354:281.408 JLINK_IsHalted()
T9B44 354:281.920 - 0.520ms returns FALSE
T9B44 354:281.952 JLINK_IsHalted()
T9B44 354:282.368 - 0.404ms returns FALSE
T9B44 354:391.008 JLINK_IsHalted()
T9B44 354:391.488 - 0.456ms returns FALSE
T9B44 354:391.488 JLINK_IsHalted()
T9B44 354:391.968 - 0.442ms returns FALSE
T9B44 354:500.576 JLINK_IsHalted()
T9B44 354:501.056 - 0.479ms returns FALSE
T9B44 354:501.088 JLINK_IsHalted()
T9B44 354:501.504 - 0.399ms returns FALSE
T9B44 354:610.112 JLINK_IsHalted()
T9B44 354:610.624 - 0.519ms returns FALSE
T9B44 354:610.656 JLINK_IsHalted()
T9B44 354:611.104 - 0.429ms returns FALSE
T778C 354:678.848 JLINK_IsHalted()
T778C 354:679.360 - 0.512ms returns FALSE
T778C 354:679.360 JLINK_IsHalted()
T778C 354:679.776 - 0.403ms returns FALSE
T9B44 354:718.912 JLINK_IsHalted()
T9B44 354:719.296 - 0.388ms returns FALSE
T9B44 354:719.296 JLINK_IsHalted()
T9B44 354:719.712 - 0.408ms returns FALSE
T9B44 354:828.640 JLINK_IsHalted()
T9B44 354:829.120 - 0.454ms returns FALSE
T9B44 354:829.120 JLINK_IsHalted()
T9B44 354:829.600 - 0.457ms returns FALSE
T9B44 354:938.144 JLINK_IsHalted()
T9B44 354:938.688 - 0.532ms returns FALSE
T9B44 354:938.688 JLINK_IsHalted()
T9B44 354:939.328 - 0.602ms returns FALSE
T9B44 355:047.616 JLINK_IsHalted()
T9B44 355:048.032 - 0.395ms returns FALSE
T9B44 355:048.064 JLINK_IsHalted()
T9B44 355:048.544 - 0.481ms returns FALSE
T9B44 355:156.672 JLINK_IsHalted()
T9B44 355:157.152 - 0.444ms returns FALSE
T9B44 355:157.184 JLINK_IsHalted()
T9B44 355:157.568 - 0.414ms returns FALSE
T9B44 355:266.176 JLINK_IsHalted()
T9B44 355:268.192 - 2.035ms returns FALSE
T9B44 355:268.256 JLINK_IsHalted()
T9B44 355:268.928 - 0.666ms returns FALSE
T9B44 355:376.192 JLINK_IsHalted()
T9B44 355:377.152 - 0.962ms returns FALSE
T9B44 355:377.216 JLINK_IsHalted()
T9B44 355:379.072 - 1.830ms returns FALSE
T9B44 355:486.240 JLINK_IsHalted()
T9B44 355:487.424 - 1.198ms returns FALSE
T9B44 355:487.552 JLINK_IsHalted()
T9B44 355:488.288 - 0.725ms returns FALSE
T9B44 355:594.368 JLINK_IsHalted()
T9B44 355:595.200 - 0.816ms returns FALSE
T9B44 355:595.232 JLINK_IsHalted()
T9B44 355:596.032 - 0.786ms returns FALSE
T778C 355:680.576 JLINK_IsHalted()
T778C 355:681.536 - 0.944ms returns FALSE
T778C 355:681.728 JLINK_IsHalted()
T778C 355:682.624 - 0.869ms returns FALSE
T9B44 355:704.064 JLINK_IsHalted()
T9B44 355:706.816 - 2.767ms returns FALSE
T9B44 355:706.912 JLINK_IsHalted()
T9B44 355:708.864 - 1.973ms returns FALSE
T9B44 355:813.696 JLINK_IsHalted()
T9B44 355:814.624 - 0.948ms returns FALSE
T9B44 355:814.688 JLINK_IsHalted()
T9B44 355:815.200 - 0.527ms returns FALSE
T9B44 355:922.144 JLINK_IsHalted()
T9B44 355:922.976 - 0.805ms returns FALSE
T9B44 355:923.008 JLINK_IsHalted()
T9B44 355:923.648 - 0.606ms returns FALSE
T9B44 356:031.648 JLINK_IsHalted()
T9B44 356:032.512 - 0.867ms returns FALSE
T9B44 356:032.576 JLINK_IsHalted()
T9B44 356:033.280 - 0.726ms returns FALSE
T9B44 356:141.632 JLINK_IsHalted()
T9B44 356:142.272 - 0.627ms returns FALSE
T9B44 356:142.336 JLINK_IsHalted()
T9B44 356:143.008 - 0.663ms returns FALSE
T9B44 356:251.104 JLINK_IsHalted()
T9B44 356:251.968 - 0.879ms returns FALSE
T9B44 356:252.064 JLINK_IsHalted()
T9B44 356:252.736 - 0.706ms returns FALSE
T9B44 356:360.000 JLINK_IsHalted()
T9B44 356:362.112 - 2.105ms returns FALSE
T9B44 356:362.176 JLINK_IsHalted()
T9B44 356:362.816 - 0.649ms returns FALSE
T9B44 356:469.536 JLINK_IsHalted()
T9B44 356:470.176 - 0.640ms returns FALSE
T9B44 356:470.208 JLINK_IsHalted()
T9B44 356:470.528 - 0.350ms returns FALSE
T9B44 356:578.400 JLINK_IsHalted()
T9B44 356:578.944 - 0.537ms returns FALSE
T9B44 356:578.976 JLINK_IsHalted()
T9B44 356:579.424 - 0.458ms returns FALSE
T778C 356:683.648 JLINK_IsHalted()
T778C 356:686.624 - 2.962ms returns FALSE
T778C 356:686.656 JLINK_IsHalted()
T778C 356:687.040 - 0.372ms returns FALSE
T9B44 356:688.352 JLINK_IsHalted()
T9B44 356:688.896 - 0.526ms returns FALSE
T9B44 356:688.928 JLINK_IsHalted()
T9B44 356:689.632 - 0.737ms returns FALSE
T9B44 356:797.568 JLINK_IsHalted()
T9B44 356:798.080 - 0.488ms returns FALSE
T9B44 356:798.080 JLINK_IsHalted()
T9B44 356:798.592 - 0.514ms returns FALSE
T9B44 356:907.200 JLINK_IsHalted()
T9B44 356:908.096 - 0.872ms returns FALSE
T9B44 356:908.096 JLINK_IsHalted()
T9B44 356:908.512 - 0.405ms returns FALSE
T9B44 357:016.384 JLINK_IsHalted()
T9B44 357:016.832 - 0.465ms returns FALSE
T9B44 357:016.864 JLINK_IsHalted()
T9B44 357:017.184 - 0.330ms returns FALSE
T9B44 357:125.760 JLINK_IsHalted()
T9B44 357:126.208 - 0.465ms returns FALSE
T9B44 357:126.240 JLINK_IsHalted()
T9B44 357:126.592 - 0.350ms returns FALSE
T9B44 357:234.528 JLINK_IsHalted()
T9B44 357:235.552 - 1.024ms returns FALSE
T9B44 357:235.584 JLINK_IsHalted()
T9B44 357:236.896 - 1.308ms returns FALSE
T9B44 357:344.832 JLINK_IsHalted()
T9B44 357:345.376 - 0.563ms returns FALSE
T9B44 357:345.408 JLINK_IsHalted()
T9B44 357:345.792 - 0.387ms returns FALSE
T9B44 357:453.760 JLINK_IsHalted()
T9B44 357:454.176 - 0.422ms returns FALSE
T9B44 357:454.176 JLINK_IsHalted()
T9B44 357:454.624 - 0.420ms returns FALSE
T9B44 357:563.104 JLINK_IsHalted()
T9B44 357:563.584 - 0.463ms returns FALSE
T9B44 357:563.584 JLINK_IsHalted()
T9B44 357:563.968 - 0.394ms returns FALSE
T9B44 357:672.480 JLINK_IsHalted()
T9B44 357:674.208 - 1.734ms returns FALSE
T9B44 357:674.240 JLINK_IsHalted()
T9B44 357:674.880 - 0.632ms returns FALSE
T778C 357:687.968 JLINK_IsHalted()
T778C 357:688.512 - 0.534ms returns FALSE
T778C 357:688.512 JLINK_IsHalted()
T778C 357:689.120 - 0.585ms returns FALSE
T9B44 357:781.792 JLINK_IsHalted()
T9B44 357:782.272 - 0.467ms returns FALSE
T9B44 357:782.272 JLINK_IsHalted()
T9B44 357:782.752 - 0.485ms returns FALSE
T9B44 357:891.392 JLINK_IsHalted()
T9B44 357:891.968 - 0.592ms returns FALSE
T9B44 357:892.032 JLINK_IsHalted()
T9B44 357:892.640 - 0.599ms returns FALSE
T9B44 358:000.832 JLINK_IsHalted()
T9B44 358:001.376 - 0.545ms returns FALSE
T9B44 358:001.376 JLINK_IsHalted()
T9B44 358:001.792 - 0.395ms returns FALSE
T9B44 358:109.728 JLINK_IsHalted()
T9B44 358:112.512 - 2.780ms returns FALSE
T9B44 358:112.544 JLINK_IsHalted()
T9B44 358:112.992 - 0.472ms returns FALSE
T9B44 358:219.744 JLINK_IsHalted()
T9B44 358:220.384 - 0.644ms returns FALSE
T9B44 358:220.416 JLINK_IsHalted()
T9B44 358:220.800 - 0.374ms returns FALSE
T9B44 358:328.864 JLINK_IsHalted()
T9B44 358:329.376 - 0.493ms returns FALSE
T9B44 358:329.408 JLINK_IsHalted()
T9B44 358:329.824 - 0.449ms returns FALSE
T9B44 358:437.600 JLINK_IsHalted()
T9B44 358:440.384 - 2.794ms returns FALSE
T9B44 358:440.416 JLINK_IsHalted()
T9B44 358:441.120 - 0.695ms returns FALSE
T9B44 358:547.104 JLINK_IsHalted()
T9B44 358:547.616 - 0.517ms returns FALSE
T9B44 358:547.648 JLINK_IsHalted()
T9B44 358:548.224 - 0.574ms returns FALSE
T9B44 358:657.248 JLINK_IsHalted()
T9B44 358:657.728 - 0.492ms returns FALSE
T9B44 358:657.760 JLINK_IsHalted()
T9B44 358:658.176 - 0.412ms returns FALSE
T778C 358:690.080 JLINK_IsHalted()
T778C 358:690.592 - 0.502ms returns FALSE
T778C 358:690.624 JLINK_IsHalted()
T778C 358:691.008 - 0.409ms returns FALSE
T9B44 358:765.728 JLINK_IsHalted()
T9B44 358:766.144 - 0.437ms returns FALSE
T9B44 358:766.176 JLINK_IsHalted()
T9B44 358:766.656 - 0.448ms returns FALSE
T9B44 358:875.584 JLINK_IsHalted()
T9B44 358:876.128 - 0.552ms returns FALSE
T9B44 358:876.128 JLINK_IsHalted()
T9B44 358:876.512 - 0.381ms returns FALSE
T9B44 358:984.704 JLINK_IsHalted()
T9B44 358:985.280 - 0.555ms returns FALSE
T9B44 358:985.280 JLINK_IsHalted()
T9B44 358:985.728 - 0.431ms returns FALSE
T9B44 359:094.048 JLINK_IsHalted()
T9B44 359:094.880 - 0.840ms returns FALSE
T9B44 359:094.912 JLINK_IsHalted()
T9B44 359:095.584 - 0.647ms returns FALSE
T9B44 359:204.992 JLINK_IsHalted()
T9B44 359:205.760 - 0.769ms returns FALSE
T9B44 359:205.824 JLINK_IsHalted()
T9B44 359:207.808 - 1.969ms returns FALSE
T9B44 359:313.184 JLINK_IsHalted()
T9B44 359:314.048 - 0.852ms returns FALSE
T9B44 359:314.112 JLINK_IsHalted()
T9B44 359:315.008 - 0.883ms returns FALSE
T9B44 359:422.400 JLINK_IsHalted()
T9B44 359:425.632 - 3.251ms returns FALSE
T9B44 359:425.728 JLINK_IsHalted()
T9B44 359:426.304 - 0.582ms returns FALSE
T9B44 359:532.096 JLINK_IsHalted()
T9B44 359:532.704 - 0.618ms returns FALSE
T9B44 359:532.736 JLINK_IsHalted()
T9B44 359:533.216 - 0.456ms returns FALSE
T9B44 359:641.280 JLINK_IsHalted()
T9B44 359:641.920 - 0.658ms returns FALSE
T9B44 359:641.952 JLINK_IsHalted()
T9B44 359:642.336 - 0.370ms returns FALSE
T778C 359:691.776 JLINK_IsHalted()
T778C 359:692.448 - 0.656ms returns FALSE
T778C 359:692.480 JLINK_IsHalted()
T778C 359:692.896 - 0.420ms returns FALSE
T9B44 359:750.336 JLINK_IsHalted()
T9B44 359:750.976 - 0.632ms returns FALSE
T9B44 359:751.008 JLINK_IsHalted()
T9B44 359:751.424 - 0.416ms returns FALSE
T9B44 359:859.776 JLINK_IsHalted()
T9B44 359:860.480 - 0.700ms returns FALSE
T9B44 359:860.544 JLINK_IsHalted()
T9B44 359:861.088 - 0.553ms returns FALSE
T9B44 359:969.056 JLINK_IsHalted()
T9B44 359:969.664 - 0.630ms returns FALSE
T9B44 359:969.728 JLINK_IsHalted()
T9B44 359:970.272 - 0.560ms returns FALSE
T9B44 360:078.240 JLINK_IsHalted()
T9B44 360:078.912 - 0.701ms returns FALSE
T9B44 360:078.976 JLINK_IsHalted()
T9B44 360:079.552 - 0.562ms returns FALSE
T9B44 360:189.056 JLINK_IsHalted()
T9B44 360:189.632 - 0.561ms returns FALSE
T9B44 360:189.664 JLINK_IsHalted()
T9B44 360:190.240 - 0.559ms returns FALSE
T9B44 360:297.888 JLINK_IsHalted()
T9B44 360:298.464 - 0.583ms returns FALSE
T9B44 360:298.528 JLINK_IsHalted()
T9B44 360:298.976 - 0.455ms returns FALSE
T9B44 360:407.296 JLINK_IsHalted()
T9B44 360:408.000 - 0.706ms returns FALSE
T9B44 360:408.032 JLINK_IsHalted()
T9B44 360:408.576 - 0.549ms returns FALSE
T9B44 360:515.872 JLINK_IsHalted()
T9B44 360:516.416 - 0.536ms returns FALSE
T9B44 360:516.448 JLINK_IsHalted()
T9B44 360:516.992 - 0.553ms returns FALSE
T9B44 360:625.984 JLINK_IsHalted()
T9B44 360:626.432 - 0.464ms returns FALSE
T9B44 360:626.496 JLINK_IsHalted()
T9B44 360:627.040 - 0.555ms returns FALSE
T778C 360:693.440 JLINK_IsHalted()
T778C 360:694.080 - 0.669ms returns FALSE
T778C 360:694.144 JLINK_IsHalted()
T778C 360:694.720 - 0.591ms returns FALSE
T9B44 360:735.040 JLINK_IsHalted()
T9B44 360:735.808 - 0.805ms returns FALSE
T9B44 360:735.840 JLINK_IsHalted()
T9B44 360:736.416 - 0.554ms returns FALSE
T9B44 360:844.128 JLINK_IsHalted()
T9B44 360:844.992 - 0.854ms returns FALSE
T9B44 360:845.056 JLINK_IsHalted()
T9B44 360:845.920 - 0.858ms returns FALSE
T9B44 360:954.208 JLINK_IsHalted()
T9B44 360:955.040 - 0.809ms returns FALSE
T9B44 360:955.072 JLINK_IsHalted()
T9B44 360:955.968 - 0.876ms returns FALSE
T9B44 361:063.200 JLINK_IsHalted()
T9B44 361:063.840 - 0.645ms returns FALSE
T9B44 361:063.872 JLINK_IsHalted()
T9B44 361:064.512 - 0.668ms returns FALSE
T9B44 361:172.160 JLINK_IsHalted()
T9B44 361:172.800 - 0.658ms returns FALSE
T9B44 361:172.864 JLINK_IsHalted()
T9B44 361:175.072 - 2.197ms returns FALSE
T9B44 361:282.240 JLINK_IsHalted()
T9B44 361:283.136 - 0.909ms returns FALSE
T9B44 361:283.200 JLINK_IsHalted()
T9B44 361:283.904 - 0.729ms returns FALSE
T9B44 361:391.808 JLINK_IsHalted()
T9B44 361:392.576 - 0.803ms returns FALSE
T9B44 361:392.640 JLINK_IsHalted()
T9B44 361:393.120 - 0.498ms returns FALSE
T9B44 361:501.088 JLINK_IsHalted()
T9B44 361:502.016 - 0.911ms returns FALSE
T9B44 361:502.048 JLINK_IsHalted()
T9B44 361:502.848 - 0.781ms returns FALSE
T9B44 361:609.984 JLINK_IsHalted()
T9B44 361:610.912 - 0.921ms returns FALSE
T9B44 361:610.944 JLINK_IsHalted()
T9B44 361:611.584 - 0.655ms returns FALSE
T778C 361:695.616 JLINK_IsHalted()
T778C 361:696.384 - 0.778ms returns FALSE
T778C 361:696.448 JLINK_IsHalted()
T778C 361:697.312 - 0.858ms returns FALSE
T9B44 361:719.360 JLINK_IsHalted()
T9B44 361:720.416 - 1.037ms returns FALSE
T9B44 361:720.448 JLINK_IsHalted()
T9B44 361:721.216 - 0.773ms returns FALSE
T9B44 361:829.184 JLINK_IsHalted()
T9B44 361:829.888 - 0.713ms returns FALSE
T9B44 361:829.952 JLINK_IsHalted()
T9B44 361:830.848 - 0.900ms returns FALSE
T9B44 361:938.464 JLINK_IsHalted()
T9B44 361:940.960 - 2.500ms returns FALSE
T9B44 361:941.024 JLINK_IsHalted()
T9B44 361:941.760 - 0.731ms returns FALSE
T9B44 362:047.200 JLINK_IsHalted()
T9B44 362:048.224 - 1.020ms returns FALSE
T9B44 362:048.288 JLINK_IsHalted()
T9B44 362:049.152 - 0.869ms returns FALSE
T9B44 362:157.312 JLINK_IsHalted()
T9B44 362:158.048 - 0.727ms returns FALSE
T9B44 362:158.112 JLINK_IsHalted()
T9B44 362:158.912 - 0.819ms returns FALSE
T9B44 362:266.400 JLINK_IsHalted()
T9B44 362:267.296 - 0.906ms returns FALSE
T9B44 362:267.360 JLINK_IsHalted()
T9B44 362:268.096 - 0.750ms returns FALSE
T9B44 362:375.712 JLINK_IsHalted()
T9B44 362:376.448 - 0.736ms returns FALSE
T9B44 362:376.480 JLINK_IsHalted()
T9B44 362:376.928 - 0.464ms returns FALSE
T9B44 362:484.704 JLINK_IsHalted()
T9B44 362:486.976 - 2.251ms returns FALSE
T9B44 362:487.072 JLINK_IsHalted()
T9B44 362:487.712 - 0.651ms returns FALSE
T9B44 362:594.368 JLINK_IsHalted()
T9B44 362:595.040 - 0.644ms returns FALSE
T9B44 362:595.104 JLINK_IsHalted()
T9B44 362:595.776 - 0.666ms returns FALSE
T778C 362:698.368 JLINK_IsHalted()
T778C 362:698.880 - 0.529ms returns FALSE
T778C 362:698.944 JLINK_IsHalted()
T778C 362:699.456 - 0.494ms returns FALSE
T9B44 362:703.936 JLINK_IsHalted()
T9B44 362:704.672 - 0.737ms returns FALSE
T9B44 362:704.704 JLINK_IsHalted()
T9B44 362:705.280 - 0.569ms returns FALSE
T9B44 362:812.736 JLINK_IsHalted()
T9B44 362:813.248 - 0.536ms returns FALSE
T9B44 362:813.280 JLINK_IsHalted()
T9B44 362:813.760 - 0.476ms returns FALSE
T9B44 362:922.464 JLINK_IsHalted()
T9B44 362:922.944 - 0.491ms returns FALSE
T9B44 362:922.976 JLINK_IsHalted()
T9B44 362:923.552 - 0.559ms returns FALSE
T9B44 363:031.616 JLINK_IsHalted()
T9B44 363:032.000 - 0.394ms returns FALSE
T9B44 363:032.000 JLINK_IsHalted()
T9B44 363:032.288 - 0.279ms returns FALSE
T9B44 363:141.056 JLINK_IsHalted()
T9B44 363:141.568 - 0.513ms returns FALSE
T9B44 363:141.568 JLINK_IsHalted()
T9B44 363:141.984 - 0.408ms returns FALSE
T9B44 363:250.752 JLINK_IsHalted()
T9B44 363:251.296 - 0.552ms returns FALSE
T9B44 363:251.296 JLINK_IsHalted()
T9B44 363:251.680 - 0.378ms returns FALSE
T9B44 363:359.808 JLINK_IsHalted()
T9B44 363:360.288 - 0.453ms returns FALSE
T9B44 363:360.288 JLINK_IsHalted()
T9B44 363:360.736 - 0.449ms returns FALSE
T9B44 363:469.216 JLINK_IsHalted()
T9B44 363:469.728 - 0.532ms returns FALSE
T9B44 363:469.760 JLINK_IsHalted()
T9B44 363:471.872 - 2.127ms returns FALSE
T9B44 363:578.560 JLINK_IsHalted()
T9B44 363:579.136 - 0.570ms returns FALSE
T9B44 363:579.168 JLINK_IsHalted()
T9B44 363:579.680 - 0.505ms returns FALSE
T9B44 363:688.000 JLINK_IsHalted()
T9B44 363:688.640 - 0.644ms returns FALSE
T9B44 363:688.672 JLINK_IsHalted()
T9B44 363:689.184 - 0.528ms returns FALSE
T778C 363:699.520 JLINK_IsHalted()
T778C 363:699.968 - 0.456ms returns FALSE
T778C 363:699.968 JLINK_IsHalted()
T778C 363:700.352 - 0.378ms returns FALSE
T9B44 363:797.696 JLINK_IsHalted()
T9B44 363:798.368 - 0.669ms returns FALSE
T9B44 363:798.368 JLINK_IsHalted()
T9B44 363:798.880 - 0.491ms returns FALSE
T9B44 363:907.136 JLINK_IsHalted()
T9B44 363:907.680 - 0.544ms returns FALSE
T9B44 363:907.712 JLINK_IsHalted()
T9B44 363:908.160 - 0.440ms returns FALSE
T9B44 364:015.968 JLINK_IsHalted()
T9B44 364:016.480 - 0.531ms returns FALSE
T9B44 364:016.512 JLINK_IsHalted()
T9B44 364:016.992 - 0.470ms returns FALSE
T9B44 364:125.760 JLINK_IsHalted()
T9B44 364:126.272 - 0.509ms returns FALSE
T9B44 364:126.272 JLINK_IsHalted()
T9B44 364:126.688 - 0.406ms returns FALSE
T9B44 364:234.528 JLINK_IsHalted()
T9B44 364:234.976 - 0.445ms returns FALSE
T9B44 364:234.976 JLINK_IsHalted()
T9B44 364:235.392 - 0.401ms returns FALSE
T9B44 364:344.128 JLINK_IsHalted()
T9B44 364:344.640 - 0.547ms returns FALSE
T9B44 364:344.672 JLINK_IsHalted()
T9B44 364:345.088 - 0.416ms returns FALSE
T9B44 364:453.792 JLINK_IsHalted()
T9B44 364:454.336 - 0.522ms returns FALSE
T9B44 364:454.336 JLINK_IsHalted()
T9B44 364:454.720 - 0.415ms returns FALSE
T9B44 364:562.752 JLINK_IsHalted()
T9B44 364:563.392 - 0.637ms returns FALSE
T9B44 364:563.424 JLINK_IsHalted()
T9B44 364:563.904 - 0.456ms returns FALSE
T9B44 364:672.352 JLINK_IsHalted()
T9B44 364:672.864 - 0.515ms returns FALSE
T9B44 364:672.896 JLINK_IsHalted()
T9B44 364:673.600 - 0.723ms returns FALSE
T778C 364:700.896 JLINK_IsHalted()
T778C 364:701.344 - 0.419ms returns FALSE
T778C 364:701.376 JLINK_IsHalted()
T778C 364:701.760 - 0.394ms returns FALSE
T9B44 364:781.760 JLINK_IsHalted()
T9B44 364:782.240 - 0.481ms returns FALSE
T9B44 364:782.272 JLINK_IsHalted()
T9B44 364:782.656 - 0.401ms returns FALSE
T9B44 364:890.976 JLINK_IsHalted()
T9B44 364:891.712 - 0.706ms returns FALSE
T9B44 364:891.744 JLINK_IsHalted()
T9B44 364:892.384 - 0.641ms returns FALSE
T9B44 365:000.480 JLINK_IsHalted()
T9B44 365:001.280 - 0.795ms returns FALSE
T9B44 365:001.312 JLINK_IsHalted()
T9B44 365:001.728 - 0.412ms returns FALSE
T9B44 365:109.984 JLINK_IsHalted()
T9B44 365:110.912 - 0.899ms returns FALSE
T9B44 365:110.976 JLINK_IsHalted()
T9B44 365:111.392 - 0.438ms returns FALSE
T9B44 365:219.264 JLINK_IsHalted()
T9B44 365:220.160 - 0.881ms returns FALSE
T9B44 365:220.224 JLINK_IsHalted()
T9B44 365:220.928 - 0.717ms returns FALSE
T9B44 365:329.088 JLINK_IsHalted()
T9B44 365:329.728 - 0.614ms returns FALSE
T9B44 365:329.760 JLINK_IsHalted()
T9B44 365:330.368 - 0.584ms returns FALSE
T9B44 365:437.824 JLINK_IsHalted()
T9B44 365:438.816 - 1.005ms returns FALSE
T9B44 365:438.912 JLINK_IsHalted()
T9B44 365:439.520 - 0.610ms returns FALSE
T9B44 365:547.328 JLINK_IsHalted()
T9B44 365:547.712 - 0.376ms returns FALSE
T9B44 365:547.744 JLINK_IsHalted()
T9B44 365:548.032 - 0.285ms returns FALSE
T9B44 365:656.416 JLINK_IsHalted()
T9B44 365:657.024 - 0.588ms returns FALSE
T9B44 365:657.024 JLINK_IsHalted()
T9B44 365:657.440 - 0.401ms returns FALSE
T778C 365:702.464 JLINK_IsHalted()
T778C 365:702.880 - 0.417ms returns FALSE
T778C 365:702.912 JLINK_IsHalted()
T778C 365:703.328 - 0.411ms returns FALSE
T9B44 365:766.112 JLINK_IsHalted()
T9B44 365:768.160 - 2.039ms returns FALSE
T9B44 365:768.192 JLINK_IsHalted()
T9B44 365:768.640 - 0.443ms returns FALSE
T9B44 365:875.520 JLINK_IsHalted()
T9B44 365:876.096 - 0.596ms returns FALSE
T9B44 365:876.128 JLINK_IsHalted()
T9B44 365:876.672 - 0.566ms returns FALSE
T9B44 365:984.960 JLINK_IsHalted()
T9B44 365:985.696 - 0.699ms returns FALSE
T9B44 365:985.696 JLINK_IsHalted()
T9B44 365:986.240 - 0.539ms returns FALSE
T9B44 366:094.400 JLINK_IsHalted()
T9B44 366:094.944 - 0.520ms returns FALSE
T9B44 366:094.944 JLINK_IsHalted()
T9B44 366:095.424 - 0.468ms returns FALSE
T9B44 366:203.776 JLINK_IsHalted()
T9B44 366:204.320 - 0.550ms returns FALSE
T9B44 366:204.352 JLINK_IsHalted()
T9B44 366:204.864 - 0.502ms returns FALSE
T9B44 366:313.568 JLINK_IsHalted()
T9B44 366:314.016 - 0.439ms returns FALSE
T9B44 366:314.048 JLINK_IsHalted()
T9B44 366:314.432 - 0.394ms returns FALSE
T9B44 366:422.080 JLINK_IsHalted()
T9B44 366:424.448 - 2.358ms returns FALSE
T9B44 366:424.512 JLINK_IsHalted()
T9B44 366:427.712 - 3.212ms returns FALSE
T9B44 366:531.584 JLINK_IsHalted()
T9B44 366:532.512 - 0.938ms returns FALSE
T9B44 366:532.544 JLINK_IsHalted()
T9B44 366:533.024 - 0.477ms returns FALSE
T9B44 366:641.824 JLINK_IsHalted()
T9B44 366:642.496 - 0.690ms returns FALSE
T9B44 366:642.528 JLINK_IsHalted()
T9B44 366:642.880 - 0.367ms returns FALSE
T778C 366:704.640 JLINK_IsHalted()
T778C 366:705.120 - 0.481ms returns FALSE
T778C 366:705.184 JLINK_IsHalted()
T778C 366:705.568 - 0.394ms returns FALSE
T9B44 366:750.656 JLINK_IsHalted()
T9B44 366:751.008 - 0.365ms returns FALSE
T9B44 366:751.040 JLINK_IsHalted()
T9B44 366:751.296 - 0.285ms returns FALSE
T9B44 366:860.288 JLINK_IsHalted()
T9B44 366:860.672 - 0.370ms returns FALSE
T9B44 366:860.672 JLINK_IsHalted()
T9B44 366:860.960 - 0.260ms returns FALSE
T9B44 366:969.504 JLINK_IsHalted()
T9B44 366:970.336 - 0.839ms returns FALSE
T9B44 366:970.400 JLINK_IsHalted()
T9B44 366:970.976 - 0.599ms returns FALSE
T9B44 367:078.560 JLINK_IsHalted()
T9B44 367:079.264 - 0.733ms returns FALSE
T9B44 367:079.360 JLINK_IsHalted()
T9B44 367:079.936 - 0.576ms returns FALSE
T9B44 367:190.208 JLINK_IsHalted()
T9B44 367:191.040 - 0.831ms returns FALSE
T9B44 367:191.104 JLINK_IsHalted()
T9B44 367:191.712 - 0.601ms returns FALSE
T9B44 367:296.960 JLINK_IsHalted()
T9B44 367:297.536 - 0.562ms returns FALSE
T9B44 367:297.568 JLINK_IsHalted()
T9B44 367:297.952 - 0.398ms returns FALSE
T9B44 367:406.944 JLINK_IsHalted()
T9B44 367:407.424 - 0.478ms returns FALSE
T9B44 367:407.424 JLINK_IsHalted()
T9B44 367:407.872 - 0.435ms returns FALSE
T9B44 367:516.480 JLINK_IsHalted()
T9B44 367:516.992 - 0.493ms returns FALSE
T9B44 367:516.992 JLINK_IsHalted()
T9B44 367:517.408 - 0.400ms returns FALSE
T9B44 367:625.824 JLINK_IsHalted()
T9B44 367:626.272 - 0.423ms returns FALSE
T9B44 367:626.272 JLINK_IsHalted()
T9B44 367:626.720 - 0.457ms returns FALSE
T778C 367:706.624 JLINK_IsHalted()
T778C 367:707.008 - 0.373ms returns FALSE
T778C 367:707.008 JLINK_IsHalted()
T778C 367:707.424 - 0.390ms returns FALSE
T9B44 367:734.528 JLINK_IsHalted()
T9B44 367:735.104 - 0.589ms returns FALSE
T9B44 367:735.136 JLINK_IsHalted()
T9B44 367:735.552 - 0.413ms returns FALSE
T9B44 367:844.608 JLINK_IsHalted()
T9B44 367:844.960 - 0.363ms returns FALSE
T9B44 367:844.992 JLINK_IsHalted()
T9B44 367:845.248 - 0.265ms returns FALSE
T9B44 367:954.208 JLINK_IsHalted()
T9B44 367:954.784 - 0.585ms returns FALSE
T9B44 367:954.816 JLINK_IsHalted()
T9B44 367:955.232 - 0.421ms returns FALSE
T9B44 368:062.880 JLINK_IsHalted()
T9B44 368:063.296 - 0.437ms returns FALSE
T9B44 368:063.328 JLINK_IsHalted()
T9B44 368:063.808 - 0.469ms returns FALSE
T9B44 368:172.672 JLINK_IsHalted()
T9B44 368:173.952 - 1.287ms returns FALSE
T9B44 368:174.016 JLINK_IsHalted()
T9B44 368:174.528 - 0.514ms returns FALSE
T9B44 368:282.208 JLINK_IsHalted()
T9B44 368:282.688 - 0.499ms returns FALSE
T9B44 368:282.752 JLINK_IsHalted()
T9B44 368:283.200 - 0.471ms returns FALSE
T9B44 368:391.200 JLINK_IsHalted()
T9B44 368:391.712 - 0.505ms returns FALSE
T9B44 368:391.744 JLINK_IsHalted()
T9B44 368:392.256 - 0.537ms returns FALSE
T9B44 368:501.056 JLINK_IsHalted()
T9B44 368:501.568 - 0.496ms returns FALSE
T9B44 368:501.568 JLINK_IsHalted()
T9B44 368:501.888 - 0.299ms returns FALSE
T9B44 368:610.240 JLINK_IsHalted()
T9B44 368:611.392 - 1.160ms returns FALSE
T9B44 368:611.456 JLINK_IsHalted()
T9B44 368:611.904 - 0.473ms returns FALSE
T778C 368:707.776 JLINK_IsHalted()
T778C 368:708.256 - 0.453ms returns FALSE
T778C 368:708.288 JLINK_IsHalted()
T778C 368:708.640 - 0.356ms returns FALSE
T9B44 368:719.552 JLINK_IsHalted()
T9B44 368:720.160 - 0.588ms returns FALSE
T9B44 368:720.192 JLINK_IsHalted()
T9B44 368:720.576 - 0.384ms returns FALSE
T9B44 368:828.768 JLINK_IsHalted()
T9B44 368:829.152 - 0.387ms returns FALSE
T9B44 368:829.152 JLINK_IsHalted()
T9B44 368:829.472 - 0.303ms returns FALSE
T9B44 368:938.048 JLINK_IsHalted()
T9B44 368:938.560 - 0.518ms returns FALSE
T9B44 368:938.560 JLINK_IsHalted()
T9B44 368:938.880 - 0.308ms returns FALSE
T9B44 369:047.488 JLINK_IsHalted()
T9B44 369:048.032 - 0.539ms returns FALSE
T9B44 369:048.064 JLINK_IsHalted()
T9B44 369:048.544 - 0.490ms returns FALSE
T9B44 369:157.056 JLINK_IsHalted()
T9B44 369:157.568 - 0.474ms returns FALSE
T9B44 369:157.568 JLINK_IsHalted()
T9B44 369:157.984 - 0.422ms returns FALSE
T9B44 369:266.656 JLINK_IsHalted()
T9B44 369:267.232 - 0.576ms returns FALSE
T9B44 369:267.264 JLINK_IsHalted()
T9B44 369:267.776 - 0.533ms returns FALSE
T9B44 369:375.296 JLINK_IsHalted()
T9B44 369:375.936 - 0.610ms returns FALSE
T9B44 369:375.936 JLINK_IsHalted()
T9B44 369:376.384 - 0.430ms returns FALSE
T9B44 369:484.928 JLINK_IsHalted()
T9B44 369:485.504 - 0.591ms returns FALSE
T9B44 369:485.536 JLINK_IsHalted()
T9B44 369:486.048 - 0.522ms returns FALSE
T9B44 369:594.176 JLINK_IsHalted()
T9B44 369:594.720 - 0.552ms returns FALSE
T9B44 369:594.752 JLINK_IsHalted()
T9B44 369:595.104 - 0.381ms returns FALSE
T9B44 369:704.000 JLINK_IsHalted()
T9B44 369:704.544 - 0.535ms returns FALSE
T9B44 369:704.544 JLINK_IsHalted()
T9B44 369:704.896 - 0.315ms returns FALSE
T778C 369:709.152 JLINK_IsHalted()
T778C 369:709.568 - 0.407ms returns FALSE
T778C 369:709.600 JLINK_IsHalted()
T778C 369:709.952 - 0.353ms returns FALSE
T9B44 369:813.056 JLINK_IsHalted()
T9B44 369:813.472 - 0.415ms returns FALSE
T9B44 369:813.504 JLINK_IsHalted()
T9B44 369:813.760 - 0.266ms returns FALSE
T9B44 369:922.464 JLINK_IsHalted()
T9B44 369:922.848 - 0.390ms returns FALSE
T9B44 369:922.880 JLINK_IsHalted()
T9B44 369:923.168 - 0.308ms returns FALSE
T9B44 370:032.352 JLINK_IsHalted()
T9B44 370:032.864 - 0.514ms returns FALSE
T9B44 370:032.896 JLINK_IsHalted()
T9B44 370:033.280 - 0.389ms returns FALSE
T9B44 370:140.768 JLINK_IsHalted()
T9B44 370:141.248 - 0.473ms returns FALSE
T9B44 370:141.248 JLINK_IsHalted()
T9B44 370:141.664 - 0.398ms returns FALSE
T9B44 370:250.624 JLINK_IsHalted()
T9B44 370:251.168 - 0.535ms returns FALSE
T9B44 370:251.200 JLINK_IsHalted()
T9B44 370:252.704 - 1.504ms returns FALSE
T9B44 370:360.320 JLINK_IsHalted()
T9B44 370:360.896 - 0.558ms returns FALSE
T9B44 370:360.896 JLINK_IsHalted()
T9B44 370:361.312 - 0.411ms returns FALSE
T9B44 370:469.344 JLINK_IsHalted()
T9B44 370:469.952 - 0.626ms returns FALSE
T9B44 370:469.984 JLINK_IsHalted()
T9B44 370:470.336 - 0.361ms returns FALSE
T9B44 370:578.240 JLINK_IsHalted()
T9B44 370:580.032 - 1.752ms returns FALSE
T9B44 370:580.032 JLINK_IsHalted()
T9B44 370:580.544 - 0.523ms returns FALSE
T9B44 370:688.704 JLINK_IsHalted()
T9B44 370:689.088 - 0.388ms returns FALSE
T9B44 370:689.120 JLINK_IsHalted()
T9B44 370:690.816 - 1.705ms returns FALSE
T778C 370:710.400 JLINK_IsHalted()
T778C 370:710.912 - 0.517ms returns FALSE
T778C 370:710.944 JLINK_IsHalted()
T778C 370:711.488 - 0.522ms returns FALSE
T9B44 370:797.120 JLINK_IsHalted()
T9B44 370:797.632 - 0.497ms returns FALSE
T9B44 370:797.632 JLINK_IsHalted()
T9B44 370:798.016 - 0.368ms returns FALSE
T9B44 370:906.560 JLINK_IsHalted()
T9B44 370:907.648 - 1.093ms returns FALSE
T9B44 370:907.712 JLINK_IsHalted()
T9B44 370:908.000 - 0.308ms returns FALSE
T9B44 371:016.640 JLINK_IsHalted()
T9B44 371:017.152 - 0.557ms returns FALSE
T9B44 371:017.184 JLINK_IsHalted()
T9B44 371:017.664 - 0.483ms returns FALSE
T9B44 371:125.728 JLINK_IsHalted()
T9B44 371:126.176 - 0.445ms returns FALSE
T9B44 371:126.208 JLINK_IsHalted()
T9B44 371:126.560 - 0.360ms returns FALSE
T9B44 371:234.752 JLINK_IsHalted()
T9B44 371:236.576 - 1.817ms returns FALSE
T9B44 371:236.608 JLINK_IsHalted()
T9B44 371:236.992 - 0.391ms returns FALSE
T9B44 371:344.192 JLINK_IsHalted()
T9B44 371:347.008 - 2.781ms returns FALSE
T9B44 371:347.008 JLINK_IsHalted()
T9B44 371:347.360 - 0.352ms returns FALSE
T9B44 371:453.760 JLINK_IsHalted()
T9B44 371:454.336 - 0.561ms returns FALSE
T9B44 371:454.368 JLINK_IsHalted()
T9B44 371:454.816 - 0.446ms returns FALSE
T9B44 371:563.104 JLINK_IsHalted()
T9B44 371:563.680 - 0.543ms returns FALSE
T9B44 371:563.712 JLINK_IsHalted()
T9B44 371:564.192 - 0.501ms returns FALSE
T9B44 371:672.512 JLINK_IsHalted()
T9B44 371:673.792 - 1.285ms returns FALSE
T9B44 371:673.920 JLINK_IsHalted()
T9B44 371:674.560 - 0.644ms returns FALSE
T778C 371:711.264 JLINK_IsHalted()
T778C 371:711.872 - 0.606ms returns FALSE
T778C 371:711.904 JLINK_IsHalted()
T778C 371:712.320 - 0.420ms returns FALSE
T9B44 371:782.112 JLINK_IsHalted()
T9B44 371:782.784 - 0.656ms returns FALSE
T9B44 371:782.816 JLINK_IsHalted()
T9B44 371:783.328 - 0.510ms returns FALSE
T9B44 371:891.744 JLINK_IsHalted()
T9B44 371:892.288 - 0.550ms returns FALSE
T9B44 371:892.288 JLINK_IsHalted()
T9B44 371:892.704 - 0.411ms returns FALSE
T9B44 372:001.536 JLINK_IsHalted()
T9B44 372:002.176 - 0.629ms returns FALSE
T9B44 372:002.240 JLINK_IsHalted()
T9B44 372:004.480 - 2.259ms returns FALSE
T9B44 372:109.760 JLINK_IsHalted()
T9B44 372:110.752 - 0.993ms returns FALSE
T9B44 372:110.784 JLINK_IsHalted()
T9B44 372:113.856 - 3.077ms returns FALSE
T9B44 372:219.712 JLINK_IsHalted()
T9B44 372:220.256 - 0.562ms returns FALSE
T9B44 372:220.256 JLINK_IsHalted()
T9B44 372:220.736 - 0.461ms returns FALSE
T9B44 372:328.896 JLINK_IsHalted()
T9B44 372:329.568 - 0.649ms returns FALSE
T9B44 372:329.600 JLINK_IsHalted()
T9B44 372:330.048 - 0.443ms returns FALSE
T9B44 372:437.760 JLINK_IsHalted()
T9B44 372:438.304 - 0.551ms returns FALSE
T9B44 372:438.336 JLINK_IsHalted()
T9B44 372:438.848 - 0.532ms returns FALSE
T9B44 372:547.008 JLINK_IsHalted()
T9B44 372:547.392 - 0.380ms returns FALSE
T9B44 372:547.392 JLINK_IsHalted()
T9B44 372:547.904 - 0.466ms returns FALSE
T9B44 372:656.704 JLINK_IsHalted()
T9B44 372:657.088 - 0.396ms returns FALSE
T9B44 372:657.088 JLINK_IsHalted()
T9B44 372:657.472 - 0.359ms returns FALSE
T778C 372:712.672 JLINK_IsHalted()
T778C 372:713.184 - 0.512ms returns FALSE
T778C 372:713.216 JLINK_IsHalted()
T778C 372:713.728 - 0.510ms returns FALSE
T9B44 372:766.400 JLINK_IsHalted()
T9B44 372:766.912 - 0.521ms returns FALSE
T9B44 372:766.944 JLINK_IsHalted()
T9B44 372:767.296 - 0.339ms returns FALSE
T9B44 372:875.168 JLINK_IsHalted()
T9B44 372:875.776 - 0.610ms returns FALSE
T9B44 372:875.776 JLINK_IsHalted()
T9B44 372:876.320 - 0.524ms returns FALSE
T9B44 372:984.512 JLINK_IsHalted()
T9B44 372:984.960 - 0.463ms returns FALSE
T9B44 372:984.992 JLINK_IsHalted()
T9B44 372:985.536 - 0.547ms returns FALSE
T9B44 373:094.080 JLINK_IsHalted()
T9B44 373:094.624 - 0.540ms returns FALSE
T9B44 373:094.624 JLINK_IsHalted()
T9B44 373:095.040 - 0.411ms returns FALSE
T9B44 373:203.776 JLINK_IsHalted()
T9B44 373:204.352 - 0.574ms returns FALSE
T9B44 373:204.384 JLINK_IsHalted()
T9B44 373:204.800 - 0.421ms returns FALSE
T9B44 373:312.608 JLINK_IsHalted()
T9B44 373:312.992 - 0.364ms returns FALSE
T9B44 373:312.992 JLINK_IsHalted()
T9B44 373:313.312 - 0.290ms returns FALSE
T9B44 373:422.304 JLINK_IsHalted()
T9B44 373:422.880 - 0.544ms returns FALSE
T9B44 373:422.880 JLINK_IsHalted()
T9B44 373:423.296 - 0.438ms returns FALSE
T9B44 373:532.096 JLINK_IsHalted()
T9B44 373:532.544 - 0.459ms returns FALSE
T9B44 373:532.544 JLINK_IsHalted()
T9B44 373:533.088 - 0.536ms returns FALSE
T9B44 373:641.408 JLINK_IsHalted()
T9B44 373:641.920 - 0.498ms returns FALSE
T9B44 373:641.920 JLINK_IsHalted()
T9B44 373:642.368 - 0.430ms returns FALSE
T778C 373:713.760 JLINK_IsHalted()
T778C 373:714.240 - 0.487ms returns FALSE
T778C 373:714.272 JLINK_IsHalted()
T778C 373:714.624 - 0.347ms returns FALSE
T9B44 373:750.464 JLINK_IsHalted()
T9B44 373:750.848 - 0.364ms returns FALSE
T9B44 373:750.848 JLINK_IsHalted()
T9B44 373:751.200 - 0.343ms returns FALSE
T9B44 373:859.968 JLINK_IsHalted()
T9B44 373:860.384 - 0.404ms returns FALSE
T9B44 373:860.416 JLINK_IsHalted()
T9B44 373:860.704 - 0.305ms returns FALSE
T9B44 373:969.792 JLINK_IsHalted()
T9B44 373:970.432 - 0.631ms returns FALSE
T9B44 373:970.464 JLINK_IsHalted()
T9B44 373:970.976 - 0.498ms returns FALSE
T9B44 374:078.592 JLINK_IsHalted()
T9B44 374:079.040 - 0.422ms returns FALSE
T9B44 374:079.040 JLINK_IsHalted()
T9B44 374:079.328 - 0.298ms returns FALSE
T9B44 374:187.968 JLINK_IsHalted()
T9B44 374:188.448 - 0.494ms returns FALSE
T9B44 374:188.480 JLINK_IsHalted()
T9B44 374:188.928 - 0.450ms returns FALSE
T9B44 374:296.992 JLINK_IsHalted()
T9B44 374:297.536 - 0.536ms returns FALSE
T9B44 374:297.536 JLINK_IsHalted()
T9B44 374:298.048 - 0.529ms returns FALSE
T9B44 374:406.432 JLINK_IsHalted()
T9B44 374:406.912 - 0.488ms returns FALSE
T9B44 374:406.944 JLINK_IsHalted()
T9B44 374:407.392 - 0.444ms returns FALSE
T9B44 374:516.064 JLINK_IsHalted()
T9B44 374:516.672 - 0.564ms returns FALSE
T9B44 374:516.672 JLINK_IsHalted()
T9B44 374:517.056 - 0.395ms returns FALSE
T9B44 374:626.016 JLINK_IsHalted()
T9B44 374:626.592 - 0.554ms returns FALSE
T9B44 374:626.624 JLINK_IsHalted()
T9B44 374:627.040 - 0.434ms returns FALSE
T778C 374:715.328 JLINK_IsHalted()
T778C 374:716.064 - 0.749ms returns FALSE
T778C 374:716.096 JLINK_IsHalted()
T778C 374:716.736 - 0.609ms returns FALSE
T9B44 374:734.656 JLINK_IsHalted()
T9B44 374:735.392 - 0.733ms returns FALSE
T9B44 374:735.424 JLINK_IsHalted()
T9B44 374:736.000 - 0.582ms returns FALSE
T9B44 374:843.936 JLINK_IsHalted()
T9B44 374:844.384 - 0.456ms returns FALSE
T9B44 374:844.416 JLINK_IsHalted()
T9B44 374:844.832 - 0.424ms returns FALSE
T9B44 374:954.304 JLINK_IsHalted()
T9B44 374:955.072 - 0.810ms returns FALSE
T9B44 374:955.168 JLINK_IsHalted()
T9B44 374:955.872 - 0.720ms returns FALSE
T9B44 375:062.880 JLINK_IsHalted()
T9B44 375:063.616 - 0.722ms returns FALSE
T9B44 375:063.712 JLINK_IsHalted()
T9B44 375:064.192 - 0.488ms returns FALSE
T9B44 375:173.312 JLINK_IsHalted()
T9B44 375:174.464 - 1.129ms returns FALSE
T9B44 375:174.528 JLINK_IsHalted()
T9B44 375:175.296 - 0.771ms returns FALSE
T9B44 375:282.240 JLINK_IsHalted()
T9B44 375:282.976 - 0.743ms returns FALSE
T9B44 375:283.040 JLINK_IsHalted()
T9B44 375:283.712 - 0.672ms returns FALSE
T9B44 375:391.264 JLINK_IsHalted()
T9B44 375:391.808 - 0.561ms returns FALSE
T9B44 375:391.840 JLINK_IsHalted()
T9B44 375:392.256 - 0.421ms returns FALSE
T9B44 375:500.736 JLINK_IsHalted()
T9B44 375:501.312 - 0.549ms returns FALSE
T9B44 375:501.312 JLINK_IsHalted()
T9B44 375:501.728 - 0.403ms returns FALSE
T9B44 375:610.176 JLINK_IsHalted()
T9B44 375:612.864 - 2.685ms returns FALSE
T9B44 375:612.864 JLINK_IsHalted()
T9B44 375:613.344 - 0.456ms returns FALSE
T778C 375:717.632 JLINK_IsHalted()
T778C 375:718.080 - 0.441ms returns FALSE
T778C 375:718.080 JLINK_IsHalted()
T778C 375:718.496 - 0.405ms returns FALSE
T9B44 375:719.232 JLINK_IsHalted()
T9B44 375:719.552 - 0.343ms returns FALSE
T9B44 375:719.584 JLINK_IsHalted()
T9B44 375:719.968 - 0.398ms returns FALSE
T9B44 375:828.608 JLINK_IsHalted()
T9B44 375:829.152 - 0.548ms returns FALSE
T9B44 375:829.184 JLINK_IsHalted()
T9B44 375:829.568 - 0.414ms returns FALSE
T9B44 375:938.080 JLINK_IsHalted()
T9B44 375:941.408 - 3.327ms returns FALSE
T9B44 375:941.504 JLINK_IsHalted()
T9B44 375:944.384 - 2.906ms returns FALSE
T9B44 376:047.808 JLINK_IsHalted()
T9B44 376:048.800 - 1.003ms returns FALSE
T9B44 376:048.896 JLINK_IsHalted()
T9B44 376:049.792 - 0.908ms returns FALSE
T9B44 376:156.576 JLINK_IsHalted()
T9B44 376:159.328 - 2.780ms returns FALSE
T9B44 376:159.456 JLINK_IsHalted()
T9B44 376:160.448 - 1.002ms returns FALSE
T9B44 376:266.304 JLINK_IsHalted()
T9B44 376:266.816 - 0.510ms returns FALSE
T9B44 376:266.816 JLINK_IsHalted()
T9B44 376:267.264 - 0.447ms returns FALSE
T9B44 376:375.488 JLINK_IsHalted()
T9B44 376:376.064 - 0.544ms returns FALSE
T9B44 376:376.064 JLINK_IsHalted()
T9B44 376:376.512 - 0.441ms returns FALSE
T9B44 376:485.216 JLINK_IsHalted()
T9B44 376:485.760 - 0.544ms returns FALSE
T9B44 376:485.792 JLINK_IsHalted()
T9B44 376:486.176 - 0.402ms returns FALSE
T9B44 376:593.856 JLINK_IsHalted()
T9B44 376:594.240 - 0.416ms returns FALSE
T9B44 376:594.272 JLINK_IsHalted()
T9B44 376:594.624 - 0.320ms returns FALSE
T9B44 376:703.264 JLINK_IsHalted()
T9B44 376:703.776 - 0.531ms returns FALSE
T9B44 376:703.808 JLINK_IsHalted()
T9B44 376:704.192 - 0.409ms returns FALSE
T778C 376:718.720 JLINK_IsHalted()
T778C 376:719.168 - 0.453ms returns FALSE
T778C 376:719.200 JLINK_IsHalted()
T778C 376:719.648 - 0.435ms returns FALSE
T9B44 376:813.120 JLINK_IsHalted()
T9B44 376:813.760 - 0.619ms returns FALSE
T9B44 376:813.760 JLINK_IsHalted()
T9B44 376:814.240 - 0.455ms returns FALSE
T9B44 376:922.528 JLINK_IsHalted()
T9B44 376:923.680 - 1.141ms returns FALSE
T9B44 376:923.712 JLINK_IsHalted()
T9B44 376:924.192 - 0.477ms returns FALSE
T9B44 377:031.968 JLINK_IsHalted()
T9B44 377:032.768 - 0.818ms returns FALSE
T9B44 377:032.896 JLINK_IsHalted()
T9B44 377:033.472 - 0.548ms returns FALSE
T9B44 377:141.536 JLINK_IsHalted()
T9B44 377:142.400 - 0.881ms returns FALSE
T9B44 377:142.464 JLINK_IsHalted()
T9B44 377:143.232 - 0.735ms returns FALSE
T9B44 377:250.144 JLINK_IsHalted()
T9B44 377:251.040 - 0.914ms returns FALSE
T9B44 377:251.136 JLINK_IsHalted()
T9B44 377:252.032 - 0.896ms returns FALSE
T9B44 377:360.384 JLINK_IsHalted()
T9B44 377:361.504 - 1.111ms returns FALSE
T9B44 377:361.600 JLINK_IsHalted()
T9B44 377:362.720 - 1.106ms returns FALSE
T9B44 377:469.888 JLINK_IsHalted()
T9B44 377:470.752 - 0.888ms returns FALSE
T9B44 377:470.848 JLINK_IsHalted()
T9B44 377:471.744 - 0.913ms returns FALSE
T9B44 377:579.168 JLINK_IsHalted()
T9B44 377:586.176 - 7.014ms returns FALSE
T9B44 377:586.240 JLINK_IsHalted()
T9B44 377:586.848 - 0.587ms returns FALSE
T9B44 377:688.256 JLINK_IsHalted()
T9B44 377:688.896 - 0.659ms returns FALSE
T9B44 377:688.960 JLINK_IsHalted()
T9B44 377:689.664 - 0.721ms returns FALSE
T778C 377:720.288 JLINK_IsHalted()
T778C 377:721.120 - 0.828ms returns FALSE
T778C 377:721.184 JLINK_IsHalted()
T778C 377:721.952 - 0.765ms returns FALSE
T9B44 377:797.440 JLINK_IsHalted()
T9B44 377:798.560 - 1.114ms returns FALSE
T9B44 377:798.592 JLINK_IsHalted()
T9B44 377:799.328 - 0.730ms returns FALSE
T9B44 377:908.096 JLINK_IsHalted()
T9B44 377:910.016 - 1.904ms returns FALSE
T9B44 377:910.144 JLINK_IsHalted()
T9B44 377:911.040 - 0.906ms returns FALSE
T9B44 378:016.512 JLINK_IsHalted()
T9B44 378:019.136 - 2.633ms returns FALSE
T9B44 378:019.232 JLINK_IsHalted()
T9B44 378:021.312 - 2.060ms returns FALSE
T9B44 378:125.760 JLINK_IsHalted()
T9B44 378:126.656 - 0.876ms returns FALSE
T9B44 378:126.784 JLINK_IsHalted()
T9B44 378:127.392 - 0.623ms returns FALSE
T9B44 378:234.624 JLINK_IsHalted()
T9B44 378:235.456 - 0.831ms returns FALSE
T9B44 378:235.488 JLINK_IsHalted()
T9B44 378:236.288 - 0.778ms returns FALSE
T9B44 378:344.640 JLINK_IsHalted()
T9B44 378:347.008 - 2.372ms returns FALSE
T9B44 378:347.072 JLINK_IsHalted()
T9B44 378:347.584 - 0.534ms returns FALSE
T9B44 378:453.408 JLINK_IsHalted()
T9B44 378:454.272 - 0.891ms returns FALSE
T9B44 378:454.368 JLINK_IsHalted()
T9B44 378:455.008 - 0.644ms returns FALSE
T9B44 378:563.744 JLINK_IsHalted()
T9B44 378:564.672 - 0.928ms returns FALSE
T9B44 378:564.736 JLINK_IsHalted()
T9B44 378:565.440 - 0.702ms returns FALSE
T9B44 378:672.192 JLINK_IsHalted()
T9B44 378:672.736 - 0.559ms returns FALSE
T9B44 378:672.832 JLINK_IsHalted()
T9B44 378:675.008 - 2.214ms returns FALSE
T778C 378:722.528 JLINK_IsHalted()
T778C 378:724.864 - 2.327ms returns FALSE
T778C 378:725.056 JLINK_IsHalted()
T778C 378:725.696 - 0.653ms returns FALSE
T9B44 378:782.080 JLINK_IsHalted()
T9B44 378:782.848 - 0.770ms returns FALSE
T9B44 378:782.912 JLINK_IsHalted()
T9B44 378:783.552 - 0.660ms returns FALSE
T9B44 378:891.744 JLINK_IsHalted()
T9B44 378:892.640 - 0.880ms returns FALSE
T9B44 378:892.704 JLINK_IsHalted()
T9B44 378:893.312 - 0.616ms returns FALSE
T9B44 379:001.024 JLINK_IsHalted()
T9B44 379:001.536 - 0.547ms returns FALSE
T9B44 379:001.600 JLINK_IsHalted()
T9B44 379:002.176 - 0.561ms returns FALSE
T9B44 379:110.176 JLINK_IsHalted()
T9B44 379:110.848 - 0.675ms returns FALSE
T9B44 379:110.848 JLINK_IsHalted()
T9B44 379:111.456 - 0.583ms returns FALSE
T9B44 379:219.008 JLINK_IsHalted()
T9B44 379:220.928 - 1.921ms returns FALSE
T9B44 379:220.992 JLINK_IsHalted()
T9B44 379:222.880 - 1.877ms returns FALSE
T9B44 379:328.448 JLINK_IsHalted()
T9B44 379:329.216 - 0.780ms returns FALSE
T9B44 379:329.248 JLINK_IsHalted()
T9B44 379:329.792 - 0.541ms returns FALSE
T9B44 379:438.944 JLINK_IsHalted()
T9B44 379:441.664 - 2.712ms returns FALSE
T9B44 379:441.728 JLINK_IsHalted()
T9B44 379:442.240 - 0.498ms returns FALSE
T9B44 379:547.360 JLINK_IsHalted()
T9B44 379:548.032 - 0.668ms returns FALSE
T9B44 379:548.096 JLINK_IsHalted()
T9B44 379:548.768 - 0.680ms returns FALSE
T9B44 379:656.640 JLINK_IsHalted()
T9B44 379:657.408 - 0.761ms returns FALSE
T9B44 379:657.440 JLINK_IsHalted()
T9B44 379:657.984 - 0.524ms returns FALSE
T778C 379:727.328 JLINK_IsHalted()
T778C 379:728.128 - 0.812ms returns FALSE
T778C 379:728.192 JLINK_IsHalted()
T778C 379:729.984 - 1.797ms returns FALSE
T9B44 379:766.272 JLINK_IsHalted()
T9B44 379:767.008 - 0.751ms returns FALSE
T9B44 379:767.072 JLINK_IsHalted()
T9B44 379:767.552 - 0.483ms returns FALSE
T9B44 379:875.648 JLINK_IsHalted()
T9B44 379:876.416 - 0.760ms returns FALSE
T9B44 379:876.416 JLINK_IsHalted()
T9B44 379:876.928 - 0.477ms returns FALSE
T9B44 379:984.704 JLINK_IsHalted()
T9B44 379:985.216 - 0.529ms returns FALSE
T9B44 379:985.280 JLINK_IsHalted()
T9B44 379:985.760 - 0.502ms returns FALSE
T9B44 380:094.784 JLINK_IsHalted()
T9B44 380:095.456 - 0.697ms returns FALSE
T9B44 380:095.520 JLINK_IsHalted()
T9B44 380:096.032 - 0.508ms returns FALSE
T9B44 380:203.840 JLINK_IsHalted()
T9B44 380:204.736 - 0.913ms returns FALSE
T9B44 380:204.800 JLINK_IsHalted()
T9B44 380:205.248 - 0.466ms returns FALSE
T9B44 380:313.504 JLINK_IsHalted()
T9B44 380:314.112 - 0.597ms returns FALSE
T9B44 380:314.144 JLINK_IsHalted()
T9B44 380:314.656 - 0.508ms returns FALSE
T9B44 380:422.880 JLINK_IsHalted()
T9B44 380:424.256 - 1.347ms returns FALSE
T9B44 380:424.288 JLINK_IsHalted()
T9B44 380:424.768 - 0.460ms returns FALSE
T9B44 380:531.840 JLINK_IsHalted()
T9B44 380:532.640 - 0.804ms returns FALSE
T9B44 380:532.672 JLINK_IsHalted()
T9B44 380:533.184 - 0.481ms returns FALSE
T9B44 380:640.896 JLINK_IsHalted()
T9B44 380:641.408 - 0.497ms returns FALSE
T9B44 380:641.440 JLINK_IsHalted()
T9B44 380:641.856 - 0.420ms returns FALSE
T778C 380:730.528 JLINK_IsHalted()
T778C 380:731.008 - 0.499ms returns FALSE
T778C 380:731.040 JLINK_IsHalted()
T778C 380:731.552 - 0.500ms returns FALSE
T9B44 380:751.840 JLINK_IsHalted()
T9B44 380:752.512 - 0.657ms returns FALSE
T9B44 380:752.512 JLINK_IsHalted()
T9B44 380:752.864 - 0.350ms returns FALSE
T9B44 380:860.224 JLINK_IsHalted()
T9B44 380:860.800 - 0.579ms returns FALSE
T9B44 380:860.832 JLINK_IsHalted()
T9B44 380:861.216 - 0.397ms returns FALSE
T9B44 380:969.792 JLINK_IsHalted()
T9B44 380:971.488 - 1.703ms returns FALSE
T9B44 380:971.520 JLINK_IsHalted()
T9B44 380:972.000 - 0.479ms returns FALSE
T9B44 381:078.464 JLINK_IsHalted()
T9B44 381:078.976 - 0.542ms returns FALSE
T9B44 381:078.976 JLINK_IsHalted()
T9B44 381:079.488 - 0.489ms returns FALSE
T9B44 381:188.256 JLINK_IsHalted()
T9B44 381:188.896 - 0.641ms returns FALSE
T9B44 381:188.960 JLINK_IsHalted()
T9B44 381:191.584 - 2.602ms returns FALSE
T9B44 381:297.088 JLINK_IsHalted()
T9B44 381:299.008 - 1.922ms returns FALSE
T9B44 381:299.072 JLINK_IsHalted()
T9B44 381:299.584 - 0.510ms returns FALSE
T9B44 381:406.624 JLINK_IsHalted()
T9B44 381:408.096 - 1.487ms returns FALSE
T9B44 381:408.224 JLINK_IsHalted()
T9B44 381:408.704 - 0.493ms returns FALSE
T9B44 381:515.840 JLINK_IsHalted()
T9B44 381:516.800 - 0.943ms returns FALSE
T9B44 381:516.864 JLINK_IsHalted()
T9B44 381:517.504 - 0.633ms returns FALSE
T9B44 381:625.728 JLINK_IsHalted()
T9B44 381:626.336 - 0.616ms returns FALSE
T9B44 381:626.400 JLINK_IsHalted()
T9B44 381:627.008 - 0.604ms returns FALSE
T778C 381:731.360 JLINK_IsHalted()
T778C 381:731.872 - 0.506ms returns FALSE
T778C 381:731.904 JLINK_IsHalted()
T778C 381:732.288 - 0.385ms returns FALSE
T9B44 381:734.752 JLINK_IsHalted()
T9B44 381:735.168 - 0.410ms returns FALSE
T9B44 381:735.200 JLINK_IsHalted()
T9B44 381:735.552 - 0.345ms returns FALSE
T9B44 381:844.160 JLINK_IsHalted()
T9B44 381:844.864 - 0.667ms returns FALSE
T9B44 381:844.928 JLINK_IsHalted()
T9B44 381:845.664 - 0.725ms returns FALSE
T9B44 381:954.240 JLINK_IsHalted()
T9B44 381:956.160 - 1.874ms returns FALSE
T9B44 381:956.224 JLINK_IsHalted()
T9B44 381:956.768 - 0.538ms returns FALSE
T9B44 382:063.296 JLINK_IsHalted()
T9B44 382:063.936 - 0.603ms returns FALSE
T9B44 382:063.968 JLINK_IsHalted()
T9B44 382:066.272 - 2.293ms returns FALSE
T9B44 382:172.704 JLINK_IsHalted()
T9B44 382:174.144 - 1.440ms returns FALSE
T9B44 382:174.176 JLINK_IsHalted()
T9B44 382:174.912 - 0.699ms returns FALSE
T9B44 382:281.856 JLINK_IsHalted()
T9B44 382:282.688 - 0.817ms returns FALSE
T9B44 382:282.720 JLINK_IsHalted()
T9B44 382:283.456 - 0.722ms returns FALSE
T9B44 382:391.808 JLINK_IsHalted()
T9B44 382:392.384 - 0.560ms returns FALSE
T9B44 382:392.416 JLINK_IsHalted()
T9B44 382:393.024 - 0.594ms returns FALSE
T9B44 382:501.280 JLINK_IsHalted()
T9B44 382:502.016 - 0.748ms returns FALSE
T9B44 382:502.080 JLINK_IsHalted()
T9B44 382:502.848 - 0.787ms returns FALSE
T9B44 382:610.368 JLINK_IsHalted()
T9B44 382:611.264 - 0.895ms returns FALSE
T9B44 382:611.328 JLINK_IsHalted()
T9B44 382:612.160 - 0.845ms returns FALSE
T9B44 382:719.776 JLINK_IsHalted()
T9B44 382:720.608 - 0.848ms returns FALSE
T9B44 382:720.704 JLINK_IsHalted()
T9B44 382:721.440 - 0.742ms returns FALSE
T778C 382:732.896 JLINK_IsHalted()
T778C 382:733.600 - 0.684ms returns FALSE
T778C 382:733.632 JLINK_IsHalted()
T778C 382:734.240 - 0.600ms returns FALSE
T9B44 382:828.288 JLINK_IsHalted()
T9B44 382:829.088 - 0.790ms returns FALSE
T9B44 382:829.120 JLINK_IsHalted()
T9B44 382:829.952 - 0.807ms returns FALSE
T9B44 382:938.048 JLINK_IsHalted()
T9B44 382:938.816 - 0.782ms returns FALSE
T9B44 382:938.880 JLINK_IsHalted()
T9B44 382:939.584 - 0.719ms returns FALSE
T9B44 383:047.360 JLINK_IsHalted()
T9B44 383:048.192 - 0.824ms returns FALSE
T9B44 383:048.256 JLINK_IsHalted()
T9B44 383:048.864 - 0.607ms returns FALSE
T9B44 383:157.056 JLINK_IsHalted()
T9B44 383:157.568 - 0.519ms returns FALSE
T9B44 383:157.600 JLINK_IsHalted()
T9B44 383:158.176 - 0.556ms returns FALSE
T9B44 383:265.984 JLINK_IsHalted()
T9B44 383:266.752 - 0.735ms returns FALSE
T9B44 383:266.784 JLINK_IsHalted()
T9B44 383:267.520 - 0.726ms returns FALSE
T9B44 383:375.840 JLINK_IsHalted()
T9B44 383:376.704 - 0.863ms returns FALSE
T9B44 383:376.768 JLINK_IsHalted()
T9B44 383:377.472 - 0.708ms returns FALSE
T9B44 383:484.864 JLINK_IsHalted()
T9B44 383:485.760 - 0.890ms returns FALSE
T9B44 383:485.824 JLINK_IsHalted()
T9B44 383:486.528 - 0.731ms returns FALSE
T9B44 383:594.336 JLINK_IsHalted()
T9B44 383:594.912 - 0.581ms returns FALSE
T9B44 383:595.008 JLINK_IsHalted()
T9B44 383:595.552 - 0.544ms returns FALSE
T9B44 383:704.256 JLINK_IsHalted()
T9B44 383:704.736 - 0.492ms returns FALSE
T9B44 383:704.768 JLINK_IsHalted()
T9B44 383:705.024 - 0.271ms returns FALSE
T778C 383:735.232 JLINK_IsHalted()
T778C 383:735.616 - 0.398ms returns FALSE
T778C 383:735.648 JLINK_IsHalted()
T778C 383:736.160 - 0.510ms returns FALSE
T9B44 383:812.896 JLINK_IsHalted()
T9B44 383:813.312 - 0.402ms returns FALSE
T9B44 383:813.312 JLINK_IsHalted()
T9B44 383:813.600 - 0.287ms returns FALSE
T9B44 383:922.624 JLINK_IsHalted()
T9B44 383:923.680 - 1.085ms returns FALSE
T9B44 383:923.744 JLINK_IsHalted()
T9B44 383:924.256 - 0.517ms returns FALSE
T9B44 384:031.840 JLINK_IsHalted()
T9B44 384:032.448 - 0.615ms returns FALSE
T9B44 384:032.480 JLINK_IsHalted()
T9B44 384:032.896 - 0.407ms returns FALSE
T9B44 384:140.864 JLINK_IsHalted()
T9B44 384:141.440 - 0.585ms returns FALSE
T9B44 384:141.472 JLINK_IsHalted()
T9B44 384:141.888 - 0.400ms returns FALSE
T9B44 384:250.848 JLINK_IsHalted()
T9B44 384:251.552 - 0.674ms returns FALSE
T9B44 384:251.584 JLINK_IsHalted()
T9B44 384:252.096 - 0.539ms returns FALSE
T9B44 384:360.448 JLINK_IsHalted()
T9B44 384:361.056 - 0.617ms returns FALSE
T9B44 384:361.088 JLINK_IsHalted()
T9B44 384:361.536 - 0.447ms returns FALSE
T9B44 384:469.312 JLINK_IsHalted()
T9B44 384:470.080 - 0.769ms returns FALSE
T9B44 384:470.144 JLINK_IsHalted()
T9B44 384:470.656 - 0.533ms returns FALSE
T9B44 384:578.560 JLINK_IsHalted()
T9B44 384:580.544 - 1.993ms returns FALSE
T9B44 384:580.608 JLINK_IsHalted()
T9B44 384:581.312 - 0.690ms returns FALSE
T9B44 384:688.608 JLINK_IsHalted()
T9B44 384:689.408 - 0.794ms returns FALSE
T9B44 384:689.472 JLINK_IsHalted()
T9B44 384:692.416 - 2.957ms returns FALSE
T778C 384:736.768 JLINK_IsHalted()
T778C 384:737.376 - 0.626ms returns FALSE
T778C 384:737.440 JLINK_IsHalted()
T778C 384:738.048 - 0.616ms returns FALSE
T9B44 384:797.888 JLINK_IsHalted()
T9B44 384:798.624 - 0.716ms returns FALSE
T9B44 384:798.656 JLINK_IsHalted()
T9B44 384:799.392 - 0.725ms returns FALSE
T9B44 384:907.360 JLINK_IsHalted()
T9B44 384:908.096 - 0.720ms returns FALSE
T9B44 384:908.160 JLINK_IsHalted()
T9B44 384:908.640 - 0.477ms returns FALSE
T9B44 385:016.064 JLINK_IsHalted()
T9B44 385:016.768 - 0.712ms returns FALSE
T9B44 385:016.832 JLINK_IsHalted()
T9B44 385:017.408 - 0.598ms returns FALSE
T9B44 385:125.952 JLINK_IsHalted()
T9B44 385:126.496 - 0.551ms returns FALSE
T9B44 385:126.528 JLINK_IsHalted()
T9B44 385:126.976 - 0.426ms returns FALSE
T9B44 385:235.008 JLINK_IsHalted()
T9B44 385:235.456 - 0.440ms returns FALSE
T9B44 385:235.520 JLINK_IsHalted()
T9B44 385:235.872 - 0.363ms returns FALSE
T9B44 385:344.736 JLINK_IsHalted()
T9B44 385:345.216 - 0.485ms returns FALSE
T9B44 385:345.248 JLINK_IsHalted()
T9B44 385:345.664 - 0.417ms returns FALSE
T9B44 385:453.632 JLINK_IsHalted()
T9B44 385:454.272 - 0.602ms returns FALSE
T9B44 385:454.272 JLINK_IsHalted()
T9B44 385:454.784 - 0.493ms returns FALSE
T9B44 385:562.720 JLINK_IsHalted()
T9B44 385:563.200 - 0.476ms returns FALSE
T9B44 385:563.200 JLINK_IsHalted()
T9B44 385:563.840 - 0.640ms returns FALSE
T9B44 385:672.384 JLINK_IsHalted()
T9B44 385:673.600 - 1.222ms returns FALSE
T9B44 385:673.632 JLINK_IsHalted()
T9B44 385:674.112 - 0.493ms returns FALSE
T778C 385:739.200 JLINK_IsHalted()
T778C 385:739.744 - 0.565ms returns FALSE
T778C 385:739.776 JLINK_IsHalted()
T778C 385:740.224 - 0.465ms returns FALSE
T9B44 385:781.792 JLINK_IsHalted()
T9B44 385:782.240 - 0.462ms returns FALSE
T9B44 385:782.304 JLINK_IsHalted()
T9B44 385:782.656 - 0.361ms returns FALSE
T9B44 385:891.104 JLINK_IsHalted()
T9B44 385:891.520 - 0.441ms returns FALSE
T9B44 385:891.520 JLINK_IsHalted()
T9B44 385:891.968 - 0.417ms returns FALSE
T9B44 386:000.096 JLINK_IsHalted()
T9B44 386:000.672 - 0.579ms returns FALSE
T9B44 386:000.704 JLINK_IsHalted()
T9B44 386:001.088 - 0.422ms returns FALSE
T9B44 386:110.144 JLINK_IsHalted()
T9B44 386:112.928 - 2.782ms returns FALSE
T9B44 386:112.960 JLINK_IsHalted()
T9B44 386:113.504 - 0.546ms returns FALSE
T9B44 386:219.744 JLINK_IsHalted()
T9B44 386:220.544 - 0.789ms returns FALSE
T9B44 386:220.608 JLINK_IsHalted()
T9B44 386:221.312 - 0.718ms returns FALSE
T9B44 386:328.512 JLINK_IsHalted()
T9B44 386:328.992 - 0.480ms returns FALSE
T9B44 386:328.992 JLINK_IsHalted()
T9B44 386:329.408 - 0.412ms returns FALSE
T9B44 386:438.560 JLINK_IsHalted()
T9B44 386:439.008 - 0.464ms returns FALSE
T9B44 386:439.040 JLINK_IsHalted()
T9B44 386:439.360 - 0.336ms returns FALSE
T9B44 386:547.136 JLINK_IsHalted()
T9B44 386:547.584 - 0.436ms returns FALSE
T9B44 386:547.616 JLINK_IsHalted()
T9B44 386:547.936 - 0.343ms returns FALSE
T9B44 386:657.568 JLINK_IsHalted()
T9B44 386:658.144 - 0.594ms returns FALSE
T9B44 386:658.176 JLINK_IsHalted()
T9B44 386:658.688 - 0.512ms returns FALSE
T778C 386:741.152 JLINK_IsHalted()
T778C 386:741.600 - 0.461ms returns FALSE
T778C 386:741.664 JLINK_IsHalted()
T778C 386:742.016 - 0.379ms returns FALSE
T9B44 386:766.400 JLINK_IsHalted()
T9B44 386:766.976 - 0.544ms returns FALSE
T9B44 386:767.008 JLINK_IsHalted()
T9B44 386:767.616 - 0.624ms returns FALSE
T9B44 386:875.840 JLINK_IsHalted()
T9B44 386:876.480 - 0.658ms returns FALSE
T9B44 386:876.512 JLINK_IsHalted()
T9B44 386:876.992 - 0.502ms returns FALSE
T9B44 386:985.184 JLINK_IsHalted()
T9B44 386:986.080 - 0.897ms returns FALSE
T9B44 386:986.144 JLINK_IsHalted()
T9B44 386:986.752 - 0.619ms returns FALSE
T9B44 387:094.080 JLINK_IsHalted()
T9B44 387:094.976 - 0.855ms returns FALSE
T9B44 387:095.008 JLINK_IsHalted()
T9B44 387:095.776 - 0.744ms returns FALSE
T9B44 387:203.712 JLINK_IsHalted()
T9B44 387:204.352 - 0.640ms returns FALSE
T9B44 387:204.416 JLINK_IsHalted()
T9B44 387:204.928 - 0.540ms returns FALSE
T9B44 387:313.344 JLINK_IsHalted()
T9B44 387:313.856 - 0.555ms returns FALSE
T9B44 387:313.888 JLINK_IsHalted()
T9B44 387:314.368 - 0.455ms returns FALSE
T9B44 387:422.624 JLINK_IsHalted()
T9B44 387:423.136 - 0.501ms returns FALSE
T9B44 387:423.168 JLINK_IsHalted()
T9B44 387:423.584 - 0.425ms returns FALSE
T9B44 387:531.424 JLINK_IsHalted()
T9B44 387:531.936 - 0.530ms returns FALSE
T9B44 387:531.968 JLINK_IsHalted()
T9B44 387:532.352 - 0.393ms returns FALSE
T9B44 387:641.664 JLINK_IsHalted()
T9B44 387:642.208 - 0.557ms returns FALSE
T9B44 387:642.240 JLINK_IsHalted()
T9B44 387:642.656 - 0.415ms returns FALSE
T778C 387:743.680 JLINK_IsHalted()
T778C 387:744.576 - 0.893ms returns FALSE
T778C 387:744.672 JLINK_IsHalted()
T778C 387:745.344 - 0.678ms returns FALSE
T9B44 387:750.624 JLINK_IsHalted()
T9B44 387:751.488 - 0.863ms returns FALSE
T9B44 387:751.584 JLINK_IsHalted()
T9B44 387:752.480 - 0.889ms returns FALSE
T9B44 387:859.904 JLINK_IsHalted()
T9B44 387:860.608 - 0.722ms returns FALSE
T9B44 387:860.672 JLINK_IsHalted()
T9B44 387:861.568 - 0.853ms returns FALSE
T9B44 387:969.344 JLINK_IsHalted()
T9B44 387:970.240 - 0.886ms returns FALSE
T9B44 387:970.304 JLINK_IsHalted()
T9B44 387:970.944 - 0.641ms returns FALSE
T9B44 388:078.848 JLINK_IsHalted()
T9B44 388:079.744 - 0.903ms returns FALSE
T9B44 388:079.840 JLINK_IsHalted()
T9B44 388:080.640 - 0.809ms returns FALSE
T9B44 388:188.352 JLINK_IsHalted()
T9B44 388:189.248 - 0.870ms returns FALSE
T9B44 388:189.248 JLINK_IsHalted()
T9B44 388:189.888 - 0.634ms returns FALSE
T9B44 388:297.920 JLINK_IsHalted()
T9B44 388:298.592 - 0.651ms returns FALSE
T9B44 388:298.656 JLINK_IsHalted()
T9B44 388:299.168 - 0.524ms returns FALSE
T9B44 388:406.592 JLINK_IsHalted()
T9B44 388:407.104 - 0.533ms returns FALSE
T9B44 388:407.168 JLINK_IsHalted()
T9B44 388:407.584 - 0.413ms returns FALSE
T9B44 388:515.936 JLINK_IsHalted()
T9B44 388:516.480 - 0.538ms returns FALSE
T9B44 388:516.512 JLINK_IsHalted()
T9B44 388:517.024 - 0.517ms returns FALSE
T9B44 388:626.048 JLINK_IsHalted()
T9B44 388:626.528 - 0.490ms returns FALSE
T9B44 388:626.560 JLINK_IsHalted()
T9B44 388:626.944 - 0.382ms returns FALSE
T9B44 388:735.040 JLINK_IsHalted()
T9B44 388:735.552 - 0.510ms returns FALSE
T9B44 388:735.584 JLINK_IsHalted()
T9B44 388:736.064 - 0.476ms returns FALSE
T778C 388:746.176 JLINK_IsHalted()
T778C 388:746.688 - 0.521ms returns FALSE
T778C 388:746.720 JLINK_IsHalted()
T778C 388:747.104 - 0.400ms returns FALSE
T9B44 388:843.872 JLINK_IsHalted()
T9B44 388:844.320 - 0.448ms returns FALSE
T9B44 388:844.352 JLINK_IsHalted()
T9B44 388:844.704 - 0.361ms returns FALSE
T9B44 388:954.112 JLINK_IsHalted()
T9B44 388:954.624 - 0.492ms returns FALSE
T9B44 388:954.656 JLINK_IsHalted()
T9B44 388:955.040 - 0.404ms returns FALSE
T9B44 389:063.008 JLINK_IsHalted()
T9B44 389:063.616 - 0.621ms returns FALSE
T9B44 389:063.680 JLINK_IsHalted()
T9B44 389:064.128 - 0.455ms returns FALSE
T9B44 389:172.064 JLINK_IsHalted()
T9B44 389:174.080 - 1.996ms returns FALSE
T9B44 389:174.144 JLINK_IsHalted()
T9B44 389:174.752 - 0.613ms returns FALSE
T9B44 389:282.176 JLINK_IsHalted()
T9B44 389:283.072 - 0.892ms returns FALSE
T9B44 389:283.136 JLINK_IsHalted()
T9B44 389:284.032 - 0.862ms returns FALSE
T9B44 389:391.840 JLINK_IsHalted()
T9B44 389:392.640 - 0.809ms returns FALSE
T9B44 389:392.704 JLINK_IsHalted()
T9B44 389:393.248 - 0.533ms returns FALSE
T9B44 389:500.224 JLINK_IsHalted()
T9B44 389:501.248 - 1.014ms returns FALSE
T9B44 389:501.376 JLINK_IsHalted()
T9B44 389:504.320 - 2.920ms returns FALSE
T9B44 389:609.792 JLINK_IsHalted()
T9B44 389:610.848 - 1.089ms returns FALSE
T9B44 389:610.944 JLINK_IsHalted()
T9B44 389:612.864 - 1.928ms returns FALSE
T9B44 389:720.032 JLINK_IsHalted()
T9B44 389:721.120 - 1.055ms returns FALSE
T9B44 389:721.184 JLINK_IsHalted()
T9B44 389:722.080 - 0.884ms returns FALSE
T778C 389:748.192 JLINK_IsHalted()
T778C 389:748.896 - 0.676ms returns FALSE
T778C 389:748.928 JLINK_IsHalted()
T778C 389:749.568 - 0.604ms returns FALSE
T9B44 389:829.184 JLINK_IsHalted()
T9B44 389:829.856 - 0.696ms returns FALSE
T9B44 389:829.952 JLINK_IsHalted()
T9B44 389:830.592 - 0.641ms returns FALSE
T9B44 389:938.112 JLINK_IsHalted()
T9B44 389:939.136 - 1.019ms returns FALSE
T9B44 389:939.232 JLINK_IsHalted()
T9B44 389:940.064 - 0.832ms returns FALSE
T9B44 390:047.840 JLINK_IsHalted()
T9B44 390:048.576 - 0.698ms returns FALSE
T9B44 390:048.576 JLINK_IsHalted()
T9B44 390:049.152 - 0.550ms returns FALSE
T9B44 390:156.544 JLINK_IsHalted()
T9B44 390:157.120 - 0.563ms returns FALSE
T9B44 390:157.120 JLINK_IsHalted()
T9B44 390:157.664 - 0.533ms returns FALSE
T9B44 390:266.336 JLINK_IsHalted()
T9B44 390:266.784 - 0.437ms returns FALSE
T9B44 390:266.816 JLINK_IsHalted()
T9B44 390:267.200 - 0.416ms returns FALSE
T9B44 390:375.936 JLINK_IsHalted()
T9B44 390:378.688 - 2.736ms returns FALSE
T9B44 390:378.784 JLINK_IsHalted()
T9B44 390:379.680 - 0.906ms returns FALSE
T9B44 390:485.312 JLINK_IsHalted()
T9B44 390:486.336 - 1.051ms returns FALSE
T9B44 390:486.432 JLINK_IsHalted()
T9B44 390:487.328 - 0.896ms returns FALSE
T9B44 390:594.048 JLINK_IsHalted()
T9B44 390:595.008 - 0.970ms returns FALSE
T9B44 390:595.104 JLINK_IsHalted()
T9B44 390:595.840 - 0.752ms returns FALSE
T9B44 390:704.160 JLINK_IsHalted()
T9B44 390:704.832 - 0.672ms returns FALSE
T9B44 390:705.056 JLINK_IsHalted()
T9B44 390:705.856 - 0.778ms returns FALSE
T778C 390:750.752 JLINK_IsHalted()
T778C 390:751.584 - 0.837ms returns FALSE
T778C 390:751.680 JLINK_IsHalted()
T778C 390:752.320 - 0.665ms returns FALSE
T9B44 390:813.248 JLINK_IsHalted()
T9B44 390:813.952 - 0.727ms returns FALSE
T9B44 390:814.016 JLINK_IsHalted()
T9B44 390:814.848 - 0.819ms returns FALSE
T9B44 390:922.144 JLINK_IsHalted()
T9B44 390:924.992 - 2.884ms returns FALSE
T9B44 390:925.120 JLINK_IsHalted()
T9B44 390:926.144 - 1.039ms returns FALSE
T9B44 391:031.744 JLINK_IsHalted()
T9B44 391:032.576 - 0.820ms returns FALSE
T9B44 391:032.640 JLINK_IsHalted()
T9B44 391:033.152 - 0.517ms returns FALSE
T9B44 391:141.056 JLINK_IsHalted()
T9B44 391:141.888 - 0.801ms returns FALSE
T9B44 391:142.080 JLINK_IsHalted()
T9B44 391:143.072 - 0.959ms returns FALSE
T9B44 391:250.912 JLINK_IsHalted()
T9B44 391:251.968 - 1.033ms returns FALSE
T9B44 391:252.032 JLINK_IsHalted()
T9B44 391:252.800 - 0.765ms returns FALSE
T9B44 391:360.608 JLINK_IsHalted()
T9B44 391:361.504 - 0.899ms returns FALSE
T9B44 391:361.600 JLINK_IsHalted()
T9B44 391:362.496 - 0.875ms returns FALSE
T9B44 391:469.920 JLINK_IsHalted()
T9B44 391:470.784 - 0.844ms returns FALSE
T9B44 391:470.880 JLINK_IsHalted()
T9B44 391:471.552 - 0.685ms returns FALSE
T9B44 391:578.656 JLINK_IsHalted()
T9B44 391:579.616 - 0.974ms returns FALSE
T9B44 391:579.712 JLINK_IsHalted()
T9B44 391:580.480 - 0.763ms returns FALSE
T9B44 391:688.384 JLINK_IsHalted()
T9B44 391:689.248 - 0.864ms returns FALSE
T9B44 391:689.312 JLINK_IsHalted()
T9B44 391:691.104 - 1.786ms returns FALSE
T778C 391:753.536 JLINK_IsHalted()
T778C 391:754.176 - 0.655ms returns FALSE
T778C 391:754.304 JLINK_IsHalted()
T778C 391:757.312 - 3.019ms returns FALSE
T9B44 391:797.248 JLINK_IsHalted()
T9B44 391:798.464 - 1.225ms returns FALSE
T9B44 391:798.720 JLINK_IsHalted()
T9B44 391:799.360 - 0.635ms returns FALSE
T9B44 391:906.688 JLINK_IsHalted()
T9B44 391:908.032 - 1.328ms returns FALSE
T9B44 391:908.096 JLINK_IsHalted()
T9B44 391:908.768 - 0.663ms returns FALSE
T9B44 392:016.256 JLINK_IsHalted()
T9B44 392:017.216 - 0.952ms returns FALSE
T9B44 392:017.312 JLINK_IsHalted()
T9B44 392:018.080 - 0.772ms returns FALSE
T9B44 392:125.344 JLINK_IsHalted()
T9B44 392:126.272 - 0.913ms returns FALSE
T9B44 392:126.336 JLINK_IsHalted()
T9B44 392:127.296 - 0.942ms returns FALSE
T9B44 392:234.848 JLINK_IsHalted()
T9B44 392:235.648 - 0.810ms returns FALSE
T9B44 392:235.712 JLINK_IsHalted()
T9B44 392:236.256 - 0.538ms returns FALSE
T9B44 392:344.128 JLINK_IsHalted()
T9B44 392:345.152 - 1.012ms returns FALSE
T9B44 392:345.184 JLINK_IsHalted()
T9B44 392:345.952 - 0.745ms returns FALSE
T9B44 392:453.376 JLINK_IsHalted()
T9B44 392:454.720 - 1.363ms returns FALSE
T9B44 392:454.816 JLINK_IsHalted()
T9B44 392:455.744 - 0.909ms returns FALSE
T9B44 392:562.848 JLINK_IsHalted()
T9B44 392:563.584 - 0.716ms returns FALSE
T9B44 392:563.648 JLINK_IsHalted()
T9B44 392:564.800 - 1.155ms returns FALSE
T9B44 392:672.864 JLINK_IsHalted()
T9B44 392:673.696 - 0.825ms returns FALSE
T9B44 392:673.728 JLINK_IsHalted()
T9B44 392:674.240 - 0.502ms returns FALSE
T778C 392:758.656 JLINK_IsHalted()
T778C 392:759.552 - 0.892ms returns FALSE
T778C 392:759.584 JLINK_IsHalted()
T778C 392:760.352 - 0.755ms returns FALSE
T9B44 392:781.472 JLINK_IsHalted()
T9B44 392:782.240 - 0.777ms returns FALSE
T9B44 392:782.272 JLINK_IsHalted()
T9B44 392:783.008 - 0.726ms returns FALSE
T9B44 392:891.296 JLINK_IsHalted()
T9B44 392:891.840 - 0.580ms returns FALSE
T9B44 392:891.904 JLINK_IsHalted()
T9B44 392:892.416 - 0.514ms returns FALSE
T9B44 393:000.512 JLINK_IsHalted()
T9B44 393:001.056 - 0.554ms returns FALSE
T9B44 393:001.120 JLINK_IsHalted()
T9B44 393:001.600 - 0.503ms returns FALSE
T9B44 393:109.504 JLINK_IsHalted()
T9B44 393:110.080 - 0.594ms returns FALSE
T9B44 393:110.112 JLINK_IsHalted()
T9B44 393:110.592 - 0.461ms returns FALSE
T9B44 393:219.584 JLINK_IsHalted()
T9B44 393:220.192 - 0.609ms returns FALSE
T9B44 393:220.224 JLINK_IsHalted()
T9B44 393:220.736 - 0.511ms returns FALSE
T9B44 393:328.768 JLINK_IsHalted()
T9B44 393:329.408 - 0.619ms returns FALSE
T9B44 393:329.472 JLINK_IsHalted()
T9B44 393:329.984 - 0.545ms returns FALSE
T9B44 393:437.664 JLINK_IsHalted()
T9B44 393:438.368 - 0.707ms returns FALSE
T9B44 393:438.400 JLINK_IsHalted()
T9B44 393:439.168 - 0.766ms returns FALSE
T9B44 393:547.328 JLINK_IsHalted()
T9B44 393:548.032 - 0.672ms returns FALSE
T9B44 393:548.032 JLINK_IsHalted()
T9B44 393:548.576 - 0.514ms returns FALSE
T9B44 393:656.640 JLINK_IsHalted()
T9B44 393:659.968 - 3.327ms returns FALSE
T9B44 393:660.032 JLINK_IsHalted()
T9B44 393:660.448 - 0.415ms returns FALSE
T778C 393:761.216 JLINK_IsHalted()
T778C 393:761.728 - 0.476ms returns FALSE
T778C 393:761.760 JLINK_IsHalted()
T778C 393:762.176 - 0.418ms returns FALSE
T9B44 393:765.760 JLINK_IsHalted()
T9B44 393:766.368 - 0.599ms returns FALSE
T9B44 393:766.368 JLINK_IsHalted()
T9B44 393:766.912 - 0.533ms returns FALSE
T9B44 393:875.872 JLINK_IsHalted()
T9B44 393:876.544 - 0.654ms returns FALSE
T9B44 393:876.544 JLINK_IsHalted()
T9B44 393:877.088 - 0.532ms returns FALSE
T9B44 393:985.472 JLINK_IsHalted()
T9B44 393:986.016 - 0.541ms returns FALSE
T9B44 393:986.048 JLINK_IsHalted()
T9B44 393:987.520 - 1.449ms returns FALSE
T9B44 394:094.944 JLINK_IsHalted()
T9B44 394:095.520 - 0.553ms returns FALSE
T9B44 394:095.552 JLINK_IsHalted()
T9B44 394:095.968 - 0.439ms returns FALSE
T9B44 394:203.904 JLINK_IsHalted()
T9B44 394:204.864 - 0.943ms returns FALSE
T9B44 394:204.896 JLINK_IsHalted()
T9B44 394:205.568 - 0.671ms returns FALSE
T9B44 394:312.672 JLINK_IsHalted()
T9B44 394:313.216 - 0.549ms returns FALSE
T9B44 394:313.280 JLINK_IsHalted()
T9B44 394:313.856 - 0.586ms returns FALSE
T9B44 394:422.272 JLINK_IsHalted()
T9B44 394:422.880 - 0.619ms returns FALSE
T9B44 394:422.912 JLINK_IsHalted()
T9B44 394:423.424 - 0.489ms returns FALSE
T9B44 394:531.808 JLINK_IsHalted()
T9B44 394:532.288 - 0.493ms returns FALSE
T9B44 394:532.320 JLINK_IsHalted()
T9B44 394:532.640 - 0.322ms returns FALSE
T9B44 394:640.832 JLINK_IsHalted()
T9B44 394:641.280 - 0.454ms returns FALSE
T9B44 394:641.312 JLINK_IsHalted()
T9B44 394:641.600 - 0.292ms returns FALSE
T9B44 394:750.976 JLINK_IsHalted()
T9B44 394:751.488 - 0.510ms returns FALSE
T9B44 394:751.488 JLINK_IsHalted()
T9B44 394:751.808 - 0.306ms returns FALSE
T778C 394:762.784 JLINK_IsHalted()
T778C 394:763.200 - 0.422ms returns FALSE
T778C 394:763.200 JLINK_IsHalted()
T778C 394:763.584 - 0.369ms returns FALSE
T9B44 394:860.160 JLINK_IsHalted()
T9B44 394:860.576 - 0.414ms returns FALSE
T9B44 394:860.608 JLINK_IsHalted()
T9B44 394:860.896 - 0.278ms returns FALSE
T9B44 394:969.056 JLINK_IsHalted()
T9B44 394:969.536 - 0.452ms returns FALSE
T9B44 394:969.536 JLINK_IsHalted()
T9B44 394:969.984 - 0.431ms returns FALSE
T9B44 395:078.720 JLINK_IsHalted()
T9B44 395:079.296 - 0.589ms returns FALSE
T9B44 395:079.328 JLINK_IsHalted()
T9B44 395:079.936 - 0.592ms returns FALSE
T9B44 395:188.416 JLINK_IsHalted()
T9B44 395:188.928 - 0.535ms returns FALSE
T9B44 395:188.992 JLINK_IsHalted()
T9B44 395:189.312 - 0.335ms returns FALSE
T9B44 395:297.600 JLINK_IsHalted()
T9B44 395:298.208 - 0.611ms returns FALSE
T9B44 395:298.240 JLINK_IsHalted()
T9B44 395:298.752 - 0.489ms returns FALSE
T9B44 395:407.232 JLINK_IsHalted()
T9B44 395:407.776 - 0.531ms returns FALSE
T9B44 395:407.808 JLINK_IsHalted()
T9B44 395:408.256 - 0.443ms returns FALSE
T9B44 395:516.480 JLINK_IsHalted()
T9B44 395:516.992 - 0.463ms returns FALSE
T9B44 395:516.992 JLINK_IsHalted()
T9B44 395:517.568 - 0.566ms returns FALSE
T9B44 395:625.504 JLINK_IsHalted()
T9B44 395:626.016 - 0.518ms returns FALSE
T9B44 395:626.048 JLINK_IsHalted()
T9B44 395:626.560 - 0.513ms returns FALSE
T9B44 395:735.040 JLINK_IsHalted()
T9B44 395:735.744 - 0.677ms returns FALSE
T9B44 395:735.744 JLINK_IsHalted()
T9B44 395:736.256 - 0.489ms returns FALSE
T778C 395:764.224 JLINK_IsHalted()
T778C 395:764.800 - 0.589ms returns FALSE
T778C 395:764.832 JLINK_IsHalted()
T778C 395:765.312 - 0.483ms returns FALSE
T9B44 395:844.160 JLINK_IsHalted()
T9B44 395:845.824 - 1.674ms returns FALSE
T9B44 395:845.888 JLINK_IsHalted()
T9B44 395:846.592 - 0.699ms returns FALSE
T9B44 395:953.440 JLINK_IsHalted()
T9B44 395:953.920 - 0.487ms returns FALSE
T9B44 395:953.952 JLINK_IsHalted()
T9B44 395:954.560 - 0.607ms returns FALSE
T9B44 396:062.752 JLINK_IsHalted()
T9B44 396:063.296 - 0.548ms returns FALSE
T9B44 396:063.328 JLINK_IsHalted()
T9B44 396:063.744 - 0.418ms returns FALSE
T9B44 396:172.992 JLINK_IsHalted()
T9B44 396:174.080 - 1.104ms returns FALSE
T9B44 396:174.144 JLINK_IsHalted()
T9B44 396:174.656 - 0.525ms returns FALSE
T9B44 396:281.600 JLINK_IsHalted()
T9B44 396:282.176 - 0.584ms returns FALSE
T9B44 396:282.176 JLINK_IsHalted()
T9B44 396:282.624 - 0.431ms returns FALSE
T9B44 396:391.424 JLINK_IsHalted()
T9B44 396:391.904 - 0.484ms returns FALSE
T9B44 396:391.936 JLINK_IsHalted()
T9B44 396:392.256 - 0.331ms returns FALSE
T9B44 396:501.152 JLINK_IsHalted()
T9B44 396:501.632 - 0.482ms returns FALSE
T9B44 396:501.664 JLINK_IsHalted()
T9B44 396:502.080 - 0.409ms returns FALSE
T9B44 396:610.080 JLINK_IsHalted()
T9B44 396:610.624 - 0.543ms returns FALSE
T9B44 396:610.624 JLINK_IsHalted()
T9B44 396:611.072 - 0.427ms returns FALSE
T9B44 396:719.584 JLINK_IsHalted()
T9B44 396:720.128 - 0.540ms returns FALSE
T9B44 396:720.160 JLINK_IsHalted()
T9B44 396:720.608 - 0.453ms returns FALSE
T778C 396:765.408 JLINK_IsHalted()
T778C 396:765.824 - 0.406ms returns FALSE
T778C 396:765.856 JLINK_IsHalted()
T778C 396:766.240 - 0.398ms returns FALSE
T9B44 396:828.608 JLINK_IsHalted()
T9B44 396:829.056 - 0.456ms returns FALSE
T9B44 396:829.088 JLINK_IsHalted()
T9B44 396:829.504 - 0.431ms returns FALSE
T9B44 396:938.336 JLINK_IsHalted()
T9B44 396:939.040 - 0.683ms returns FALSE
T9B44 396:939.072 JLINK_IsHalted()
T9B44 396:941.280 - 2.225ms returns FALSE
T9B44 397:047.456 JLINK_IsHalted()
T9B44 397:048.000 - 0.535ms returns FALSE
T9B44 397:048.000 JLINK_IsHalted()
T9B44 397:048.480 - 0.475ms returns FALSE
T9B44 397:156.704 JLINK_IsHalted()
T9B44 397:157.568 - 0.869ms returns FALSE
T9B44 397:157.664 JLINK_IsHalted()
T9B44 397:158.208 - 0.564ms returns FALSE
T9B44 397:266.112 JLINK_IsHalted()
T9B44 397:266.880 - 0.771ms returns FALSE
T9B44 397:266.880 JLINK_IsHalted()
T9B44 397:267.616 - 0.721ms returns FALSE
T9B44 397:375.520 JLINK_IsHalted()
T9B44 397:376.384 - 0.867ms returns FALSE
T9B44 397:376.448 JLINK_IsHalted()
T9B44 397:377.184 - 0.736ms returns FALSE
T9B44 397:485.312 JLINK_IsHalted()
T9B44 397:486.144 - 0.822ms returns FALSE
T9B44 397:486.208 JLINK_IsHalted()
T9B44 397:486.912 - 0.708ms returns FALSE
T9B44 397:593.920 JLINK_IsHalted()
T9B44 397:594.624 - 0.708ms returns FALSE
T9B44 397:594.656 JLINK_IsHalted()
T9B44 397:595.136 - 0.472ms returns FALSE
T9B44 397:703.392 JLINK_IsHalted()
T9B44 397:704.000 - 0.589ms returns FALSE
T9B44 397:704.000 JLINK_IsHalted()
T9B44 397:704.608 - 0.577ms returns FALSE
T778C 397:767.232 JLINK_IsHalted()
T778C 397:768.032 - 0.794ms returns FALSE
T778C 397:768.096 JLINK_IsHalted()
T778C 397:768.864 - 0.776ms returns FALSE
T9B44 397:813.408 JLINK_IsHalted()
T9B44 397:814.464 - 1.040ms returns FALSE
T9B44 397:814.496 JLINK_IsHalted()
T9B44 397:815.200 - 0.674ms returns FALSE
T9B44 397:922.752 JLINK_IsHalted()
T9B44 397:924.288 - 1.539ms returns FALSE
T9B44 397:924.352 JLINK_IsHalted()
T9B44 397:924.800 - 0.434ms returns FALSE
T9B44 398:031.712 JLINK_IsHalted()
T9B44 398:032.224 - 0.494ms returns FALSE
T9B44 398:032.224 JLINK_IsHalted()
T9B44 398:032.640 - 0.398ms returns FALSE
T9B44 398:141.024 JLINK_IsHalted()
T9B44 398:141.632 - 0.631ms returns FALSE
T9B44 398:141.664 JLINK_IsHalted()
T9B44 398:142.048 - 0.380ms returns FALSE
T9B44 398:251.168 JLINK_IsHalted()
T9B44 398:251.840 - 0.648ms returns FALSE
T9B44 398:251.840 JLINK_IsHalted()
T9B44 398:252.352 - 0.504ms returns FALSE
T9B44 398:360.000 JLINK_IsHalted()
T9B44 398:360.512 - 0.536ms returns FALSE
T9B44 398:360.544 JLINK_IsHalted()
T9B44 398:360.928 - 0.391ms returns FALSE
T9B44 398:469.312 JLINK_IsHalted()
T9B44 398:469.824 - 0.531ms returns FALSE
T9B44 398:469.856 JLINK_IsHalted()
T9B44 398:470.336 - 0.460ms returns FALSE
T9B44 398:579.232 JLINK_IsHalted()
T9B44 398:579.712 - 0.478ms returns FALSE
T9B44 398:579.712 JLINK_IsHalted()
T9B44 398:580.160 - 0.420ms returns FALSE
T9B44 398:688.192 JLINK_IsHalted()
T9B44 398:688.672 - 0.458ms returns FALSE
T9B44 398:688.704 JLINK_IsHalted()
T9B44 398:689.088 - 0.394ms returns FALSE
T778C 398:769.952 JLINK_IsHalted()
T778C 398:770.432 - 0.494ms returns FALSE
T778C 398:770.464 JLINK_IsHalted()
T778C 398:770.848 - 0.384ms returns FALSE
T9B44 398:797.824 JLINK_IsHalted()
T9B44 398:798.304 - 0.510ms returns FALSE
T9B44 398:798.336 JLINK_IsHalted()
T9B44 398:798.784 - 0.426ms returns FALSE
T9B44 398:907.648 JLINK_IsHalted()
T9B44 398:910.592 - 2.951ms returns FALSE
T9B44 398:910.656 JLINK_IsHalted()
T9B44 398:912.864 - 2.200ms returns FALSE
T9B44 399:016.256 JLINK_IsHalted()
T9B44 399:017.152 - 0.905ms returns FALSE
T9B44 399:017.216 JLINK_IsHalted()
T9B44 399:017.920 - 0.694ms returns FALSE
T9B44 399:125.216 JLINK_IsHalted()
T9B44 399:125.952 - 0.735ms returns FALSE
T9B44 399:125.984 JLINK_IsHalted()
T9B44 399:126.560 - 0.564ms returns FALSE
T9B44 399:234.496 JLINK_IsHalted()
T9B44 399:235.136 - 0.646ms returns FALSE
T9B44 399:235.200 JLINK_IsHalted()
T9B44 399:235.616 - 0.407ms returns FALSE
T9B44 399:344.832 JLINK_IsHalted()
T9B44 399:345.600 - 0.758ms returns FALSE
T9B44 399:345.600 JLINK_IsHalted()
T9B44 399:346.080 - 0.445ms returns FALSE
T9B44 399:453.952 JLINK_IsHalted()
T9B44 399:454.784 - 0.833ms returns FALSE
T9B44 399:454.848 JLINK_IsHalted()
T9B44 399:455.616 - 0.759ms returns FALSE
T9B44 399:563.616 JLINK_IsHalted()
T9B44 399:564.288 - 0.657ms returns FALSE
T9B44 399:564.320 JLINK_IsHalted()
T9B44 399:564.992 - 0.672ms returns FALSE
T9B44 399:672.544 JLINK_IsHalted()
T9B44 399:673.248 - 0.688ms returns FALSE
T9B44 399:673.312 JLINK_IsHalted()
T9B44 399:674.144 - 0.824ms returns FALSE
T778C 399:771.776 JLINK_IsHalted()
T778C 399:772.480 - 0.697ms returns FALSE
T778C 399:772.576 JLINK_IsHalted()
T778C 399:773.248 - 0.664ms returns FALSE
T9B44 399:782.240 JLINK_IsHalted()
T9B44 399:782.976 - 0.752ms returns FALSE
T9B44 399:783.232 JLINK_IsHalted()
T9B44 399:783.744 - 0.524ms returns FALSE
T9B44 399:891.360 JLINK_IsHalted()
T9B44 399:892.160 - 0.826ms returns FALSE
T9B44 399:892.192 JLINK_IsHalted()
T9B44 399:893.088 - 0.879ms returns FALSE
T9B44 400:000.832 JLINK_IsHalted()
T9B44 400:001.728 - 0.894ms returns FALSE
T9B44 400:001.792 JLINK_IsHalted()
T9B44 400:002.752 - 0.968ms returns FALSE
T9B44 400:109.600 JLINK_IsHalted()
T9B44 400:110.432 - 0.847ms returns FALSE
T9B44 400:110.528 JLINK_IsHalted()
T9B44 400:111.456 - 0.953ms returns FALSE
T9B44 400:219.232 JLINK_IsHalted()
T9B44 400:220.096 - 0.879ms returns FALSE
T9B44 400:220.192 JLINK_IsHalted()
T9B44 400:220.896 - 0.724ms returns FALSE
T9B44 400:328.800 JLINK_IsHalted()
T9B44 400:329.664 - 0.839ms returns FALSE
T9B44 400:329.728 JLINK_IsHalted()
T9B44 400:330.688 - 0.963ms returns FALSE
T9B44 400:438.112 JLINK_IsHalted()
T9B44 400:438.880 - 0.768ms returns FALSE
T9B44 400:438.976 JLINK_IsHalted()
T9B44 400:439.744 - 0.757ms returns FALSE
T9B44 400:547.904 JLINK_IsHalted()
T9B44 400:548.608 - 0.683ms returns FALSE
T9B44 400:548.640 JLINK_IsHalted()
T9B44 400:549.152 - 0.497ms returns FALSE
T9B44 400:657.024 JLINK_IsHalted()
T9B44 400:659.520 - 2.505ms returns FALSE
T9B44 400:659.616 JLINK_IsHalted()
T9B44 400:660.448 - 0.847ms returns FALSE
T9B44 400:766.336 JLINK_IsHalted()
T9B44 400:767.136 - 0.791ms returns FALSE
T9B44 400:767.168 JLINK_IsHalted()
T9B44 400:767.840 - 0.651ms returns FALSE
T778C 400:774.368 JLINK_IsHalted()
T778C 400:775.104 - 0.744ms returns FALSE
T778C 400:775.200 JLINK_IsHalted()
T778C 400:776.000 - 0.802ms returns FALSE
T9B44 400:876.288 JLINK_IsHalted()
T9B44 400:877.312 - 1.021ms returns FALSE
T9B44 400:877.376 JLINK_IsHalted()
T9B44 400:877.984 - 0.596ms returns FALSE
T9B44 400:985.536 JLINK_IsHalted()
T9B44 400:986.304 - 0.785ms returns FALSE
T9B44 400:986.368 JLINK_IsHalted()
T9B44 400:986.944 - 0.573ms returns FALSE
T9B44 401:094.144 JLINK_IsHalted()
T9B44 401:094.752 - 0.608ms returns FALSE
T9B44 401:094.848 JLINK_IsHalted()
T9B44 401:095.520 - 0.672ms returns FALSE
T9B44 401:204.160 JLINK_IsHalted()
T9B44 401:204.960 - 0.779ms returns FALSE
T9B44 401:204.992 JLINK_IsHalted()
T9B44 401:205.632 - 0.642ms returns FALSE
T9B44 401:313.440 JLINK_IsHalted()
T9B44 401:315.360 - 1.920ms returns FALSE
T9B44 401:315.392 JLINK_IsHalted()
T9B44 401:315.904 - 0.472ms returns FALSE
T9B44 401:422.176 JLINK_IsHalted()
T9B44 401:425.120 - 2.951ms returns FALSE
T9B44 401:425.216 JLINK_IsHalted()
T9B44 401:425.856 - 0.640ms returns FALSE
T9B44 401:531.936 JLINK_IsHalted()
T9B44 401:532.864 - 0.925ms returns FALSE
T9B44 401:532.928 JLINK_IsHalted()
T9B44 401:533.760 - 0.841ms returns FALSE
T9B44 401:640.768 JLINK_IsHalted()
T9B44 401:641.568 - 0.839ms returns FALSE
T9B44 401:641.632 JLINK_IsHalted()
T9B44 401:642.336 - 0.703ms returns FALSE
T9B44 401:750.848 JLINK_IsHalted()
T9B44 401:751.872 - 0.988ms returns FALSE
T9B44 401:751.904 JLINK_IsHalted()
T9B44 401:752.576 - 0.672ms returns FALSE
T778C 401:777.024 JLINK_IsHalted()
T778C 401:777.728 - 0.696ms returns FALSE
T778C 401:777.728 JLINK_IsHalted()
T778C 401:778.304 - 0.557ms returns FALSE
T9B44 401:859.904 JLINK_IsHalted()
T9B44 401:860.704 - 0.796ms returns FALSE
T9B44 401:860.736 JLINK_IsHalted()
T9B44 401:861.312 - 0.570ms returns FALSE
T9B44 401:969.728 JLINK_IsHalted()
T9B44 401:970.528 - 0.809ms returns FALSE
T9B44 401:970.592 JLINK_IsHalted()
T9B44 401:971.488 - 0.890ms returns FALSE
T9B44 402:078.912 JLINK_IsHalted()
T9B44 402:081.792 - 2.901ms returns FALSE
T9B44 402:081.856 JLINK_IsHalted()
T9B44 402:082.560 - 0.682ms returns FALSE
T9B44 402:188.480 JLINK_IsHalted()
T9B44 402:189.088 - 0.587ms returns FALSE
T9B44 402:189.120 JLINK_IsHalted()
T9B44 402:191.456 - 2.326ms returns FALSE
T9B44 402:297.088 JLINK_IsHalted()
T9B44 402:297.984 - 0.892ms returns FALSE
T9B44 402:298.048 JLINK_IsHalted()
T9B44 402:300.000 - 1.962ms returns FALSE
T9B44 402:407.264 JLINK_IsHalted()
T9B44 402:408.288 - 1.025ms returns FALSE
T9B44 402:408.384 JLINK_IsHalted()
T9B44 402:409.152 - 0.790ms returns FALSE
T9B44 402:516.032 JLINK_IsHalted()
T9B44 402:516.928 - 0.881ms returns FALSE
T9B44 402:516.960 JLINK_IsHalted()
T9B44 402:517.824 - 0.837ms returns FALSE
T9B44 402:626.016 JLINK_IsHalted()
T9B44 402:626.848 - 0.836ms returns FALSE
T9B44 402:626.880 JLINK_IsHalted()
T9B44 402:627.488 - 0.590ms returns FALSE
T9B44 402:735.328 JLINK_IsHalted()
T9B44 402:736.160 - 0.822ms returns FALSE
T9B44 402:736.192 JLINK_IsHalted()
T9B44 402:736.832 - 0.653ms returns FALSE
T778C 402:779.712 JLINK_IsHalted()
T778C 402:780.576 - 0.841ms returns FALSE
T778C 402:780.608 JLINK_IsHalted()
T778C 402:781.280 - 0.688ms returns FALSE
T9B44 402:844.480 JLINK_IsHalted()
T9B44 402:845.120 - 0.674ms returns FALSE
T9B44 402:845.152 JLINK_IsHalted()
T9B44 402:845.792 - 0.637ms returns FALSE
T9B44 402:953.408 JLINK_IsHalted()
T9B44 402:954.048 - 0.615ms returns FALSE
T9B44 402:954.048 JLINK_IsHalted()
T9B44 402:954.496 - 0.448ms returns FALSE
T9B44 403:062.624 JLINK_IsHalted()
T9B44 403:063.168 - 0.528ms returns FALSE
T9B44 403:063.200 JLINK_IsHalted()
T9B44 403:063.616 - 0.446ms returns FALSE
T9B44 403:172.256 JLINK_IsHalted()
T9B44 403:174.464 - 2.240ms returns FALSE
T9B44 403:174.560 JLINK_IsHalted()
T9B44 403:175.104 - 0.567ms returns FALSE
T9B44 403:281.856 JLINK_IsHalted()
T9B44 403:282.464 - 0.585ms returns FALSE
T9B44 403:282.496 JLINK_IsHalted()
T9B44 403:282.880 - 0.417ms returns FALSE
T9B44 403:391.328 JLINK_IsHalted()
T9B44 403:391.936 - 0.606ms returns FALSE
T9B44 403:391.936 JLINK_IsHalted()
T9B44 403:392.416 - 0.453ms returns FALSE
T9B44 403:500.224 JLINK_IsHalted()
T9B44 403:500.768 - 0.549ms returns FALSE
T9B44 403:500.800 JLINK_IsHalted()
T9B44 403:501.248 - 0.483ms returns FALSE
T9B44 403:610.016 JLINK_IsHalted()
T9B44 403:610.464 - 0.444ms returns FALSE
T9B44 403:610.464 JLINK_IsHalted()
T9B44 403:610.816 - 0.348ms returns FALSE
T9B44 403:718.912 JLINK_IsHalted()
T9B44 403:719.392 - 0.495ms returns FALSE
T9B44 403:719.424 JLINK_IsHalted()
T9B44 403:719.744 - 0.343ms returns FALSE
T778C 403:782.208 JLINK_IsHalted()
T778C 403:782.592 - 0.366ms returns FALSE
T778C 403:782.592 JLINK_IsHalted()
T778C 403:782.976 - 0.353ms returns FALSE
T9B44 403:828.416 JLINK_IsHalted()
T9B44 403:828.800 - 0.412ms returns FALSE
T9B44 403:828.832 JLINK_IsHalted()
T9B44 403:829.280 - 0.440ms returns FALSE
T9B44 403:937.856 JLINK_IsHalted()
T9B44 403:938.624 - 0.742ms returns FALSE
T9B44 403:938.656 JLINK_IsHalted()
T9B44 403:940.256 - 1.591ms returns FALSE
T9B44 404:047.296 JLINK_IsHalted()
T9B44 404:048.096 - 0.791ms returns FALSE
T9B44 404:048.192 JLINK_IsHalted()
T9B44 404:048.960 - 0.726ms returns FALSE
T9B44 404:157.504 JLINK_IsHalted()
T9B44 404:158.400 - 0.908ms returns FALSE
T9B44 404:158.592 JLINK_IsHalted()
T9B44 404:159.968 - 1.384ms returns FALSE
T9B44 404:265.888 JLINK_IsHalted()
T9B44 404:266.944 - 1.029ms returns FALSE
T9B44 404:266.944 JLINK_IsHalted()
T9B44 404:267.648 - 0.697ms returns FALSE
T9B44 404:375.488 JLINK_IsHalted()
T9B44 404:376.224 - 0.754ms returns FALSE
T9B44 404:376.256 JLINK_IsHalted()
T9B44 404:376.896 - 0.667ms returns FALSE
T9B44 404:484.800 JLINK_IsHalted()
T9B44 404:485.440 - 0.627ms returns FALSE
T9B44 404:485.472 JLINK_IsHalted()
T9B44 404:485.824 - 0.361ms returns FALSE
T9B44 404:594.496 JLINK_IsHalted()
T9B44 404:595.264 - 0.757ms returns FALSE
T9B44 404:595.328 JLINK_IsHalted()
T9B44 404:596.160 - 0.855ms returns FALSE
T9B44 404:704.288 JLINK_IsHalted()
T9B44 404:705.088 - 0.812ms returns FALSE
T9B44 404:705.120 JLINK_IsHalted()
T9B44 404:705.888 - 0.746ms returns FALSE
T778C 404:784.000 JLINK_IsHalted()
T778C 404:784.864 - 0.874ms returns FALSE
T778C 404:784.960 JLINK_IsHalted()
T778C 404:785.760 - 0.834ms returns FALSE
T9B44 404:813.280 JLINK_IsHalted()
T9B44 404:814.176 - 0.882ms returns FALSE
T9B44 404:814.272 JLINK_IsHalted()
T9B44 404:814.784 - 0.518ms returns FALSE
T9B44 404:922.080 JLINK_IsHalted()
T9B44 404:922.784 - 0.691ms returns FALSE
T9B44 404:922.848 JLINK_IsHalted()
T9B44 404:923.456 - 0.593ms returns FALSE
T9B44 405:032.000 JLINK_IsHalted()
T9B44 405:032.608 - 0.581ms returns FALSE
T9B44 405:032.640 JLINK_IsHalted()
T9B44 405:033.088 - 0.451ms returns FALSE
T9B44 405:141.376 JLINK_IsHalted()
T9B44 405:141.984 - 0.602ms returns FALSE
T9B44 405:142.016 JLINK_IsHalted()
T9B44 405:142.560 - 0.539ms returns FALSE
T9B44 405:251.296 JLINK_IsHalted()
T9B44 405:251.968 - 0.677ms returns FALSE
T9B44 405:252.032 JLINK_IsHalted()
T9B44 405:252.544 - 0.518ms returns FALSE
T9B44 405:360.096 JLINK_IsHalted()
T9B44 405:360.544 - 0.446ms returns FALSE
T9B44 405:360.576 JLINK_IsHalted()
T9B44 405:361.120 - 0.549ms returns FALSE
T9B44 405:468.832 JLINK_IsHalted()
T9B44 405:469.376 - 0.512ms returns FALSE
T9B44 405:469.376 JLINK_IsHalted()
T9B44 405:469.888 - 0.494ms returns FALSE
T9B44 405:578.208 JLINK_IsHalted()
T9B44 405:578.976 - 0.745ms returns FALSE
T9B44 405:579.008 JLINK_IsHalted()
T9B44 405:579.552 - 0.545ms returns FALSE
T9B44 405:687.968 JLINK_IsHalted()
T9B44 405:688.640 - 0.670ms returns FALSE
T9B44 405:688.672 JLINK_IsHalted()
T9B44 405:689.216 - 0.530ms returns FALSE
T778C 405:786.848 JLINK_IsHalted()
T778C 405:787.360 - 0.522ms returns FALSE
T778C 405:787.424 JLINK_IsHalted()
T778C 405:787.936 - 0.513ms returns FALSE
T9B44 405:797.440 JLINK_IsHalted()
T9B44 405:797.984 - 0.522ms returns FALSE
T9B44 405:797.984 JLINK_IsHalted()
T9B44 405:798.496 - 0.502ms returns FALSE
T9B44 405:906.816 JLINK_IsHalted()
T9B44 405:907.520 - 0.699ms returns FALSE
T9B44 405:907.552 JLINK_IsHalted()
T9B44 405:907.968 - 0.419ms returns FALSE
T9B44 406:016.192 JLINK_IsHalted()
T9B44 406:016.832 - 0.644ms returns FALSE
T9B44 406:016.832 JLINK_IsHalted()
T9B44 406:017.344 - 0.501ms returns FALSE
T9B44 406:125.120 JLINK_IsHalted()
T9B44 406:125.696 - 0.583ms returns FALSE
T9B44 406:125.728 JLINK_IsHalted()
T9B44 406:126.240 - 0.512ms returns FALSE
T9B44 406:235.392 JLINK_IsHalted()
T9B44 406:235.872 - 0.479ms returns FALSE
T9B44 406:235.904 JLINK_IsHalted()
T9B44 406:236.256 - 0.364ms returns FALSE
T9B44 406:344.256 JLINK_IsHalted()
T9B44 406:344.896 - 0.636ms returns FALSE
T9B44 406:344.960 JLINK_IsHalted()
T9B44 406:345.568 - 0.619ms returns FALSE
T9B44 406:453.184 JLINK_IsHalted()
T9B44 406:453.920 - 0.703ms returns FALSE
T9B44 406:453.952 JLINK_IsHalted()
T9B44 406:456.160 - 2.225ms returns FALSE
T9B44 406:562.880 JLINK_IsHalted()
T9B44 406:563.424 - 0.554ms returns FALSE
T9B44 406:563.456 JLINK_IsHalted()
T9B44 406:563.968 - 0.507ms returns FALSE
T9B44 406:672.384 JLINK_IsHalted()
T9B44 406:674.656 - 2.288ms returns FALSE
T9B44 406:674.720 JLINK_IsHalted()
T9B44 406:675.328 - 0.615ms returns FALSE
T9B44 406:782.176 JLINK_IsHalted()
T9B44 406:782.880 - 0.701ms returns FALSE
T9B44 406:782.912 JLINK_IsHalted()
T9B44 406:783.488 - 0.563ms returns FALSE
T778C 406:788.416 JLINK_IsHalted()
T778C 406:788.800 - 0.405ms returns FALSE
T778C 406:788.832 JLINK_IsHalted()
T778C 406:789.376 - 0.520ms returns FALSE
T9B44 406:891.200 JLINK_IsHalted()
T9B44 406:891.648 - 0.416ms returns FALSE
T9B44 406:891.648 JLINK_IsHalted()
T9B44 406:891.936 - 0.287ms returns FALSE
T9B44 407:000.384 JLINK_IsHalted()
T9B44 407:000.768 - 0.383ms returns FALSE
T9B44 407:000.768 JLINK_IsHalted()
T9B44 407:001.056 - 0.285ms returns FALSE
T9B44 407:109.536 JLINK_IsHalted()
T9B44 407:110.080 - 0.542ms returns FALSE
T9B44 407:110.080 JLINK_IsHalted()
T9B44 407:110.592 - 0.497ms returns FALSE
T9B44 407:218.848 JLINK_IsHalted()
T9B44 407:219.456 - 0.617ms returns FALSE
T9B44 407:219.488 JLINK_IsHalted()
T9B44 407:219.904 - 0.437ms returns FALSE
T9B44 407:328.288 JLINK_IsHalted()
T9B44 407:328.864 - 0.593ms returns FALSE
T9B44 407:328.864 JLINK_IsHalted()
T9B44 407:329.440 - 0.547ms returns FALSE
T9B44 407:437.952 JLINK_IsHalted()
T9B44 407:438.400 - 0.436ms returns FALSE
T9B44 407:438.400 JLINK_IsHalted()
T9B44 407:440.320 - 1.898ms returns FALSE
T9B44 407:547.936 JLINK_IsHalted()
T9B44 407:548.416 - 0.499ms returns FALSE
T9B44 407:548.448 JLINK_IsHalted()
T9B44 407:548.832 - 0.397ms returns FALSE
T9B44 407:657.056 JLINK_IsHalted()
T9B44 407:657.664 - 0.595ms returns FALSE
T9B44 407:657.664 JLINK_IsHalted()
T9B44 407:658.048 - 0.391ms returns FALSE
T9B44 407:766.080 JLINK_IsHalted()
T9B44 407:766.624 - 0.551ms returns FALSE
T9B44 407:766.656 JLINK_IsHalted()
T9B44 407:767.104 - 0.445ms returns FALSE
T778C 407:790.048 JLINK_IsHalted()
T778C 407:790.624 - 0.548ms returns FALSE
T778C 407:790.656 JLINK_IsHalted()
T778C 407:791.072 - 0.447ms returns FALSE
T9B44 407:875.552 JLINK_IsHalted()
T9B44 407:876.160 - 0.578ms returns FALSE
T9B44 407:876.160 JLINK_IsHalted()
T9B44 407:876.576 - 0.416ms returns FALSE
T9B44 407:985.152 JLINK_IsHalted()
T9B44 407:985.664 - 0.506ms returns FALSE
T9B44 407:985.664 JLINK_IsHalted()
T9B44 407:986.048 - 0.382ms returns FALSE
T9B44 408:094.016 JLINK_IsHalted()
T9B44 408:094.528 - 0.498ms returns FALSE
T9B44 408:094.528 JLINK_IsHalted()
T9B44 408:095.072 - 0.532ms returns FALSE
T9B44 408:203.584 JLINK_IsHalted()
T9B44 408:204.544 - 0.959ms returns FALSE
T9B44 408:204.608 JLINK_IsHalted()
T9B44 408:205.504 - 0.864ms returns FALSE
T9B44 408:313.568 JLINK_IsHalted()
T9B44 408:315.552 - 1.953ms returns FALSE
T9B44 408:315.584 JLINK_IsHalted()
T9B44 408:316.064 - 0.453ms returns FALSE
T9B44 408:422.144 JLINK_IsHalted()
T9B44 408:422.848 - 0.688ms returns FALSE
T9B44 408:422.912 JLINK_IsHalted()
T9B44 408:423.360 - 0.479ms returns FALSE
T9B44 408:532.160 JLINK_IsHalted()
T9B44 408:533.024 - 0.845ms returns FALSE
T9B44 408:533.088 JLINK_IsHalted()
T9B44 408:533.760 - 0.666ms returns FALSE
T9B44 408:641.120 JLINK_IsHalted()
T9B44 408:643.200 - 2.069ms returns FALSE
T9B44 408:643.232 JLINK_IsHalted()
T9B44 408:643.840 - 0.615ms returns FALSE
T9B44 408:750.624 JLINK_IsHalted()
T9B44 408:751.200 - 0.574ms returns FALSE
T9B44 408:751.232 JLINK_IsHalted()
T9B44 408:751.808 - 0.546ms returns FALSE
T778C 408:791.872 JLINK_IsHalted()
T778C 408:792.512 - 0.613ms returns FALSE
T778C 408:792.544 JLINK_IsHalted()
T778C 408:793.088 - 0.529ms returns FALSE
T9B44 408:860.384 JLINK_IsHalted()
T9B44 408:860.992 - 0.609ms returns FALSE
T9B44 408:861.024 JLINK_IsHalted()
T9B44 408:861.472 - 0.430ms returns FALSE
T9B44 408:969.344 JLINK_IsHalted()
T9B44 408:969.888 - 0.545ms returns FALSE
T9B44 408:969.920 JLINK_IsHalted()
T9B44 408:970.496 - 0.556ms returns FALSE
T9B44 409:078.336 JLINK_IsHalted()
T9B44 409:078.912 - 0.606ms returns FALSE
T9B44 409:078.976 JLINK_IsHalted()
T9B44 409:079.360 - 0.417ms returns FALSE
T9B44 409:187.616 JLINK_IsHalted()
T9B44 409:188.288 - 0.687ms returns FALSE
T9B44 409:188.352 JLINK_IsHalted()
T9B44 409:188.928 - 0.561ms returns FALSE
T9B44 409:297.440 JLINK_IsHalted()
T9B44 409:297.984 - 0.536ms returns FALSE
T9B44 409:297.984 JLINK_IsHalted()
T9B44 409:298.496 - 0.466ms returns FALSE
T9B44 409:406.688 JLINK_IsHalted()
T9B44 409:407.200 - 0.510ms returns FALSE
T9B44 409:407.232 JLINK_IsHalted()
T9B44 409:407.776 - 0.526ms returns FALSE
T9B44 409:516.384 JLINK_IsHalted()
T9B44 409:517.088 - 0.698ms returns FALSE
T9B44 409:517.120 JLINK_IsHalted()
T9B44 409:517.664 - 0.536ms returns FALSE
T9B44 409:625.856 JLINK_IsHalted()
T9B44 409:627.808 - 1.967ms returns FALSE
T9B44 409:627.872 JLINK_IsHalted()
T9B44 409:628.480 - 0.622ms returns FALSE
T9B44 409:734.592 JLINK_IsHalted()
T9B44 409:735.168 - 0.583ms returns FALSE
T9B44 409:735.168 JLINK_IsHalted()
T9B44 409:735.520 - 0.336ms returns FALSE
T778C 409:794.720 JLINK_IsHalted()
T778C 409:795.232 - 0.534ms returns FALSE
T778C 409:795.264 JLINK_IsHalted()
T778C 409:795.808 - 0.538ms returns FALSE
T9B44 409:844.384 JLINK_IsHalted()
T9B44 409:845.024 - 0.634ms returns FALSE
T9B44 409:845.056 JLINK_IsHalted()
T9B44 409:845.696 - 0.611ms returns FALSE
T9B44 409:953.440 JLINK_IsHalted()
T9B44 409:954.048 - 0.590ms returns FALSE
T9B44 409:954.080 JLINK_IsHalted()
T9B44 409:954.656 - 0.577ms returns FALSE
T9B44 410:063.520 JLINK_IsHalted()
T9B44 410:064.096 - 0.585ms returns FALSE
T9B44 410:064.192 JLINK_IsHalted()
T9B44 410:064.576 - 0.404ms returns FALSE
T9B44 410:172.480 JLINK_IsHalted()
T9B44 410:172.928 - 0.442ms returns FALSE
T9B44 410:172.960 JLINK_IsHalted()
T9B44 410:173.376 - 0.400ms returns FALSE
T9B44 410:281.408 JLINK_IsHalted()
T9B44 410:282.016 - 0.634ms returns FALSE
T9B44 410:282.048 JLINK_IsHalted()
T9B44 410:282.528 - 0.484ms returns FALSE
T9B44 410:390.944 JLINK_IsHalted()
T9B44 410:391.488 - 0.555ms returns FALSE
T9B44 410:391.520 JLINK_IsHalted()
T9B44 410:392.128 - 0.585ms returns FALSE
T9B44 410:501.184 JLINK_IsHalted()
T9B44 410:501.888 - 0.716ms returns FALSE
T9B44 410:501.952 JLINK_IsHalted()
T9B44 410:502.528 - 0.581ms returns FALSE
T9B44 410:610.272 JLINK_IsHalted()
T9B44 410:610.880 - 0.590ms returns FALSE
T9B44 410:610.880 JLINK_IsHalted()
T9B44 410:611.392 - 0.517ms returns FALSE
T9B44 410:719.040 JLINK_IsHalted()
T9B44 410:719.488 - 0.453ms returns FALSE
T9B44 410:719.552 JLINK_IsHalted()
T9B44 410:720.000 - 0.460ms returns FALSE
T778C 410:796.928 JLINK_IsHalted()
T778C 410:797.568 - 0.636ms returns FALSE
T778C 410:797.600 JLINK_IsHalted()
T778C 410:798.144 - 0.558ms returns FALSE
T9B44 410:828.640 JLINK_IsHalted()
T9B44 410:829.312 - 0.668ms returns FALSE
T9B44 410:829.376 JLINK_IsHalted()
T9B44 410:829.888 - 0.552ms returns FALSE
T9B44 410:938.080 JLINK_IsHalted()
T9B44 410:938.656 - 0.578ms returns FALSE
T9B44 410:938.688 JLINK_IsHalted()
T9B44 410:939.296 - 0.591ms returns FALSE
T9B44 411:046.976 JLINK_IsHalted()
T9B44 411:047.616 - 0.647ms returns FALSE
T9B44 411:047.648 JLINK_IsHalted()
T9B44 411:048.160 - 0.504ms returns FALSE
T9B44 411:156.640 JLINK_IsHalted()
T9B44 411:157.280 - 0.658ms returns FALSE
T9B44 411:157.312 JLINK_IsHalted()
T9B44 411:157.824 - 0.526ms returns FALSE
T9B44 411:266.368 JLINK_IsHalted()
T9B44 411:267.072 - 0.686ms returns FALSE
T9B44 411:267.104 JLINK_IsHalted()
T9B44 411:267.680 - 0.585ms returns FALSE
T9B44 411:376.320 JLINK_IsHalted()
T9B44 411:376.928 - 0.588ms returns FALSE
T9B44 411:376.960 JLINK_IsHalted()
T9B44 411:377.536 - 0.576ms returns FALSE
T9B44 411:485.120 JLINK_IsHalted()
T9B44 411:485.536 - 0.432ms returns FALSE
T9B44 411:485.568 JLINK_IsHalted()
T9B44 411:486.144 - 0.557ms returns FALSE
T9B44 411:594.208 JLINK_IsHalted()
T9B44 411:594.688 - 0.455ms returns FALSE
T9B44 411:594.720 JLINK_IsHalted()
T9B44 411:595.296 - 0.563ms returns FALSE
T9B44 411:704.768 JLINK_IsHalted()
T9B44 411:705.408 - 0.639ms returns FALSE
T9B44 411:705.440 JLINK_IsHalted()
T9B44 411:706.368 - 0.925ms returns FALSE
T778C 411:799.072 JLINK_IsHalted()
T778C 411:799.680 - 0.626ms returns FALSE
T778C 411:799.712 JLINK_IsHalted()
T778C 411:800.224 - 0.496ms returns FALSE
T9B44 411:812.800 JLINK_IsHalted()
T9B44 411:813.312 - 0.502ms returns FALSE
T9B44 411:813.344 JLINK_IsHalted()
T9B44 411:813.696 - 0.368ms returns FALSE
T9B44 411:922.752 JLINK_IsHalted()
T9B44 411:923.264 - 0.493ms returns FALSE
T9B44 411:923.264 JLINK_IsHalted()
T9B44 411:925.728 - 2.466ms returns FALSE
T9B44 412:032.064 JLINK_IsHalted()
T9B44 412:032.736 - 0.699ms returns FALSE
T9B44 412:032.800 JLINK_IsHalted()
T9B44 412:033.344 - 0.556ms returns FALSE
T9B44 412:141.696 JLINK_IsHalted()
T9B44 412:142.240 - 0.520ms returns FALSE
T9B44 412:142.272 JLINK_IsHalted()
T9B44 412:142.848 - 0.593ms returns FALSE
T9B44 412:250.912 JLINK_IsHalted()
T9B44 412:251.680 - 0.761ms returns FALSE
T9B44 412:251.712 JLINK_IsHalted()
T9B44 412:252.224 - 0.535ms returns FALSE
T9B44 412:360.192 JLINK_IsHalted()
T9B44 412:360.768 - 0.572ms returns FALSE
T9B44 412:360.768 JLINK_IsHalted()
T9B44 412:361.280 - 0.488ms returns FALSE
T9B44 412:469.184 JLINK_IsHalted()
T9B44 412:469.760 - 0.596ms returns FALSE
T9B44 412:469.824 JLINK_IsHalted()
T9B44 412:470.240 - 0.444ms returns FALSE
T9B44 412:578.272 JLINK_IsHalted()
T9B44 412:578.848 - 0.563ms returns FALSE
T9B44 412:578.880 JLINK_IsHalted()
T9B44 412:579.488 - 0.608ms returns FALSE
T9B44 412:687.776 JLINK_IsHalted()
T9B44 412:688.480 - 0.720ms returns FALSE
T9B44 412:688.512 JLINK_IsHalted()
T9B44 412:689.088 - 0.581ms returns FALSE
T9B44 412:797.664 JLINK_IsHalted()
T9B44 412:798.208 - 0.536ms returns FALSE
T9B44 412:798.208 JLINK_IsHalted()
T9B44 412:798.720 - 0.492ms returns FALSE
T778C 412:801.120 JLINK_IsHalted()
T778C 412:801.600 - 0.453ms returns FALSE
T778C 412:801.600 JLINK_IsHalted()
T778C 412:802.048 - 0.449ms returns FALSE
T9B44 412:906.816 JLINK_IsHalted()
T9B44 412:907.488 - 0.697ms returns FALSE
T9B44 412:907.552 JLINK_IsHalted()
T9B44 412:908.032 - 0.504ms returns FALSE
T9B44 413:016.064 JLINK_IsHalted()
T9B44 413:016.640 - 0.585ms returns FALSE
T9B44 413:016.704 JLINK_IsHalted()
T9B44 413:017.376 - 0.662ms returns FALSE
T9B44 413:125.760 JLINK_IsHalted()
T9B44 413:126.272 - 0.528ms returns FALSE
T9B44 413:126.336 JLINK_IsHalted()
T9B44 413:126.752 - 0.452ms returns FALSE
T9B44 413:234.656 JLINK_IsHalted()
T9B44 413:235.232 - 0.567ms returns FALSE
T9B44 413:235.264 JLINK_IsHalted()
T9B44 413:235.680 - 0.432ms returns FALSE
T9B44 413:344.608 JLINK_IsHalted()
T9B44 413:345.056 - 0.412ms returns FALSE
T9B44 413:345.056 JLINK_IsHalted()
T9B44 413:345.536 - 0.464ms returns FALSE
T9B44 413:453.632 JLINK_IsHalted()
T9B44 413:454.272 - 0.594ms returns FALSE
T9B44 413:454.272 JLINK_IsHalted()
T9B44 413:454.656 - 0.414ms returns FALSE
T9B44 413:563.264 JLINK_IsHalted()
T9B44 413:564.992 - 1.715ms returns FALSE
T9B44 413:564.992 JLINK_IsHalted()
T9B44 413:565.504 - 0.478ms returns FALSE
T9B44 413:672.416 JLINK_IsHalted()
T9B44 413:673.024 - 0.601ms returns FALSE
T9B44 413:673.056 JLINK_IsHalted()
T9B44 413:673.344 - 0.281ms returns FALSE
T9B44 413:782.304 JLINK_IsHalted()
T9B44 413:782.720 - 0.424ms returns FALSE
T9B44 413:782.752 JLINK_IsHalted()
T9B44 413:783.008 - 0.261ms returns FALSE
T778C 413:803.072 JLINK_IsHalted()
T778C 413:803.456 - 0.375ms returns FALSE
T778C 413:803.456 JLINK_IsHalted()
T778C 413:803.872 - 0.421ms returns FALSE
T9B44 413:890.752 JLINK_IsHalted()
T9B44 413:891.360 - 0.614ms returns FALSE
T9B44 413:891.392 JLINK_IsHalted()
T9B44 413:891.904 - 0.514ms returns FALSE
T9B44 414:000.416 JLINK_IsHalted()
T9B44 414:001.056 - 0.637ms returns FALSE
T9B44 414:001.088 JLINK_IsHalted()
T9B44 414:001.408 - 0.331ms returns FALSE
T9B44 414:110.048 JLINK_IsHalted()
T9B44 414:110.656 - 0.623ms returns FALSE
T9B44 414:110.688 JLINK_IsHalted()
T9B44 414:111.072 - 0.369ms returns FALSE
T9B44 414:219.488 JLINK_IsHalted()
T9B44 414:220.000 - 0.535ms returns FALSE
T9B44 414:220.032 JLINK_IsHalted()
T9B44 414:220.448 - 0.409ms returns FALSE
T9B44 414:328.480 JLINK_IsHalted()
T9B44 414:329.056 - 0.581ms returns FALSE
T9B44 414:329.088 JLINK_IsHalted()
T9B44 414:329.536 - 0.453ms returns FALSE
T9B44 414:438.400 JLINK_IsHalted()
T9B44 414:438.976 - 0.576ms returns FALSE
T9B44 414:438.976 JLINK_IsHalted()
T9B44 414:439.392 - 0.406ms returns FALSE
T9B44 414:547.168 JLINK_IsHalted()
T9B44 414:549.152 - 1.967ms returns FALSE
T9B44 414:549.184 JLINK_IsHalted()
T9B44 414:549.792 - 0.601ms returns FALSE
T9B44 414:657.088 JLINK_IsHalted()
T9B44 414:657.664 - 0.556ms returns FALSE
T9B44 414:657.728 JLINK_IsHalted()
T9B44 414:658.240 - 0.512ms returns FALSE
T9B44 414:766.784 JLINK_IsHalted()
T9B44 414:767.456 - 0.693ms returns FALSE
T9B44 414:767.520 JLINK_IsHalted()
T9B44 414:768.192 - 0.667ms returns FALSE
T778C 414:804.896 JLINK_IsHalted()
T778C 414:805.792 - 0.889ms returns FALSE
T778C 414:805.824 JLINK_IsHalted()
T778C 414:806.496 - 0.657ms returns FALSE
T9B44 414:875.904 JLINK_IsHalted()
T9B44 414:876.736 - 0.816ms returns FALSE
T9B44 414:876.736 JLINK_IsHalted()
T9B44 414:877.408 - 0.657ms returns FALSE
T9B44 414:984.800 JLINK_IsHalted()
T9B44 414:985.504 - 0.689ms returns FALSE
T9B44 414:985.536 JLINK_IsHalted()
T9B44 414:986.048 - 0.494ms returns FALSE
T9B44 415:095.744 JLINK_IsHalted()
T9B44 415:096.576 - 0.800ms returns FALSE
T9B44 415:096.640 JLINK_IsHalted()
T9B44 415:097.440 - 0.783ms returns FALSE
T9B44 415:204.160 JLINK_IsHalted()
T9B44 415:204.896 - 0.754ms returns FALSE
T9B44 415:204.992 JLINK_IsHalted()
T9B44 415:205.696 - 0.719ms returns FALSE
T9B44 415:312.832 JLINK_IsHalted()
T9B44 415:313.760 - 0.944ms returns FALSE
T9B44 415:313.856 JLINK_IsHalted()
T9B44 415:314.624 - 0.802ms returns FALSE
T9B44 415:422.144 JLINK_IsHalted()
T9B44 415:423.168 - 1.024ms returns FALSE
T9B44 415:423.264 JLINK_IsHalted()
T9B44 415:423.776 - 0.518ms returns FALSE
T9B44 415:531.552 JLINK_IsHalted()
T9B44 415:532.576 - 1.020ms returns FALSE
T9B44 415:532.640 JLINK_IsHalted()
T9B44 415:533.536 - 0.882ms returns FALSE
T9B44 415:641.664 JLINK_IsHalted()
T9B44 415:642.624 - 0.932ms returns FALSE
T9B44 415:642.688 JLINK_IsHalted()
T9B44 415:643.680 - 0.981ms returns FALSE
T9B44 415:750.784 JLINK_IsHalted()
T9B44 415:751.744 - 0.948ms returns FALSE
T9B44 415:751.808 JLINK_IsHalted()
T9B44 415:752.608 - 0.790ms returns FALSE
T778C 415:807.904 JLINK_IsHalted()
T778C 415:808.608 - 0.707ms returns FALSE
T778C 415:808.640 JLINK_IsHalted()
T778C 415:809.216 - 0.565ms returns FALSE
T9B44 415:859.904 JLINK_IsHalted()
T9B44 415:860.864 - 0.948ms returns FALSE
T9B44 415:860.928 JLINK_IsHalted()
T9B44 415:861.664 - 0.756ms returns FALSE
T9B44 415:969.856 JLINK_IsHalted()
T9B44 415:970.880 - 1.016ms returns FALSE
T9B44 415:970.976 JLINK_IsHalted()
T9B44 415:971.872 - 0.897ms returns FALSE
T9B44 416:079.136 JLINK_IsHalted()
T9B44 416:080.096 - 0.952ms returns FALSE
T9B44 416:080.192 JLINK_IsHalted()
T9B44 416:081.024 - 0.847ms returns FALSE
T9B44 416:188.096 JLINK_IsHalted()
T9B44 416:188.800 - 0.721ms returns FALSE
T9B44 416:188.832 JLINK_IsHalted()
T9B44 416:191.328 - 2.510ms returns FALSE
T9B44 416:297.952 JLINK_IsHalted()
T9B44 416:299.072 - 1.104ms returns FALSE
T9B44 416:299.136 JLINK_IsHalted()
T9B44 416:300.032 - 0.888ms returns FALSE
T9B44 416:406.528 JLINK_IsHalted()
T9B44 416:407.264 - 0.740ms returns FALSE
T9B44 416:407.360 JLINK_IsHalted()
T9B44 416:408.256 - 0.929ms returns FALSE
T9B44 416:516.160 JLINK_IsHalted()
T9B44 416:517.184 - 1.035ms returns FALSE
T9B44 416:517.280 JLINK_IsHalted()
T9B44 416:518.144 - 0.881ms returns FALSE
T9B44 416:626.528 JLINK_IsHalted()
T9B44 416:627.264 - 0.742ms returns FALSE
T9B44 416:627.328 JLINK_IsHalted()
T9B44 416:628.064 - 0.735ms returns FALSE
T9B44 416:734.592 JLINK_IsHalted()
T9B44 416:735.424 - 0.853ms returns FALSE
T9B44 416:735.520 JLINK_IsHalted()
T9B44 416:738.112 - 2.622ms returns FALSE
T778C 416:810.560 JLINK_IsHalted()
T778C 416:811.296 - 0.734ms returns FALSE
T778C 416:811.360 JLINK_IsHalted()
T778C 416:811.936 - 0.560ms returns FALSE
T9B44 416:844.480 JLINK_IsHalted()
T9B44 416:845.248 - 0.740ms returns FALSE
T9B44 416:845.312 JLINK_IsHalted()
T9B44 416:845.920 - 0.612ms returns FALSE
T9B44 416:953.536 JLINK_IsHalted()
T9B44 416:954.624 - 1.087ms returns FALSE
T9B44 416:954.688 JLINK_IsHalted()
T9B44 416:955.328 - 0.626ms returns FALSE
T9B44 417:062.592 JLINK_IsHalted()
T9B44 417:063.456 - 0.849ms returns FALSE
T9B44 417:063.520 JLINK_IsHalted()
T9B44 417:064.224 - 0.702ms returns FALSE
T9B44 417:172.096 JLINK_IsHalted()
T9B44 417:175.552 - 3.457ms returns FALSE
T9B44 417:175.616 JLINK_IsHalted()
T9B44 417:177.280 - 1.672ms returns FALSE
T9B44 417:281.920 JLINK_IsHalted()
T9B44 417:282.976 - 1.049ms returns FALSE
T9B44 417:283.072 JLINK_IsHalted()
T9B44 417:283.936 - 0.872ms returns FALSE
T9B44 417:390.848 JLINK_IsHalted()
T9B44 417:391.808 - 0.943ms returns FALSE
T9B44 417:393.600 JLINK_IsHalted()
T9B44 417:394.464 - 0.831ms returns FALSE
T9B44 417:500.736 JLINK_IsHalted()
T9B44 417:501.632 - 0.894ms returns FALSE
T9B44 417:501.664 JLINK_IsHalted()
T9B44 417:502.496 - 0.810ms returns FALSE
T9B44 417:609.632 JLINK_IsHalted()
T9B44 417:610.560 - 0.939ms returns FALSE
T9B44 417:610.656 JLINK_IsHalted()
T9B44 417:611.712 - 1.037ms returns FALSE
T9B44 417:719.168 JLINK_IsHalted()
T9B44 417:720.000 - 0.859ms returns FALSE
T9B44 417:720.128 JLINK_IsHalted()
T9B44 417:720.768 - 0.681ms returns FALSE
T778C 417:812.800 JLINK_IsHalted()
T778C 417:813.664 - 0.877ms returns FALSE
T778C 417:813.760 JLINK_IsHalted()
T778C 417:814.496 - 0.725ms returns FALSE
T9B44 417:829.024 JLINK_IsHalted()
T9B44 417:830.080 - 1.067ms returns FALSE
T9B44 417:830.176 JLINK_IsHalted()
T9B44 417:831.040 - 0.867ms returns FALSE
T9B44 417:938.112 JLINK_IsHalted()
T9B44 417:939.072 - 0.951ms returns FALSE
T9B44 417:939.136 JLINK_IsHalted()
T9B44 417:943.008 - 3.862ms returns FALSE
T9B44 418:047.520 JLINK_IsHalted()
T9B44 418:048.544 - 1.039ms returns FALSE
T9B44 418:048.640 JLINK_IsHalted()
T9B44 418:049.536 - 0.902ms returns FALSE
T9B44 418:157.376 JLINK_IsHalted()
T9B44 418:158.144 - 0.774ms returns FALSE
T9B44 418:158.272 JLINK_IsHalted()
T9B44 418:160.192 - 1.903ms returns FALSE
T9B44 418:266.624 JLINK_IsHalted()
T9B44 418:267.456 - 0.855ms returns FALSE
T9B44 418:267.552 JLINK_IsHalted()
T9B44 418:268.352 - 0.787ms returns FALSE
T9B44 418:375.776 JLINK_IsHalted()
T9B44 418:376.576 - 0.793ms returns FALSE
T9B44 418:376.640 JLINK_IsHalted()
T9B44 418:377.280 - 0.658ms returns FALSE
T9B44 418:484.896 JLINK_IsHalted()
T9B44 418:487.808 - 2.906ms returns FALSE
T9B44 418:487.872 JLINK_IsHalted()
T9B44 418:488.672 - 0.796ms returns FALSE
T9B44 418:593.952 JLINK_IsHalted()
T9B44 418:594.688 - 0.741ms returns FALSE
T9B44 418:594.752 JLINK_IsHalted()
T9B44 418:595.616 - 0.856ms returns FALSE
T9B44 418:703.872 JLINK_IsHalted()
T9B44 418:704.960 - 1.078ms returns FALSE
T9B44 418:705.056 JLINK_IsHalted()
T9B44 418:705.920 - 0.871ms returns FALSE
T9B44 418:813.056 JLINK_IsHalted()
T9B44 418:814.016 - 0.958ms returns FALSE
T9B44 418:814.112 JLINK_IsHalted()
T9B44 418:815.040 - 0.929ms returns FALSE
T778C 418:816.096 JLINK_IsHalted()
T778C 418:818.080 - 1.975ms returns FALSE
T778C 418:818.144 JLINK_IsHalted()
T778C 418:818.656 - 0.510ms returns FALSE
T9B44 418:922.560 JLINK_IsHalted()
T9B44 418:924.544 - 1.975ms returns FALSE
T9B44 418:924.576 JLINK_IsHalted()
T9B44 418:925.120 - 0.553ms returns FALSE
T9B44 419:031.616 JLINK_IsHalted()
T9B44 419:033.312 - 1.702ms returns FALSE
T9B44 419:033.344 JLINK_IsHalted()
T9B44 419:033.920 - 0.557ms returns FALSE
T9B44 419:140.928 JLINK_IsHalted()
T9B44 419:141.504 - 0.581ms returns FALSE
T9B44 419:141.504 JLINK_IsHalted()
T9B44 419:142.048 - 0.535ms returns FALSE
T9B44 419:251.040 JLINK_IsHalted()
T9B44 419:251.712 - 0.647ms returns FALSE
T9B44 419:251.712 JLINK_IsHalted()
T9B44 419:252.160 - 0.461ms returns FALSE
T9B44 419:359.552 JLINK_IsHalted()
T9B44 419:360.064 - 0.495ms returns FALSE
T9B44 419:360.064 JLINK_IsHalted()
T9B44 419:360.640 - 0.548ms returns FALSE
T9B44 419:468.992 JLINK_IsHalted()
T9B44 419:469.600 - 0.593ms returns FALSE
T9B44 419:469.632 JLINK_IsHalted()
T9B44 419:470.080 - 0.457ms returns FALSE
T9B44 419:578.848 JLINK_IsHalted()
T9B44 419:579.392 - 0.530ms returns FALSE
T9B44 419:579.424 JLINK_IsHalted()
T9B44 419:579.776 - 0.354ms returns FALSE
T9B44 419:688.736 JLINK_IsHalted()
T9B44 419:689.408 - 0.697ms returns FALSE
T9B44 419:689.504 JLINK_IsHalted()
T9B44 419:690.048 - 0.574ms returns FALSE
T9B44 419:798.080 JLINK_IsHalted()
T9B44 419:798.624 - 0.568ms returns FALSE
T9B44 419:798.688 JLINK_IsHalted()
T9B44 419:799.104 - 0.422ms returns FALSE
T778C 419:819.392 JLINK_IsHalted()
T778C 419:819.872 - 0.495ms returns FALSE
T778C 419:819.968 JLINK_IsHalted()
T778C 419:820.480 - 0.515ms returns FALSE
T9B44 419:907.104 JLINK_IsHalted()
T9B44 419:907.744 - 0.618ms returns FALSE
T9B44 419:907.776 JLINK_IsHalted()
T9B44 419:908.448 - 0.678ms returns FALSE
T9B44 420:016.512 JLINK_IsHalted()
T9B44 420:017.408 - 0.895ms returns FALSE
T9B44 420:017.472 JLINK_IsHalted()
T9B44 420:018.048 - 0.572ms returns FALSE
T9B44 420:125.152 JLINK_IsHalted()
T9B44 420:126.080 - 0.913ms returns FALSE
T9B44 420:126.144 JLINK_IsHalted()
T9B44 420:126.688 - 0.571ms returns FALSE
T9B44 420:235.328 JLINK_IsHalted()
T9B44 420:237.216 - 1.873ms returns FALSE
T9B44 420:237.248 JLINK_IsHalted()
T9B44 420:237.856 - 0.573ms returns FALSE
T9B44 420:344.864 JLINK_IsHalted()
T9B44 420:347.712 - 2.864ms returns FALSE
T9B44 420:347.776 JLINK_IsHalted()
T9B44 420:348.352 - 0.550ms returns FALSE
T9B44 420:453.760 JLINK_IsHalted()
T9B44 420:454.432 - 0.665ms returns FALSE
T9B44 420:454.464 JLINK_IsHalted()
T9B44 420:454.976 - 0.487ms returns FALSE
T9B44 420:563.168 JLINK_IsHalted()
T9B44 420:563.872 - 0.671ms returns FALSE
T9B44 420:563.904 JLINK_IsHalted()
T9B44 420:564.416 - 0.548ms returns FALSE
T9B44 420:672.704 JLINK_IsHalted()
T9B44 420:673.440 - 0.737ms returns FALSE
T9B44 420:673.472 JLINK_IsHalted()
T9B44 420:674.144 - 0.677ms returns FALSE
T9B44 420:781.568 JLINK_IsHalted()
T9B44 420:782.336 - 0.763ms returns FALSE
T9B44 420:782.400 JLINK_IsHalted()
T9B44 420:783.040 - 0.639ms returns FALSE
T778C 420:822.208 JLINK_IsHalted()
T778C 420:825.216 - 3.016ms returns FALSE
T778C 420:825.280 JLINK_IsHalted()
T778C 420:825.792 - 0.512ms returns FALSE
T9B44 420:891.072 JLINK_IsHalted()
T9B44 420:891.840 - 0.773ms returns FALSE
T9B44 420:891.904 JLINK_IsHalted()
T9B44 420:892.640 - 0.747ms returns FALSE
T9B44 421:000.576 JLINK_IsHalted()
T9B44 421:001.152 - 0.577ms returns FALSE
T9B44 421:001.216 JLINK_IsHalted()
T9B44 421:002.048 - 0.802ms returns FALSE
T9B44 421:109.824 JLINK_IsHalted()
T9B44 421:110.816 - 0.962ms returns FALSE
T9B44 421:110.848 JLINK_IsHalted()
T9B44 421:111.616 - 0.743ms returns FALSE
T9B44 421:219.488 JLINK_IsHalted()
T9B44 421:220.064 - 0.582ms returns FALSE
T9B44 421:220.096 JLINK_IsHalted()
T9B44 421:220.544 - 0.436ms returns FALSE
T9B44 421:328.224 JLINK_IsHalted()
T9B44 421:328.832 - 0.604ms returns FALSE
T9B44 421:328.832 JLINK_IsHalted()
T9B44 421:329.440 - 0.572ms returns FALSE
T9B44 421:437.792 JLINK_IsHalted()
T9B44 421:438.336 - 0.541ms returns FALSE
T9B44 421:438.368 JLINK_IsHalted()
T9B44 421:438.688 - 0.329ms returns FALSE
T9B44 421:546.976 JLINK_IsHalted()
T9B44 421:547.456 - 0.473ms returns FALSE
T9B44 421:547.488 JLINK_IsHalted()
T9B44 421:547.968 - 0.441ms returns FALSE
T9B44 421:656.512 JLINK_IsHalted()
T9B44 421:657.120 - 0.602ms returns FALSE
T9B44 421:657.152 JLINK_IsHalted()
T9B44 421:657.504 - 0.369ms returns FALSE
T9B44 421:765.792 JLINK_IsHalted()
T9B44 421:766.336 - 0.570ms returns FALSE
T9B44 421:766.368 JLINK_IsHalted()
T9B44 421:766.880 - 0.498ms returns FALSE
T778C 421:826.496 JLINK_IsHalted()
T778C 421:827.008 - 0.496ms returns FALSE
T778C 421:827.072 JLINK_IsHalted()
T778C 421:827.424 - 0.352ms returns FALSE
T9B44 421:875.232 JLINK_IsHalted()
T9B44 421:875.744 - 0.530ms returns FALSE
T9B44 421:875.776 JLINK_IsHalted()
T9B44 421:876.160 - 0.405ms returns FALSE
T9B44 421:985.088 JLINK_IsHalted()
T9B44 421:985.760 - 0.649ms returns FALSE
T9B44 421:985.792 JLINK_IsHalted()
T9B44 421:986.208 - 0.407ms returns FALSE
T9B44 422:094.688 JLINK_IsHalted()
T9B44 422:095.456 - 0.776ms returns FALSE
T9B44 422:095.520 JLINK_IsHalted()
T9B44 422:096.096 - 0.603ms returns FALSE
T9B44 422:203.264 JLINK_IsHalted()
T9B44 422:205.216 - 1.954ms returns FALSE
T9B44 422:205.248 JLINK_IsHalted()
T9B44 422:205.984 - 0.710ms returns FALSE
T9B44 422:313.120 JLINK_IsHalted()
T9B44 422:313.664 - 0.537ms returns FALSE
T9B44 422:313.664 JLINK_IsHalted()
T9B44 422:314.208 - 0.528ms returns FALSE
T9B44 422:422.240 JLINK_IsHalted()
T9B44 422:422.976 - 0.737ms returns FALSE
T9B44 422:423.040 JLINK_IsHalted()
T9B44 422:423.616 - 0.580ms returns FALSE
T9B44 422:532.224 JLINK_IsHalted()
T9B44 422:532.800 - 0.552ms returns FALSE
T9B44 422:532.800 JLINK_IsHalted()
T9B44 422:533.472 - 0.658ms returns FALSE
T9B44 422:642.048 JLINK_IsHalted()
T9B44 422:642.720 - 0.665ms returns FALSE
T9B44 422:642.752 JLINK_IsHalted()
T9B44 422:643.296 - 0.537ms returns FALSE
T9B44 422:751.072 JLINK_IsHalted()
T9B44 422:751.648 - 0.576ms returns FALSE
T9B44 422:751.680 JLINK_IsHalted()
T9B44 422:752.384 - 0.678ms returns FALSE
T778C 422:828.032 JLINK_IsHalted()
T778C 422:828.608 - 0.573ms returns FALSE
T778C 422:828.640 JLINK_IsHalted()
T778C 422:829.344 - 0.679ms returns FALSE
T9B44 422:859.616 JLINK_IsHalted()
T9B44 422:860.224 - 0.586ms returns FALSE
T9B44 422:860.256 JLINK_IsHalted()
T9B44 422:860.800 - 0.544ms returns FALSE
T9B44 422:969.216 JLINK_IsHalted()
T9B44 422:969.888 - 0.664ms returns FALSE
T9B44 422:969.888 JLINK_IsHalted()
T9B44 422:970.304 - 0.430ms returns FALSE
T9B44 423:078.720 JLINK_IsHalted()
T9B44 423:079.328 - 0.605ms returns FALSE
T9B44 423:079.360 JLINK_IsHalted()
T9B44 423:079.872 - 0.520ms returns FALSE
T9B44 423:188.448 JLINK_IsHalted()
T9B44 423:190.336 - 1.881ms returns FALSE
T9B44 423:190.368 JLINK_IsHalted()
T9B44 423:191.072 - 0.675ms returns FALSE
T9B44 423:297.920 JLINK_IsHalted()
T9B44 423:298.752 - 0.811ms returns FALSE
T9B44 423:298.784 JLINK_IsHalted()
T9B44 423:299.264 - 0.475ms returns FALSE
T9B44 423:407.424 JLINK_IsHalted()
T9B44 423:408.384 - 0.954ms returns FALSE
T9B44 423:408.448 JLINK_IsHalted()
T9B44 423:409.216 - 0.751ms returns FALSE
T9B44 423:515.968 JLINK_IsHalted()
T9B44 423:516.608 - 0.653ms returns FALSE
T9B44 423:516.672 JLINK_IsHalted()
T9B44 423:519.456 - 2.808ms returns FALSE
T9B44 423:625.600 JLINK_IsHalted()
T9B44 423:626.592 - 0.992ms returns FALSE
T9B44 423:626.688 JLINK_IsHalted()
T9B44 423:627.456 - 0.809ms returns FALSE
T9B44 423:735.360 JLINK_IsHalted()
T9B44 423:736.128 - 0.786ms returns FALSE
T9B44 423:736.192 JLINK_IsHalted()
T9B44 423:736.928 - 0.732ms returns FALSE
T778C 423:830.528 JLINK_IsHalted()
T778C 423:832.928 - 2.402ms returns FALSE
T778C 423:833.024 JLINK_IsHalted()
T778C 423:833.856 - 0.834ms returns FALSE
T9B44 423:843.968 JLINK_IsHalted()
T9B44 423:844.576 - 0.605ms returns FALSE
T9B44 423:844.672 JLINK_IsHalted()
T9B44 423:845.248 - 0.611ms returns FALSE
T9B44 423:954.304 JLINK_IsHalted()
T9B44 423:957.152 - 2.849ms returns FALSE
T9B44 423:957.216 JLINK_IsHalted()
T9B44 423:959.104 - 1.865ms returns FALSE
T9B44 424:063.808 JLINK_IsHalted()
T9B44 424:064.896 - 1.105ms returns FALSE
T9B44 424:064.960 JLINK_IsHalted()
T9B44 424:065.536 - 0.549ms returns FALSE
T9B44 424:172.800 JLINK_IsHalted()
T9B44 424:173.632 - 0.829ms returns FALSE
T9B44 424:173.696 JLINK_IsHalted()
T9B44 424:174.400 - 0.696ms returns FALSE
T9B44 424:281.728 JLINK_IsHalted()
T9B44 424:282.592 - 0.878ms returns FALSE
T9B44 424:282.688 JLINK_IsHalted()
T9B44 424:283.200 - 0.541ms returns FALSE
T9B44 424:391.040 JLINK_IsHalted()
T9B44 424:391.904 - 0.868ms returns FALSE
T9B44 424:392.000 JLINK_IsHalted()
T9B44 424:392.768 - 0.786ms returns FALSE
T9B44 424:501.056 JLINK_IsHalted()
T9B44 424:502.016 - 0.938ms returns FALSE
T9B44 424:502.112 JLINK_IsHalted()
T9B44 424:502.912 - 0.808ms returns FALSE
T9B44 424:609.824 JLINK_IsHalted()
T9B44 424:610.592 - 0.763ms returns FALSE
T9B44 424:610.624 JLINK_IsHalted()
T9B44 424:611.200 - 0.556ms returns FALSE
T9B44 424:719.872 JLINK_IsHalted()
T9B44 424:720.704 - 0.813ms returns FALSE
T9B44 424:720.768 JLINK_IsHalted()
T9B44 424:721.472 - 0.705ms returns FALSE
T9B44 424:828.256 JLINK_IsHalted()
T9B44 424:828.800 - 0.519ms returns FALSE
T9B44 424:828.864 JLINK_IsHalted()
T9B44 424:829.408 - 0.528ms returns FALSE
T778C 424:835.040 JLINK_IsHalted()
T778C 424:835.616 - 0.566ms returns FALSE
T778C 424:835.648 JLINK_IsHalted()
T778C 424:836.352 - 0.681ms returns FALSE
T9B44 424:938.496 JLINK_IsHalted()
T9B44 424:941.312 - 2.816ms returns FALSE
T9B44 424:941.376 JLINK_IsHalted()
T9B44 424:941.728 - 0.372ms returns FALSE
T9B44 425:047.168 JLINK_IsHalted()
T9B44 425:047.776 - 0.604ms returns FALSE
T9B44 425:047.808 JLINK_IsHalted()
T9B44 425:048.384 - 0.565ms returns FALSE
T9B44 425:157.056 JLINK_IsHalted()
T9B44 425:157.696 - 0.634ms returns FALSE
T9B44 425:157.728 JLINK_IsHalted()
T9B44 425:158.208 - 0.492ms returns FALSE
T9B44 425:266.336 JLINK_IsHalted()
T9B44 425:266.880 - 0.537ms returns FALSE
T9B44 425:266.912 JLINK_IsHalted()
T9B44 425:267.488 - 0.568ms returns FALSE
T9B44 425:375.424 JLINK_IsHalted()
T9B44 425:376.096 - 0.647ms returns FALSE
T9B44 425:376.128 JLINK_IsHalted()
T9B44 425:376.640 - 0.510ms returns FALSE
T9B44 425:484.736 JLINK_IsHalted()
T9B44 425:487.392 - 2.658ms returns FALSE
T9B44 425:487.424 JLINK_IsHalted()
T9B44 425:488.000 - 0.587ms returns FALSE
T9B44 425:594.240 JLINK_IsHalted()
T9B44 425:594.752 - 0.509ms returns FALSE
T9B44 425:594.784 JLINK_IsHalted()
T9B44 425:595.296 - 0.514ms returns FALSE
T9B44 425:703.520 JLINK_IsHalted()
T9B44 425:704.096 - 0.542ms returns FALSE
T9B44 425:704.128 JLINK_IsHalted()
T9B44 425:704.736 - 0.616ms returns FALSE
T9B44 425:813.280 JLINK_IsHalted()
T9B44 425:813.824 - 0.562ms returns FALSE
T9B44 425:813.888 JLINK_IsHalted()
T9B44 425:816.256 - 2.359ms returns FALSE
T778C 425:838.144 JLINK_IsHalted()
T778C 425:838.752 - 0.589ms returns FALSE
T778C 425:838.784 JLINK_IsHalted()
T778C 425:839.232 - 0.442ms returns FALSE
T9B44 425:922.144 JLINK_IsHalted()
T9B44 425:922.880 - 0.752ms returns FALSE
T9B44 425:922.944 JLINK_IsHalted()
T9B44 425:923.392 - 0.428ms returns FALSE
T9B44 426:031.552 JLINK_IsHalted()
T9B44 426:032.384 - 0.813ms returns FALSE
T9B44 426:032.416 JLINK_IsHalted()
T9B44 426:034.528 - 2.129ms returns FALSE
T9B44 426:141.088 JLINK_IsHalted()
T9B44 426:141.728 - 0.655ms returns FALSE
T9B44 426:141.760 JLINK_IsHalted()
T9B44 426:142.208 - 0.448ms returns FALSE
T9B44 426:250.688 JLINK_IsHalted()
T9B44 426:251.296 - 0.602ms returns FALSE
T9B44 426:251.296 JLINK_IsHalted()
T9B44 426:251.808 - 0.508ms returns FALSE
T9B44 426:359.712 JLINK_IsHalted()
T9B44 426:360.384 - 0.665ms returns FALSE
T9B44 426:360.384 JLINK_IsHalted()
T9B44 426:360.832 - 0.460ms returns FALSE
T9B44 426:469.312 JLINK_IsHalted()
T9B44 426:469.888 - 0.581ms returns FALSE
T9B44 426:469.888 JLINK_IsHalted()
T9B44 426:470.336 - 0.456ms returns FALSE
T9B44 426:578.624 JLINK_IsHalted()
T9B44 426:579.136 - 0.495ms returns FALSE
T9B44 426:579.136 JLINK_IsHalted()
T9B44 426:579.616 - 0.459ms returns FALSE
T9B44 426:688.160 JLINK_IsHalted()
T9B44 426:688.800 - 0.640ms returns FALSE
T9B44 426:688.832 JLINK_IsHalted()
T9B44 426:689.728 - 0.898ms returns FALSE
T9B44 426:797.344 JLINK_IsHalted()
T9B44 426:798.016 - 0.654ms returns FALSE
T9B44 426:798.016 JLINK_IsHalted()
T9B44 426:798.592 - 0.568ms returns FALSE
T778C 426:840.000 JLINK_IsHalted()
T778C 426:840.640 - 0.637ms returns FALSE
T778C 426:840.640 JLINK_IsHalted()
T778C 426:841.216 - 0.551ms returns FALSE
T9B44 426:906.848 JLINK_IsHalted()
T9B44 426:907.360 - 0.519ms returns FALSE
T9B44 426:907.392 JLINK_IsHalted()
T9B44 426:907.840 - 0.461ms returns FALSE
T9B44 427:016.224 JLINK_IsHalted()
T9B44 427:016.896 - 0.646ms returns FALSE
T9B44 427:016.896 JLINK_IsHalted()
T9B44 427:017.376 - 0.455ms returns FALSE
T9B44 427:125.568 JLINK_IsHalted()
T9B44 427:126.208 - 0.650ms returns FALSE
T9B44 427:126.240 JLINK_IsHalted()
T9B44 427:126.848 - 0.609ms returns FALSE
T9B44 427:234.848 JLINK_IsHalted()
T9B44 427:235.424 - 0.585ms returns FALSE
T9B44 427:235.456 JLINK_IsHalted()
T9B44 427:235.840 - 0.358ms returns FALSE
T9B44 427:344.032 JLINK_IsHalted()
T9B44 427:344.608 - 0.588ms returns FALSE
T9B44 427:344.640 JLINK_IsHalted()
T9B44 427:345.152 - 0.498ms returns FALSE
T9B44 427:453.344 JLINK_IsHalted()
T9B44 427:454.016 - 0.660ms returns FALSE
T9B44 427:454.016 JLINK_IsHalted()
T9B44 427:454.624 - 0.569ms returns FALSE
T9B44 427:563.104 JLINK_IsHalted()
T9B44 427:563.712 - 0.613ms returns FALSE
T9B44 427:563.776 JLINK_IsHalted()
T9B44 427:564.224 - 0.463ms returns FALSE
T9B44 427:672.640 JLINK_IsHalted()
T9B44 427:673.920 - 1.254ms returns FALSE
T9B44 427:673.920 JLINK_IsHalted()
T9B44 427:674.496 - 0.547ms returns FALSE
T9B44 427:781.760 JLINK_IsHalted()
T9B44 427:782.400 - 0.639ms returns FALSE
T9B44 427:782.464 JLINK_IsHalted()
T9B44 427:782.976 - 0.536ms returns FALSE
T778C 427:842.496 JLINK_IsHalted()
T778C 427:843.104 - 0.578ms returns FALSE
T778C 427:843.136 JLINK_IsHalted()
T778C 427:843.584 - 0.442ms returns FALSE
T9B44 427:890.848 JLINK_IsHalted()
T9B44 427:891.488 - 0.626ms returns FALSE
T9B44 427:891.520 JLINK_IsHalted()
T9B44 427:892.032 - 0.545ms returns FALSE
T9B44 428:000.064 JLINK_IsHalted()
T9B44 428:000.800 - 0.696ms returns FALSE
T9B44 428:000.800 JLINK_IsHalted()
T9B44 428:001.216 - 0.422ms returns FALSE
T9B44 428:110.208 JLINK_IsHalted()
T9B44 428:112.032 - 1.817ms returns FALSE
T9B44 428:112.032 JLINK_IsHalted()
T9B44 428:112.480 - 0.453ms returns FALSE
T9B44 428:219.104 JLINK_IsHalted()
T9B44 428:219.680 - 0.560ms returns FALSE
T9B44 428:219.712 JLINK_IsHalted()
T9B44 428:220.192 - 0.505ms returns FALSE
T9B44 428:328.480 JLINK_IsHalted()
T9B44 428:329.056 - 0.593ms returns FALSE
T9B44 428:329.088 JLINK_IsHalted()
T9B44 428:329.440 - 0.368ms returns FALSE
T9B44 428:438.432 JLINK_IsHalted()
T9B44 428:438.848 - 0.432ms returns FALSE
T9B44 428:438.912 JLINK_IsHalted()
T9B44 428:439.296 - 0.394ms returns FALSE
T9B44 428:546.976 JLINK_IsHalted()
T9B44 428:547.584 - 0.609ms returns FALSE
T9B44 428:547.616 JLINK_IsHalted()
T9B44 428:547.936 - 0.338ms returns FALSE
T9B44 428:657.248 JLINK_IsHalted()
T9B44 428:657.632 - 0.382ms returns FALSE
T9B44 428:657.664 JLINK_IsHalted()
T9B44 428:658.016 - 0.368ms returns FALSE
T9B44 428:765.856 JLINK_IsHalted()
T9B44 428:766.528 - 0.695ms returns FALSE
T9B44 428:766.560 JLINK_IsHalted()
T9B44 428:767.040 - 0.477ms returns FALSE
T778C 428:843.584 JLINK_IsHalted()
T778C 428:844.096 - 0.528ms returns FALSE
T778C 428:844.160 JLINK_IsHalted()
T778C 428:844.800 - 0.647ms returns FALSE
T9B44 428:875.104 JLINK_IsHalted()
T9B44 428:875.840 - 0.715ms returns FALSE
T9B44 428:875.840 JLINK_IsHalted()
T9B44 428:876.448 - 0.578ms returns FALSE
T9B44 428:984.896 JLINK_IsHalted()
T9B44 428:985.280 - 0.397ms returns FALSE
T9B44 428:985.280 JLINK_IsHalted()
T9B44 428:985.568 - 0.288ms returns FALSE
T9B44 429:094.432 JLINK_IsHalted()
T9B44 429:095.008 - 0.566ms returns FALSE
T9B44 429:095.008 JLINK_IsHalted()
T9B44 429:095.424 - 0.395ms returns FALSE
T9B44 429:204.352 JLINK_IsHalted()
T9B44 429:205.056 - 0.726ms returns FALSE
T9B44 429:205.088 JLINK_IsHalted()
T9B44 429:205.632 - 0.534ms returns FALSE
T9B44 429:314.304 JLINK_IsHalted()
T9B44 429:314.848 - 0.538ms returns FALSE
T9B44 429:314.880 JLINK_IsHalted()
T9B44 429:315.328 - 0.464ms returns FALSE
T9B44 429:422.208 JLINK_IsHalted()
T9B44 429:424.128 - 1.912ms returns FALSE
T9B44 429:424.160 JLINK_IsHalted()
T9B44 429:424.576 - 0.420ms returns FALSE
T9B44 429:532.256 JLINK_IsHalted()
T9B44 429:532.992 - 0.713ms returns FALSE
T9B44 429:533.024 JLINK_IsHalted()
T9B44 429:533.440 - 0.407ms returns FALSE
T9B44 429:640.896 JLINK_IsHalted()
T9B44 429:641.376 - 0.442ms returns FALSE
T9B44 429:641.376 JLINK_IsHalted()
T9B44 429:641.728 - 0.357ms returns FALSE
T9B44 429:750.688 JLINK_IsHalted()
T9B44 429:751.040 - 0.363ms returns FALSE
T9B44 429:751.104 JLINK_IsHalted()
T9B44 429:751.360 - 0.285ms returns FALSE
T778C 429:845.504 JLINK_IsHalted()
T778C 429:845.920 - 0.381ms returns FALSE
T778C 429:845.920 JLINK_IsHalted()
T778C 429:846.272 - 0.323ms returns FALSE
T9B44 429:860.288 JLINK_IsHalted()
T9B44 429:860.800 - 0.523ms returns FALSE
T9B44 429:860.800 JLINK_IsHalted()
T9B44 429:861.216 - 0.413ms returns FALSE
T9B44 429:968.992 JLINK_IsHalted()
T9B44 429:969.504 - 0.502ms returns FALSE
T9B44 429:969.504 JLINK_IsHalted()
T9B44 429:969.984 - 0.445ms returns FALSE
T9B44 430:078.976 JLINK_IsHalted()
T9B44 430:079.584 - 0.576ms returns FALSE
T9B44 430:079.584 JLINK_IsHalted()
T9B44 430:080.064 - 0.467ms returns FALSE
T9B44 430:187.840 JLINK_IsHalted()
T9B44 430:188.384 - 0.542ms returns FALSE
T9B44 430:188.384 JLINK_IsHalted()
T9B44 430:188.896 - 0.535ms returns FALSE
T9B44 430:297.088 JLINK_IsHalted()
T9B44 430:297.664 - 0.542ms returns FALSE
T9B44 430:297.664 JLINK_IsHalted()
T9B44 430:298.112 - 0.422ms returns FALSE
T9B44 430:407.104 JLINK_IsHalted()
T9B44 430:407.584 - 0.451ms returns FALSE
T9B44 430:407.584 JLINK_IsHalted()
T9B44 430:408.000 - 0.363ms returns FALSE
T9B44 430:516.416 JLINK_IsHalted()
T9B44 430:516.928 - 0.489ms returns FALSE
T9B44 430:516.928 JLINK_IsHalted()
T9B44 430:517.440 - 0.472ms returns FALSE
T9B44 430:625.184 JLINK_IsHalted()
T9B44 430:626.912 - 1.738ms returns FALSE
T9B44 430:626.912 JLINK_IsHalted()
T9B44 430:627.424 - 0.519ms returns FALSE
T9B44 430:735.360 JLINK_IsHalted()
T9B44 430:735.968 - 0.612ms returns FALSE
T9B44 430:736.032 JLINK_IsHalted()
T9B44 430:736.544 - 0.555ms returns FALSE
T9B44 430:844.096 JLINK_IsHalted()
T9B44 430:844.992 - 0.901ms returns FALSE
T9B44 430:845.024 JLINK_IsHalted()
T9B44 430:845.856 - 0.782ms returns FALSE
T778C 430:847.680 JLINK_IsHalted()
T778C 430:848.352 - 0.666ms returns FALSE
T778C 430:848.416 JLINK_IsHalted()
T778C 430:848.960 - 0.563ms returns FALSE
T9B44 430:954.048 JLINK_IsHalted()
T9B44 430:954.752 - 0.725ms returns FALSE
T9B44 430:954.816 JLINK_IsHalted()
T9B44 430:957.312 - 2.513ms returns FALSE
T9B44 431:062.848 JLINK_IsHalted()
T9B44 431:063.712 - 0.897ms returns FALSE
T9B44 431:063.808 JLINK_IsHalted()
T9B44 431:064.256 - 0.447ms returns FALSE
T9B44 431:172.672 JLINK_IsHalted()
T9B44 431:173.536 - 0.865ms returns FALSE
T9B44 431:173.568 JLINK_IsHalted()
T9B44 431:174.208 - 0.620ms returns FALSE
T9B44 431:282.112 JLINK_IsHalted()
T9B44 431:283.040 - 0.916ms returns FALSE
T9B44 431:283.104 JLINK_IsHalted()
T9B44 431:283.872 - 0.764ms returns FALSE
T9B44 431:391.744 JLINK_IsHalted()
T9B44 431:392.576 - 0.848ms returns FALSE
T9B44 431:392.672 JLINK_IsHalted()
T9B44 431:393.376 - 0.751ms returns FALSE
T9B44 431:500.864 JLINK_IsHalted()
T9B44 431:501.760 - 0.911ms returns FALSE
T9B44 431:501.824 JLINK_IsHalted()
T9B44 431:502.688 - 0.879ms returns FALSE
T9B44 431:609.600 JLINK_IsHalted()
T9B44 431:610.624 - 1.012ms returns FALSE
T9B44 431:610.688 JLINK_IsHalted()
T9B44 431:611.456 - 0.785ms returns FALSE
T9B44 431:719.104 JLINK_IsHalted()
T9B44 431:719.840 - 0.749ms returns FALSE
T9B44 431:719.872 JLINK_IsHalted()
T9B44 431:720.544 - 0.661ms returns FALSE
T9B44 431:828.928 JLINK_IsHalted()
T9B44 431:829.600 - 0.695ms returns FALSE
T9B44 431:829.696 JLINK_IsHalted()
T9B44 431:831.904 - 2.234ms returns FALSE
T778C 431:849.280 JLINK_IsHalted()
T778C 431:850.048 - 0.773ms returns FALSE
T778C 431:850.144 JLINK_IsHalted()
T778C 431:850.592 - 0.475ms returns FALSE
T9B44 431:937.632 JLINK_IsHalted()
T9B44 431:938.560 - 0.915ms returns FALSE
T9B44 431:938.624 JLINK_IsHalted()
T9B44 431:939.392 - 0.761ms returns FALSE
T9B44 432:047.776 JLINK_IsHalted()
T9B44 432:048.480 - 0.743ms returns FALSE
T9B44 432:048.544 JLINK_IsHalted()
T9B44 432:049.216 - 0.676ms returns FALSE
T9B44 432:157.344 JLINK_IsHalted()
T9B44 432:159.328 - 1.995ms returns FALSE
T9B44 432:159.392 JLINK_IsHalted()
T9B44 432:160.000 - 0.589ms returns FALSE
T9B44 432:265.888 JLINK_IsHalted()
T9B44 432:266.432 - 0.535ms returns FALSE
T9B44 432:266.496 JLINK_IsHalted()
T9B44 432:266.912 - 0.412ms returns FALSE
T9B44 432:375.744 JLINK_IsHalted()
T9B44 432:376.256 - 0.517ms returns FALSE
T9B44 432:376.320 JLINK_IsHalted()
T9B44 432:376.832 - 0.507ms returns FALSE
T9B44 432:485.280 JLINK_IsHalted()
T9B44 432:486.048 - 0.728ms returns FALSE
T9B44 432:486.048 JLINK_IsHalted()
T9B44 432:486.592 - 0.561ms returns FALSE
T9B44 432:594.112 JLINK_IsHalted()
T9B44 432:594.848 - 0.714ms returns FALSE
T9B44 432:594.880 JLINK_IsHalted()
T9B44 432:595.456 - 0.549ms returns FALSE
T9B44 432:703.392 JLINK_IsHalted()
T9B44 432:704.096 - 0.686ms returns FALSE
T9B44 432:704.256 JLINK_IsHalted()
T9B44 432:704.960 - 0.698ms returns FALSE
T9B44 432:812.800 JLINK_IsHalted()
T9B44 432:813.760 - 1.020ms returns FALSE
T9B44 432:813.888 JLINK_IsHalted()
T9B44 432:814.656 - 0.751ms returns FALSE
T778C 432:851.360 JLINK_IsHalted()
T778C 432:851.968 - 0.611ms returns FALSE
T778C 432:852.032 JLINK_IsHalted()
T778C 432:852.640 - 0.604ms returns FALSE
T9B44 432:923.232 JLINK_IsHalted()
T9B44 432:924.352 - 1.125ms returns FALSE
T9B44 432:924.480 JLINK_IsHalted()
T9B44 432:925.024 - 0.603ms returns FALSE
T9B44 433:031.872 JLINK_IsHalted()
T9B44 433:032.352 - 0.473ms returns FALSE
T9B44 433:032.384 JLINK_IsHalted()
T9B44 433:033.024 - 0.613ms returns FALSE
T9B44 433:140.992 JLINK_IsHalted()
T9B44 433:141.568 - 0.602ms returns FALSE
T9B44 433:141.664 JLINK_IsHalted()
T9B44 433:142.080 - 0.445ms returns FALSE
T9B44 433:250.496 JLINK_IsHalted()
T9B44 433:251.328 - 0.827ms returns FALSE
T9B44 433:251.328 JLINK_IsHalted()
T9B44 433:251.744 - 0.398ms returns FALSE
T9B44 433:359.968 JLINK_IsHalted()
T9B44 433:360.640 - 0.628ms returns FALSE
T9B44 433:360.640 JLINK_IsHalted()
T9B44 433:361.216 - 0.566ms returns FALSE
T9B44 433:469.088 JLINK_IsHalted()
T9B44 433:469.696 - 0.618ms returns FALSE
T9B44 433:469.696 JLINK_IsHalted()
T9B44 433:470.208 - 0.500ms returns FALSE
T9B44 433:578.496 JLINK_IsHalted()
T9B44 433:578.912 - 0.413ms returns FALSE
T9B44 433:578.944 JLINK_IsHalted()
T9B44 433:579.360 - 0.409ms returns FALSE
T9B44 433:688.064 JLINK_IsHalted()
T9B44 433:688.512 - 0.457ms returns FALSE
T9B44 433:688.576 JLINK_IsHalted()
T9B44 433:689.024 - 0.460ms returns FALSE
T9B44 433:797.280 JLINK_IsHalted()
T9B44 433:797.888 - 0.609ms returns FALSE
T9B44 433:797.888 JLINK_IsHalted()
T9B44 433:798.304 - 0.406ms returns FALSE
T778C 433:853.536 JLINK_IsHalted()
T778C 433:869.632 - 16.063ms returns FALSE
T778C 433:869.664 JLINK_IsHalted()
T778C 433:870.336 - 0.661ms returns FALSE
T9B44 433:906.944 JLINK_IsHalted()
T9B44 433:907.552 - 0.574ms returns FALSE
T9B44 433:907.552 JLINK_IsHalted()
T9B44 433:907.904 - 0.362ms returns FALSE
T9B44 434:016.608 JLINK_IsHalted()
T9B44 434:017.088 - 0.445ms returns FALSE
T9B44 434:017.088 JLINK_IsHalted()
T9B44 434:017.440 - 0.351ms returns FALSE
T9B44 434:125.664 JLINK_IsHalted()
T9B44 434:126.272 - 0.600ms returns FALSE
T9B44 434:126.272 JLINK_IsHalted()
T9B44 434:126.784 - 0.505ms returns FALSE
T9B44 434:235.392 JLINK_IsHalted()
T9B44 434:235.840 - 0.456ms returns FALSE
T9B44 434:235.904 JLINK_IsHalted()
T9B44 434:236.160 - 0.280ms returns FALSE
T9B44 434:343.840 JLINK_IsHalted()
T9B44 434:344.352 - 0.518ms returns FALSE
T9B44 434:344.384 JLINK_IsHalted()
T9B44 434:344.896 - 0.523ms returns FALSE
T9B44 434:453.312 JLINK_IsHalted()
T9B44 434:453.952 - 0.675ms returns FALSE
T9B44 434:453.952 JLINK_IsHalted()
T9B44 434:454.464 - 0.520ms returns FALSE
T9B44 434:567.264 JLINK_IsHalted()
T9B44 434:568.000 - 0.719ms returns FALSE
T9B44 434:568.000 JLINK_IsHalted()
T9B44 434:568.352 - 0.323ms returns FALSE
T9B44 434:672.384 JLINK_IsHalted()
T9B44 434:672.736 - 0.372ms returns FALSE
T9B44 434:672.736 JLINK_IsHalted()
T9B44 434:673.248 - 0.495ms returns FALSE
T9B44 434:781.632 JLINK_IsHalted()
T9B44 434:782.560 - 0.915ms returns FALSE
T9B44 434:782.656 JLINK_IsHalted()
T9B44 434:783.392 - 0.753ms returns FALSE
T778C 434:871.040 JLINK_IsHalted()
T778C 434:871.872 - 0.783ms returns FALSE
T778C 434:871.904 JLINK_IsHalted()
T778C 434:872.416 - 0.514ms returns FALSE
T9B44 434:891.456 JLINK_IsHalted()
T9B44 434:892.288 - 0.849ms returns FALSE
T9B44 434:892.352 JLINK_IsHalted()
T9B44 434:892.896 - 0.561ms returns FALSE
T9B44 435:001.024 JLINK_IsHalted()
T9B44 435:001.696 - 0.649ms returns FALSE
T9B44 435:001.760 JLINK_IsHalted()
T9B44 435:002.464 - 0.700ms returns FALSE
T9B44 435:109.824 JLINK_IsHalted()
T9B44 435:110.400 - 0.537ms returns FALSE
T9B44 435:110.464 JLINK_IsHalted()
T9B44 435:110.848 - 0.442ms returns FALSE
T9B44 435:219.648 JLINK_IsHalted()
T9B44 435:220.288 - 0.626ms returns FALSE
T9B44 435:220.320 JLINK_IsHalted()
T9B44 435:220.992 - 0.639ms returns FALSE
T9B44 435:328.576 JLINK_IsHalted()
T9B44 435:329.024 - 0.501ms returns FALSE
T9B44 435:329.088 JLINK_IsHalted()
T9B44 435:329.472 - 0.416ms returns FALSE
T9B44 435:437.728 JLINK_IsHalted()
T9B44 435:438.080 - 0.385ms returns FALSE
T9B44 435:438.144 JLINK_IsHalted()
T9B44 435:438.592 - 0.420ms returns FALSE
T9B44 435:547.840 JLINK_IsHalted()
T9B44 435:549.600 - 1.717ms returns FALSE
T9B44 435:549.600 JLINK_IsHalted()
T9B44 435:550.048 - 0.475ms returns FALSE
T9B44 435:656.896 JLINK_IsHalted()
T9B44 435:657.536 - 0.648ms returns FALSE
T9B44 435:657.568 JLINK_IsHalted()
T9B44 435:658.080 - 0.528ms returns FALSE
T9B44 435:765.760 JLINK_IsHalted()
T9B44 435:766.336 - 0.558ms returns FALSE
T9B44 435:766.368 JLINK_IsHalted()
T9B44 435:766.848 - 0.496ms returns FALSE
T778C 435:873.440 JLINK_IsHalted()
T778C 435:873.792 - 0.362ms returns FALSE
T778C 435:873.856 JLINK_IsHalted()
T778C 435:874.240 - 0.414ms returns FALSE
T9B44 435:875.232 JLINK_IsHalted()
T9B44 435:875.520 - 0.316ms returns FALSE
T9B44 435:875.520 JLINK_IsHalted()
T9B44 435:875.904 - 0.357ms returns FALSE
T9B44 435:984.800 JLINK_IsHalted()
T9B44 435:985.344 - 0.551ms returns FALSE
T9B44 435:985.344 JLINK_IsHalted()
T9B44 435:985.920 - 0.528ms returns FALSE
T9B44 436:094.528 JLINK_IsHalted()
T9B44 436:095.072 - 0.577ms returns FALSE
T9B44 436:095.136 JLINK_IsHalted()
T9B44 436:095.680 - 0.580ms returns FALSE
T9B44 436:203.616 JLINK_IsHalted()
T9B44 436:206.016 - 2.359ms returns FALSE
T9B44 436:206.080 JLINK_IsHalted()
T9B44 436:206.496 - 0.421ms returns FALSE
T9B44 436:312.768 JLINK_IsHalted()
T9B44 436:313.408 - 0.617ms returns FALSE
T9B44 436:313.440 JLINK_IsHalted()
T9B44 436:313.952 - 0.501ms returns FALSE
T9B44 436:422.400 JLINK_IsHalted()
T9B44 436:423.872 - 1.485ms returns FALSE
T9B44 436:423.872 JLINK_IsHalted()
T9B44 436:424.288 - 0.367ms returns FALSE
T9B44 436:532.064 JLINK_IsHalted()
T9B44 436:532.800 - 0.686ms returns FALSE
T9B44 436:532.800 JLINK_IsHalted()
T9B44 436:533.568 - 0.757ms returns FALSE
T9B44 436:641.024 JLINK_IsHalted()
T9B44 436:641.600 - 0.559ms returns FALSE
T9B44 436:641.600 JLINK_IsHalted()
T9B44 436:642.048 - 0.421ms returns FALSE
T9B44 436:750.400 JLINK_IsHalted()
T9B44 436:750.752 - 0.405ms returns FALSE
T9B44 436:750.784 JLINK_IsHalted()
T9B44 436:751.168 - 0.353ms returns FALSE
T9B44 436:860.096 JLINK_IsHalted()
T9B44 436:860.576 - 0.424ms returns FALSE
T9B44 436:860.576 JLINK_IsHalted()
T9B44 436:860.832 - 0.283ms returns FALSE
T778C 436:874.560 JLINK_IsHalted()
T778C 436:875.104 - 0.554ms returns FALSE
T778C 436:875.104 JLINK_IsHalted()
T778C 436:875.584 - 0.430ms returns FALSE
T9B44 436:969.472 JLINK_IsHalted()
T9B44 436:969.888 - 0.400ms returns FALSE
T9B44 436:969.888 JLINK_IsHalted()
T9B44 436:970.304 - 0.380ms returns FALSE
T9B44 437:079.232 JLINK_IsHalted()
T9B44 437:080.128 - 0.867ms returns FALSE
T9B44 437:080.224 JLINK_IsHalted()
T9B44 437:081.088 - 0.885ms returns FALSE
T9B44 437:187.936 JLINK_IsHalted()
T9B44 437:188.512 - 0.540ms returns FALSE
T9B44 437:188.544 JLINK_IsHalted()
T9B44 437:189.024 - 0.457ms returns FALSE
T9B44 437:297.088 JLINK_IsHalted()
T9B44 437:297.664 - 0.521ms returns FALSE
T9B44 437:297.728 JLINK_IsHalted()
T9B44 437:298.080 - 0.405ms returns FALSE
T9B44 437:406.624 JLINK_IsHalted()
T9B44 437:408.672 - 2.043ms returns FALSE
T9B44 437:408.672 JLINK_IsHalted()
T9B44 437:409.280 - 0.583ms returns FALSE
T9B44 437:516.800 JLINK_IsHalted()
T9B44 437:517.312 - 0.537ms returns FALSE
T9B44 437:517.376 JLINK_IsHalted()
T9B44 437:517.760 - 0.403ms returns FALSE
T9B44 437:625.920 JLINK_IsHalted()
T9B44 437:626.464 - 0.590ms returns FALSE
T9B44 437:626.528 JLINK_IsHalted()
T9B44 437:626.944 - 0.403ms returns FALSE
T9B44 437:735.424 JLINK_IsHalted()
T9B44 437:736.096 - 0.652ms returns FALSE
T9B44 437:736.096 JLINK_IsHalted()
T9B44 437:736.608 - 0.533ms returns FALSE
T9B44 437:844.672 JLINK_IsHalted()
T9B44 437:845.184 - 0.539ms returns FALSE
T9B44 437:845.248 JLINK_IsHalted()
T9B44 437:845.760 - 0.523ms returns FALSE
T778C 437:875.904 JLINK_IsHalted()
T778C 437:876.384 - 0.461ms returns FALSE
T778C 437:876.384 JLINK_IsHalted()
T778C 437:876.832 - 0.437ms returns FALSE
T9B44 437:954.240 JLINK_IsHalted()
T9B44 437:956.192 - 1.992ms returns FALSE
T9B44 437:956.256 JLINK_IsHalted()
T9B44 437:957.024 - 0.781ms returns FALSE
T9B44 438:063.200 JLINK_IsHalted()
T9B44 438:064.128 - 0.906ms returns FALSE
T9B44 438:064.192 JLINK_IsHalted()
T9B44 438:064.832 - 0.662ms returns FALSE
T9B44 438:172.736 JLINK_IsHalted()
T9B44 438:173.376 - 0.671ms returns FALSE
T9B44 438:173.440 JLINK_IsHalted()
T9B44 438:174.048 - 0.629ms returns FALSE
T9B44 438:282.400 JLINK_IsHalted()
T9B44 438:282.944 - 0.570ms returns FALSE
T9B44 438:283.008 JLINK_IsHalted()
T9B44 438:283.520 - 0.526ms returns FALSE
T9B44 438:390.784 JLINK_IsHalted()
T9B44 438:391.488 - 0.716ms returns FALSE
T9B44 438:391.488 JLINK_IsHalted()
T9B44 438:392.064 - 0.557ms returns FALSE
T9B44 438:500.544 JLINK_IsHalted()
T9B44 438:501.280 - 0.700ms returns FALSE
T9B44 438:501.312 JLINK_IsHalted()
T9B44 438:501.888 - 0.563ms returns FALSE
T9B44 438:610.240 JLINK_IsHalted()
T9B44 438:610.848 - 0.602ms returns FALSE
T9B44 438:610.944 JLINK_IsHalted()
T9B44 438:611.552 - 0.650ms returns FALSE
T9B44 438:718.880 JLINK_IsHalted()
T9B44 438:719.584 - 0.735ms returns FALSE
T9B44 438:719.648 JLINK_IsHalted()
T9B44 438:720.064 - 0.425ms returns FALSE
T9B44 438:828.224 JLINK_IsHalted()
T9B44 438:828.736 - 0.553ms returns FALSE
T9B44 438:828.800 JLINK_IsHalted()
T9B44 438:829.408 - 0.596ms returns FALSE
T778C 438:877.856 JLINK_IsHalted()
T778C 438:878.464 - 0.642ms returns FALSE
T778C 438:878.528 JLINK_IsHalted()
T778C 438:879.072 - 0.547ms returns FALSE
T9B44 438:937.792 JLINK_IsHalted()
T9B44 438:938.304 - 0.475ms returns FALSE
T9B44 438:938.304 JLINK_IsHalted()
T9B44 438:938.880 - 0.539ms returns FALSE
T9B44 439:047.264 JLINK_IsHalted()
T9B44 439:047.776 - 0.549ms returns FALSE
T9B44 439:047.840 JLINK_IsHalted()
T9B44 439:048.384 - 0.534ms returns FALSE
T9B44 439:156.480 JLINK_IsHalted()
T9B44 439:157.088 - 0.590ms returns FALSE
T9B44 439:157.152 JLINK_IsHalted()
T9B44 439:157.600 - 0.480ms returns FALSE
T9B44 439:266.208 JLINK_IsHalted()
T9B44 439:267.136 - 0.926ms returns FALSE
T9B44 439:267.168 JLINK_IsHalted()
T9B44 439:267.520 - 0.341ms returns FALSE
T9B44 439:375.104 JLINK_IsHalted()
T9B44 439:375.712 - 0.655ms returns FALSE
T9B44 439:375.776 JLINK_IsHalted()
T9B44 439:376.384 - 0.622ms returns FALSE
T9B44 439:484.928 JLINK_IsHalted()
T9B44 439:485.504 - 0.568ms returns FALSE
T9B44 439:485.536 JLINK_IsHalted()
T9B44 439:486.016 - 0.492ms returns FALSE
T9B44 439:594.304 JLINK_IsHalted()
T9B44 439:594.848 - 0.532ms returns FALSE
T9B44 439:594.848 JLINK_IsHalted()
T9B44 439:595.328 - 0.471ms returns FALSE
T9B44 439:704.000 JLINK_IsHalted()
T9B44 439:704.576 - 0.586ms returns FALSE
T9B44 439:704.640 JLINK_IsHalted()
T9B44 439:705.344 - 0.711ms returns FALSE
T9B44 439:813.312 JLINK_IsHalted()
T9B44 439:814.048 - 0.671ms returns FALSE
T9B44 439:814.048 JLINK_IsHalted()
T9B44 439:814.592 - 0.543ms returns FALSE
T778C 439:879.872 JLINK_IsHalted()
T778C 439:880.288 - 0.424ms returns FALSE
T778C 439:880.352 JLINK_IsHalted()
T778C 439:880.800 - 0.473ms returns FALSE
T9B44 439:922.784 JLINK_IsHalted()
T9B44 439:923.360 - 0.565ms returns FALSE
T9B44 439:923.360 JLINK_IsHalted()
T9B44 439:923.968 - 0.598ms returns FALSE
T9B44 440:031.904 JLINK_IsHalted()
T9B44 440:032.512 - 0.618ms returns FALSE
T9B44 440:032.576 JLINK_IsHalted()
T9B44 440:033.024 - 0.497ms returns FALSE
T9B44 440:141.120 JLINK_IsHalted()
T9B44 440:141.888 - 0.726ms returns FALSE
T9B44 440:141.888 JLINK_IsHalted()
T9B44 440:142.432 - 0.551ms returns FALSE
T9B44 440:250.272 JLINK_IsHalted()
T9B44 440:250.944 - 0.622ms returns FALSE
T9B44 440:250.944 JLINK_IsHalted()
T9B44 440:251.328 - 0.413ms returns FALSE
T9B44 440:359.584 JLINK_IsHalted()
T9B44 440:360.256 - 0.683ms returns FALSE
T9B44 440:360.288 JLINK_IsHalted()
T9B44 440:361.280 - 0.972ms returns FALSE
T9B44 440:469.440 JLINK_IsHalted()
T9B44 440:469.952 - 0.521ms returns FALSE
T9B44 440:470.016 JLINK_IsHalted()
T9B44 440:470.592 - 0.559ms returns FALSE
T9B44 440:578.720 JLINK_IsHalted()
T9B44 440:579.328 - 0.640ms returns FALSE
T9B44 440:579.392 JLINK_IsHalted()
T9B44 440:579.776 - 0.414ms returns FALSE
T9B44 440:688.224 JLINK_IsHalted()
T9B44 440:688.704 - 0.481ms returns FALSE
T9B44 440:688.736 JLINK_IsHalted()
T9B44 440:689.408 - 0.636ms returns FALSE
T9B44 440:797.504 JLINK_IsHalted()
T9B44 440:799.488 - 2.000ms returns FALSE
T9B44 440:799.552 JLINK_IsHalted()
T9B44 440:800.000 - 0.472ms returns FALSE
T778C 440:881.056 JLINK_IsHalted()
T778C 440:881.728 - 0.646ms returns FALSE
T778C 440:881.760 JLINK_IsHalted()
T778C 440:882.272 - 0.548ms returns FALSE
T9B44 440:907.072 JLINK_IsHalted()
T9B44 440:907.680 - 0.629ms returns FALSE
T9B44 440:907.712 JLINK_IsHalted()
T9B44 440:908.288 - 0.588ms returns FALSE
T9B44 441:016.224 JLINK_IsHalted()
T9B44 441:016.672 - 0.473ms returns FALSE
T9B44 441:016.736 JLINK_IsHalted()
T9B44 441:017.152 - 0.409ms returns FALSE
T9B44 441:125.984 JLINK_IsHalted()
T9B44 441:126.656 - 0.640ms returns FALSE
T9B44 441:126.720 JLINK_IsHalted()
T9B44 441:127.168 - 0.496ms returns FALSE
T9B44 441:234.784 JLINK_IsHalted()
T9B44 441:235.392 - 0.569ms returns FALSE
T9B44 441:235.392 JLINK_IsHalted()
T9B44 441:235.872 - 0.451ms returns FALSE
T9B44 441:344.928 JLINK_IsHalted()
T9B44 441:345.600 - 0.655ms returns FALSE
T9B44 441:345.632 JLINK_IsHalted()
T9B44 441:346.144 - 0.552ms returns FALSE
T9B44 441:453.504 JLINK_IsHalted()
T9B44 441:454.144 - 0.639ms returns FALSE
T9B44 441:454.176 JLINK_IsHalted()
T9B44 441:454.784 - 0.588ms returns FALSE
T9B44 441:562.880 JLINK_IsHalted()
T9B44 441:563.488 - 0.641ms returns FALSE
T9B44 441:563.552 JLINK_IsHalted()
T9B44 441:564.000 - 0.491ms returns FALSE
T9B44 441:672.768 JLINK_IsHalted()
T9B44 441:674.176 - 1.439ms returns FALSE
T9B44 441:674.240 JLINK_IsHalted()
T9B44 441:674.848 - 0.609ms returns FALSE
T9B44 441:782.272 JLINK_IsHalted()
T9B44 441:782.944 - 0.655ms returns FALSE
T9B44 441:782.976 JLINK_IsHalted()
T9B44 441:783.712 - 0.719ms returns FALSE
T778C 441:883.296 JLINK_IsHalted()
T778C 441:883.808 - 0.524ms returns FALSE
T778C 441:883.840 JLINK_IsHalted()
T778C 441:884.224 - 0.371ms returns FALSE
T9B44 441:890.752 JLINK_IsHalted()
T9B44 441:891.232 - 0.455ms returns FALSE
T9B44 441:891.264 JLINK_IsHalted()
T9B44 441:891.520 - 0.294ms returns FALSE
T9B44 442:001.056 JLINK_IsHalted()
T9B44 442:003.360 - 2.312ms returns FALSE
T9B44 442:003.392 JLINK_IsHalted()
T9B44 442:003.968 - 0.559ms returns FALSE
T9B44 442:110.016 JLINK_IsHalted()
T9B44 442:110.656 - 0.654ms returns FALSE
T9B44 442:110.656 JLINK_IsHalted()
T9B44 442:111.232 - 0.554ms returns FALSE
T9B44 442:219.520 JLINK_IsHalted()
T9B44 442:220.192 - 0.670ms returns FALSE
T9B44 442:220.192 JLINK_IsHalted()
T9B44 442:221.824 - 1.635ms returns FALSE
T9B44 442:328.320 JLINK_IsHalted()
T9B44 442:328.896 - 0.533ms returns FALSE
T9B44 442:328.928 JLINK_IsHalted()
T9B44 442:329.440 - 0.526ms returns FALSE
T9B44 442:438.080 JLINK_IsHalted()
T9B44 442:438.816 - 0.699ms returns FALSE
T9B44 442:438.848 JLINK_IsHalted()
T9B44 442:441.280 - 2.443ms returns FALSE
T9B44 442:547.776 JLINK_IsHalted()
T9B44 442:549.696 - 1.896ms returns FALSE
T9B44 442:549.696 JLINK_IsHalted()
T9B44 442:550.368 - 0.665ms returns FALSE
T9B44 442:656.512 JLINK_IsHalted()
T9B44 442:657.120 - 0.653ms returns FALSE
T9B44 442:657.184 JLINK_IsHalted()
T9B44 442:657.696 - 0.500ms returns FALSE
T9B44 442:766.592 JLINK_IsHalted()
T9B44 442:767.104 - 0.508ms returns FALSE
T9B44 442:767.104 JLINK_IsHalted()
T9B44 442:767.616 - 0.501ms returns FALSE
T9B44 442:875.552 JLINK_IsHalted()
T9B44 442:876.096 - 0.556ms returns FALSE
T9B44 442:876.160 JLINK_IsHalted()
T9B44 442:876.736 - 0.565ms returns FALSE
T778C 442:885.056 JLINK_IsHalted()
T778C 442:885.536 - 0.481ms returns FALSE
T778C 442:885.568 JLINK_IsHalted()
T778C 442:885.952 - 0.394ms returns FALSE
T9B44 442:984.864 JLINK_IsHalted()
T9B44 442:985.408 - 0.525ms returns FALSE
T9B44 442:985.408 JLINK_IsHalted()
T9B44 442:985.888 - 0.466ms returns FALSE
T9B44 443:094.592 JLINK_IsHalted()
T9B44 443:095.200 - 0.592ms returns FALSE
T9B44 443:095.200 JLINK_IsHalted()
T9B44 443:095.648 - 0.468ms returns FALSE
T9B44 443:203.232 JLINK_IsHalted()
T9B44 443:203.584 - 0.383ms returns FALSE
T9B44 443:203.648 JLINK_IsHalted()
T9B44 443:203.904 - 0.280ms returns FALSE
T9B44 443:313.568 JLINK_IsHalted()
T9B44 443:314.176 - 0.625ms returns FALSE
T9B44 443:314.240 JLINK_IsHalted()
T9B44 443:314.784 - 0.589ms returns FALSE
T9B44 443:423.168 JLINK_IsHalted()
T9B44 443:423.680 - 0.520ms returns FALSE
T9B44 443:423.680 JLINK_IsHalted()
T9B44 443:424.096 - 0.394ms returns FALSE
T9B44 443:532.032 JLINK_IsHalted()
T9B44 443:532.544 - 0.497ms returns FALSE
T9B44 443:532.608 JLINK_IsHalted()
T9B44 443:532.992 - 0.421ms returns FALSE
T9B44 443:641.184 JLINK_IsHalted()
T9B44 443:641.856 - 0.633ms returns FALSE
T9B44 443:641.856 JLINK_IsHalted()
T9B44 443:643.712 - 1.834ms returns FALSE
T9B44 443:750.592 JLINK_IsHalted()
T9B44 443:751.488 - 0.885ms returns FALSE
T9B44 443:751.520 JLINK_IsHalted()
T9B44 443:752.096 - 0.545ms returns FALSE
T9B44 443:859.648 JLINK_IsHalted()
T9B44 443:860.384 - 0.746ms returns FALSE
T9B44 443:860.416 JLINK_IsHalted()
T9B44 443:860.832 - 0.431ms returns FALSE
T778C 443:886.784 JLINK_IsHalted()
T778C 443:903.328 - 16.505ms returns FALSE
T778C 443:903.328 JLINK_IsHalted()
T778C 443:903.840 - 0.476ms returns FALSE
T9B44 443:969.120 JLINK_IsHalted()
T9B44 443:969.696 - 0.551ms returns FALSE
T9B44 443:969.696 JLINK_IsHalted()
T9B44 443:970.112 - 0.407ms returns FALSE
T9B44 444:078.528 JLINK_IsHalted()
T9B44 444:079.104 - 0.595ms returns FALSE
T9B44 444:079.168 JLINK_IsHalted()
T9B44 444:079.680 - 0.502ms returns FALSE
T9B44 444:187.712 JLINK_IsHalted()
T9B44 444:188.320 - 0.592ms returns FALSE
T9B44 444:188.320 JLINK_IsHalted()
T9B44 444:188.832 - 0.479ms returns FALSE
T9B44 444:297.472 JLINK_IsHalted()
T9B44 444:298.080 - 0.585ms returns FALSE
T9B44 444:298.144 JLINK_IsHalted()
T9B44 444:298.656 - 0.507ms returns FALSE
T9B44 444:407.040 JLINK_IsHalted()
T9B44 444:407.456 - 0.420ms returns FALSE
T9B44 444:407.456 JLINK_IsHalted()
T9B44 444:407.808 - 0.323ms returns FALSE
T9B44 444:516.416 JLINK_IsHalted()
T9B44 444:517.024 - 0.633ms returns FALSE
T9B44 444:517.056 JLINK_IsHalted()
T9B44 444:517.568 - 0.490ms returns FALSE
T9B44 444:625.920 JLINK_IsHalted()
T9B44 444:626.592 - 0.649ms returns FALSE
T9B44 444:626.624 JLINK_IsHalted()
T9B44 444:627.040 - 0.417ms returns FALSE
T9B44 444:734.880 JLINK_IsHalted()
T9B44 444:735.328 - 0.451ms returns FALSE
T9B44 444:735.328 JLINK_IsHalted()
T9B44 444:735.808 - 0.441ms returns FALSE
T9B44 444:844.352 JLINK_IsHalted()
T9B44 444:844.736 - 0.424ms returns FALSE
T9B44 444:844.736 JLINK_IsHalted()
T9B44 444:845.216 - 0.440ms returns FALSE
T778C 444:904.192 JLINK_IsHalted()
T778C 444:904.768 - 0.550ms returns FALSE
T778C 444:904.800 JLINK_IsHalted()
T778C 444:905.216 - 0.439ms returns FALSE
T9B44 444:954.208 JLINK_IsHalted()
T9B44 444:954.624 - 0.420ms returns FALSE
T9B44 444:954.688 JLINK_IsHalted()
T9B44 444:954.976 - 0.322ms returns FALSE
T9B44 445:062.720 JLINK_IsHalted()
T9B44 445:063.104 - 0.421ms returns FALSE
T9B44 445:063.104 JLINK_IsHalted()
T9B44 445:063.424 - 0.289ms returns FALSE
T9B44 445:172.640 JLINK_IsHalted()
T9B44 445:173.152 - 0.516ms returns FALSE
T9B44 445:173.184 JLINK_IsHalted()
T9B44 445:173.664 - 0.474ms returns FALSE
T9B44 445:282.112 JLINK_IsHalted()
T9B44 445:282.560 - 0.451ms returns FALSE
T9B44 445:282.560 JLINK_IsHalted()
T9B44 445:282.976 - 0.400ms returns FALSE
T9B44 445:390.688 JLINK_IsHalted()
T9B44 445:391.264 - 0.582ms returns FALSE
T9B44 445:391.360 JLINK_IsHalted()
T9B44 445:391.712 - 0.367ms returns FALSE
T9B44 445:500.512 JLINK_IsHalted()
T9B44 445:501.024 - 0.542ms returns FALSE
T9B44 445:501.088 JLINK_IsHalted()
T9B44 445:501.504 - 0.398ms returns FALSE
T9B44 445:610.240 JLINK_IsHalted()
T9B44 445:611.008 - 0.773ms returns FALSE
T9B44 445:611.008 JLINK_IsHalted()
T9B44 445:613.216 - 2.161ms returns FALSE
T9B44 445:719.136 JLINK_IsHalted()
T9B44 445:721.664 - 2.508ms returns FALSE
T9B44 445:721.696 JLINK_IsHalted()
T9B44 445:722.048 - 0.385ms returns FALSE
T9B44 445:828.512 JLINK_IsHalted()
T9B44 445:829.280 - 0.723ms returns FALSE
T9B44 445:829.376 JLINK_IsHalted()
T9B44 445:829.888 - 0.502ms returns FALSE
T778C 445:905.664 JLINK_IsHalted()
T778C 445:906.496 - 0.790ms returns FALSE
T778C 445:906.528 JLINK_IsHalted()
T778C 445:907.264 - 0.739ms returns FALSE
T9B44 445:938.176 JLINK_IsHalted()
T9B44 445:938.880 - 0.707ms returns FALSE
T9B44 445:938.880 JLINK_IsHalted()
T9B44 445:939.552 - 0.663ms returns FALSE
T9B44 446:047.552 JLINK_IsHalted()
T9B44 446:048.160 - 0.654ms returns FALSE
T9B44 446:048.192 JLINK_IsHalted()
T9B44 446:048.768 - 0.578ms returns FALSE
T9B44 446:156.960 JLINK_IsHalted()
T9B44 446:157.728 - 0.751ms returns FALSE
T9B44 446:157.760 JLINK_IsHalted()
T9B44 446:159.456 - 1.682ms returns FALSE
T9B44 446:274.464 JLINK_IsHalted()
T9B44 446:275.424 - 0.948ms returns FALSE
T9B44 446:275.488 JLINK_IsHalted()
T9B44 446:279.360 - 3.895ms returns FALSE
T9B44 446:375.360 JLINK_IsHalted()
T9B44 446:375.840 - 0.449ms returns FALSE
T9B44 446:375.872 JLINK_IsHalted()
T9B44 446:376.288 - 0.445ms returns FALSE
T9B44 446:484.896 JLINK_IsHalted()
T9B44 446:485.408 - 0.491ms returns FALSE
T9B44 446:485.440 JLINK_IsHalted()
T9B44 446:485.856 - 0.418ms returns FALSE
T9B44 446:594.496 JLINK_IsHalted()
T9B44 446:595.136 - 0.627ms returns FALSE
T9B44 446:595.168 JLINK_IsHalted()
T9B44 446:595.584 - 0.365ms returns FALSE
T9B44 446:703.456 JLINK_IsHalted()
T9B44 446:703.872 - 0.440ms returns FALSE
T9B44 446:703.936 JLINK_IsHalted()
T9B44 446:704.288 - 0.369ms returns FALSE
T9B44 446:813.184 JLINK_IsHalted()
T9B44 446:813.696 - 0.535ms returns FALSE
T9B44 446:813.760 JLINK_IsHalted()
T9B44 446:814.112 - 0.365ms returns FALSE
T778C 446:907.584 JLINK_IsHalted()
T778C 446:908.320 - 0.679ms returns FALSE
T778C 446:908.352 JLINK_IsHalted()
T778C 446:908.768 - 0.414ms returns FALSE
T9B44 446:922.176 JLINK_IsHalted()
T9B44 446:922.592 - 0.390ms returns FALSE
T9B44 446:922.592 JLINK_IsHalted()
T9B44 446:923.072 - 0.468ms returns FALSE
T9B44 447:031.712 JLINK_IsHalted()
T9B44 447:032.224 - 0.486ms returns FALSE
T9B44 447:032.256 JLINK_IsHalted()
T9B44 447:032.672 - 0.416ms returns FALSE
T9B44 447:141.312 JLINK_IsHalted()
T9B44 447:141.984 - 0.678ms returns FALSE
T9B44 447:141.984 JLINK_IsHalted()
T9B44 447:142.400 - 0.405ms returns FALSE
T9B44 447:250.784 JLINK_IsHalted()
T9B44 447:251.264 - 0.478ms returns FALSE
T9B44 447:251.296 JLINK_IsHalted()
T9B44 447:251.616 - 0.351ms returns FALSE
T9B44 447:359.680 JLINK_IsHalted()
T9B44 447:360.064 - 0.380ms returns FALSE
T9B44 447:360.096 JLINK_IsHalted()
T9B44 447:360.512 - 0.427ms returns FALSE
T9B44 447:468.992 JLINK_IsHalted()
T9B44 447:469.408 - 0.394ms returns FALSE
T9B44 447:469.408 JLINK_IsHalted()
T9B44 447:469.760 - 0.346ms returns FALSE
T9B44 447:578.304 JLINK_IsHalted()
T9B44 447:579.808 - 1.516ms returns FALSE
T9B44 447:579.840 JLINK_IsHalted()
T9B44 447:580.320 - 0.499ms returns FALSE
T9B44 447:687.584 JLINK_IsHalted()
T9B44 447:689.728 - 2.132ms returns FALSE
T9B44 447:689.728 JLINK_IsHalted()
T9B44 447:690.336 - 0.637ms returns FALSE
T9B44 447:797.440 JLINK_IsHalted()
T9B44 447:798.016 - 0.580ms returns FALSE
T9B44 447:798.080 JLINK_IsHalted()
T9B44 447:798.624 - 0.558ms returns FALSE
T9B44 447:906.560 JLINK_IsHalted()
T9B44 447:907.136 - 0.546ms returns FALSE
T9B44 447:907.136 JLINK_IsHalted()
T9B44 447:907.488 - 0.374ms returns FALSE
T778C 447:909.280 JLINK_IsHalted()
T778C 447:909.632 - 0.367ms returns FALSE
T778C 447:909.632 JLINK_IsHalted()
T778C 447:910.048 - 0.395ms returns FALSE
T9B44 448:016.224 JLINK_IsHalted()
T9B44 448:016.736 - 0.537ms returns FALSE
T9B44 448:016.736 JLINK_IsHalted()
T9B44 448:017.152 - 0.406ms returns FALSE
T9B44 448:125.600 JLINK_IsHalted()
T9B44 448:126.112 - 0.496ms returns FALSE
T9B44 448:126.112 JLINK_IsHalted()
T9B44 448:126.528 - 0.425ms returns FALSE
T9B44 448:234.816 JLINK_IsHalted()
T9B44 448:235.456 - 0.663ms returns FALSE
T9B44 448:235.456 JLINK_IsHalted()
T9B44 448:235.872 - 0.406ms returns FALSE
T9B44 448:344.512 JLINK_IsHalted()
T9B44 448:344.928 - 0.386ms returns FALSE
T9B44 448:344.992 JLINK_IsHalted()
T9B44 448:345.248 - 0.283ms returns FALSE
T9B44 448:454.144 JLINK_IsHalted()
T9B44 448:454.720 - 0.580ms returns FALSE
T9B44 448:454.720 JLINK_IsHalted()
T9B44 448:455.168 - 0.465ms returns FALSE
T9B44 448:563.296 JLINK_IsHalted()
T9B44 448:563.808 - 0.528ms returns FALSE
T9B44 448:563.872 JLINK_IsHalted()
T9B44 448:564.288 - 0.406ms returns FALSE
T9B44 448:672.160 JLINK_IsHalted()
T9B44 448:672.576 - 0.436ms returns FALSE
T9B44 448:672.608 JLINK_IsHalted()
T9B44 448:673.088 - 0.487ms returns FALSE
T9B44 448:781.728 JLINK_IsHalted()
T9B44 448:782.272 - 0.548ms returns FALSE
T9B44 448:782.336 JLINK_IsHalted()
T9B44 448:782.688 - 0.394ms returns FALSE
T9B44 448:891.584 JLINK_IsHalted()
T9B44 448:892.064 - 0.454ms returns FALSE
T9B44 448:892.064 JLINK_IsHalted()
T9B44 448:892.416 - 0.341ms returns FALSE
T778C 448:911.200 JLINK_IsHalted()
T778C 448:912.896 - 1.684ms returns FALSE
T778C 448:912.960 JLINK_IsHalted()
T778C 448:913.248 - 0.341ms returns FALSE
T9B44 449:001.024 JLINK_IsHalted()
T9B44 449:001.568 - 0.590ms returns FALSE
T9B44 449:001.632 JLINK_IsHalted()
T9B44 449:002.176 - 0.558ms returns FALSE
T9B44 449:110.080 JLINK_IsHalted()
T9B44 449:110.720 - 0.633ms returns FALSE
T9B44 449:110.720 JLINK_IsHalted()
T9B44 449:111.392 - 0.644ms returns FALSE
T9B44 449:219.232 JLINK_IsHalted()
T9B44 449:219.648 - 0.392ms returns FALSE
T9B44 449:219.648 JLINK_IsHalted()
T9B44 449:220.160 - 0.499ms returns FALSE
T9B44 449:328.480 JLINK_IsHalted()
T9B44 449:329.088 - 0.592ms returns FALSE
T9B44 449:329.088 JLINK_IsHalted()
T9B44 449:329.568 - 0.458ms returns FALSE
T9B44 449:437.888 JLINK_IsHalted()
T9B44 449:438.400 - 0.495ms returns FALSE
T9B44 449:438.400 JLINK_IsHalted()
T9B44 449:438.912 - 0.523ms returns FALSE
T9B44 449:547.072 JLINK_IsHalted()
T9B44 449:547.424 - 0.402ms returns FALSE
T9B44 449:547.456 JLINK_IsHalted()
T9B44 449:547.712 - 0.259ms returns FALSE
T9B44 449:657.280 JLINK_IsHalted()
T9B44 449:657.760 - 0.465ms returns FALSE
T9B44 449:657.760 JLINK_IsHalted()
T9B44 449:658.176 - 0.413ms returns FALSE
T9B44 449:766.464 JLINK_IsHalted()
T9B44 449:766.848 - 0.445ms returns FALSE
T9B44 449:766.912 JLINK_IsHalted()
T9B44 449:767.328 - 0.411ms returns FALSE
T9B44 449:875.264 JLINK_IsHalted()
T9B44 449:875.648 - 0.445ms returns FALSE
T9B44 449:875.712 JLINK_IsHalted()
T9B44 449:876.128 - 0.434ms returns FALSE
T778C 449:913.248 JLINK_IsHalted()
T778C 449:913.664 - 0.431ms returns FALSE
T778C 449:913.696 JLINK_IsHalted()
T778C 449:914.016 - 0.318ms returns FALSE
T9B44 449:985.088 JLINK_IsHalted()
T9B44 449:985.600 - 0.517ms returns FALSE
T9B44 449:985.632 JLINK_IsHalted()
T9B44 449:985.984 - 0.386ms returns FALSE
T9B44 450:094.496 JLINK_IsHalted()
T9B44 450:095.008 - 0.522ms returns FALSE
T9B44 450:095.040 JLINK_IsHalted()
T9B44 450:095.424 - 0.384ms returns FALSE
T9B44 450:203.392 JLINK_IsHalted()
T9B44 450:203.904 - 0.540ms returns FALSE
T9B44 450:203.968 JLINK_IsHalted()
T9B44 450:204.480 - 0.538ms returns FALSE
T9B44 450:312.960 JLINK_IsHalted()
T9B44 450:313.312 - 0.364ms returns FALSE
T9B44 450:313.312 JLINK_IsHalted()
T9B44 450:313.632 - 0.304ms returns FALSE
T9B44 450:422.624 JLINK_IsHalted()
T9B44 450:423.200 - 0.577ms returns FALSE
T9B44 450:423.232 JLINK_IsHalted()
T9B44 450:423.808 - 0.538ms returns FALSE
T9B44 450:531.936 JLINK_IsHalted()
T9B44 450:536.096 - 4.143ms returns FALSE
T9B44 450:536.128 JLINK_IsHalted()
T9B44 450:536.512 - 0.349ms returns FALSE
T9B44 450:640.800 JLINK_IsHalted()
T9B44 450:641.312 - 0.546ms returns FALSE
T9B44 450:641.344 JLINK_IsHalted()
T9B44 450:641.760 - 0.439ms returns FALSE
T9B44 450:750.656 JLINK_IsHalted()
T9B44 450:751.424 - 0.785ms returns FALSE
T9B44 450:751.488 JLINK_IsHalted()
T9B44 450:752.160 - 0.658ms returns FALSE
T9B44 450:860.480 JLINK_IsHalted()
T9B44 450:861.504 - 1.045ms returns FALSE
T9B44 450:861.632 JLINK_IsHalted()
T9B44 450:862.176 - 0.573ms returns FALSE
T778C 450:914.656 JLINK_IsHalted()
T778C 450:915.584 - 0.908ms returns FALSE
T778C 450:915.648 JLINK_IsHalted()
T778C 450:916.352 - 0.731ms returns FALSE
T9B44 450:969.344 JLINK_IsHalted()
T9B44 450:970.272 - 0.876ms returns FALSE
T9B44 450:970.304 JLINK_IsHalted()
T9B44 450:971.200 - 0.861ms returns FALSE
T9B44 451:079.008 JLINK_IsHalted()
T9B44 451:079.840 - 0.807ms returns FALSE
T9B44 451:079.840 JLINK_IsHalted()
T9B44 451:080.544 - 0.690ms returns FALSE
T9B44 451:187.904 JLINK_IsHalted()
T9B44 451:188.736 - 0.859ms returns FALSE
T9B44 451:188.832 JLINK_IsHalted()
T9B44 451:189.664 - 0.818ms returns FALSE
T9B44 451:297.344 JLINK_IsHalted()
T9B44 451:297.952 - 0.611ms returns FALSE
T9B44 451:297.952 JLINK_IsHalted()
T9B44 451:298.464 - 0.495ms returns FALSE
T9B44 451:406.688 JLINK_IsHalted()
T9B44 451:407.200 - 0.505ms returns FALSE
T9B44 451:407.264 JLINK_IsHalted()
T9B44 451:407.616 - 0.343ms returns FALSE
T9B44 451:516.480 JLINK_IsHalted()
T9B44 451:517.024 - 0.563ms returns FALSE
T9B44 451:517.088 JLINK_IsHalted()
T9B44 451:517.632 - 0.556ms returns FALSE
T9B44 451:626.816 JLINK_IsHalted()
T9B44 451:627.456 - 0.671ms returns FALSE
T9B44 451:627.520 JLINK_IsHalted()
T9B44 451:628.096 - 0.581ms returns FALSE
T9B44 451:734.848 JLINK_IsHalted()
T9B44 451:735.648 - 0.807ms returns FALSE
T9B44 451:735.712 JLINK_IsHalted()
T9B44 451:736.256 - 0.569ms returns FALSE
T9B44 451:844.032 JLINK_IsHalted()
T9B44 451:845.952 - 1.869ms returns FALSE
T9B44 451:845.984 JLINK_IsHalted()
T9B44 451:846.560 - 0.542ms returns FALSE
T778C 451:918.144 JLINK_IsHalted()
T778C 451:919.200 - 1.065ms returns FALSE
T778C 451:926.368 JLINK_IsHalted()
T778C 451:927.232 - 0.872ms returns FALSE
T9B44 451:953.472 JLINK_IsHalted()
T9B44 451:954.336 - 0.864ms returns FALSE
T9B44 451:954.368 JLINK_IsHalted()
T9B44 451:955.264 - 0.875ms returns FALSE
T9B44 452:062.784 JLINK_IsHalted()
T9B44 452:063.232 - 0.463ms returns FALSE
T9B44 452:063.232 JLINK_IsHalted()
T9B44 452:063.680 - 0.474ms returns FALSE
T9B44 452:172.288 JLINK_IsHalted()
T9B44 452:172.800 - 0.532ms returns FALSE
T9B44 452:172.864 JLINK_IsHalted()
T9B44 452:173.248 - 0.414ms returns FALSE
T9B44 452:282.112 JLINK_IsHalted()
T9B44 452:283.392 - 1.238ms returns FALSE
T9B44 452:283.456 JLINK_IsHalted()
T9B44 452:284.224 - 0.798ms returns FALSE
T9B44 452:390.816 JLINK_IsHalted()
T9B44 452:391.360 - 0.593ms returns FALSE
T9B44 452:391.424 JLINK_IsHalted()
T9B44 452:392.256 - 0.813ms returns FALSE
T9B44 452:500.992 JLINK_IsHalted()
T9B44 452:501.696 - 0.702ms returns FALSE
T9B44 452:501.760 JLINK_IsHalted()
T9B44 452:502.336 - 0.577ms returns FALSE
T9B44 452:609.536 JLINK_IsHalted()
T9B44 452:610.048 - 0.471ms returns FALSE
T9B44 452:610.048 JLINK_IsHalted()
T9B44 452:610.624 - 0.527ms returns FALSE
T9B44 452:719.040 JLINK_IsHalted()
T9B44 452:721.056 - 2.019ms returns FALSE
T9B44 452:721.088 JLINK_IsHalted()
T9B44 452:721.760 - 0.681ms returns FALSE
T9B44 452:828.928 JLINK_IsHalted()
T9B44 452:829.632 - 0.740ms returns FALSE
T9B44 452:829.760 JLINK_IsHalted()
T9B44 452:830.368 - 0.617ms returns FALSE
T778C 452:928.832 JLINK_IsHalted()
T778C 452:929.344 - 0.525ms returns FALSE
T778C 452:929.344 JLINK_IsHalted()
T778C 452:929.856 - 0.483ms returns FALSE
T9B44 452:938.400 JLINK_IsHalted()
T9B44 452:938.912 - 0.501ms returns FALSE
T9B44 452:938.912 JLINK_IsHalted()
T9B44 452:939.328 - 0.397ms returns FALSE
T9B44 453:047.360 JLINK_IsHalted()
T9B44 453:047.744 - 0.435ms returns FALSE
T9B44 453:047.808 JLINK_IsHalted()
T9B44 453:048.064 - 0.286ms returns FALSE
T9B44 453:156.864 JLINK_IsHalted()
T9B44 453:157.280 - 0.431ms returns FALSE
T9B44 453:157.312 JLINK_IsHalted()
T9B44 453:157.632 - 0.320ms returns FALSE
T9B44 453:266.080 JLINK_IsHalted()
T9B44 453:266.528 - 0.433ms returns FALSE
T9B44 453:266.528 JLINK_IsHalted()
T9B44 453:266.848 - 0.309ms returns FALSE
T9B44 453:375.840 JLINK_IsHalted()
T9B44 453:376.448 - 0.641ms returns FALSE
T9B44 453:376.512 JLINK_IsHalted()
T9B44 453:376.928 - 0.397ms returns FALSE
T9B44 453:485.056 JLINK_IsHalted()
T9B44 453:485.728 - 0.630ms returns FALSE
T9B44 453:485.728 JLINK_IsHalted()
T9B44 453:486.144 - 0.406ms returns FALSE
T9B44 453:594.368 JLINK_IsHalted()
T9B44 453:594.720 - 0.399ms returns FALSE
T9B44 453:594.784 JLINK_IsHalted()
T9B44 453:595.040 - 0.281ms returns FALSE
T9B44 453:704.096 JLINK_IsHalted()
T9B44 453:704.640 - 0.582ms returns FALSE
T9B44 453:704.704 JLINK_IsHalted()
T9B44 453:705.120 - 0.422ms returns FALSE
T9B44 453:812.896 JLINK_IsHalted()
T9B44 453:813.696 - 0.796ms returns FALSE
T9B44 453:813.760 JLINK_IsHalted()
T9B44 453:814.272 - 0.546ms returns FALSE
T9B44 453:922.368 JLINK_IsHalted()
T9B44 453:923.168 - 0.830ms returns FALSE
T9B44 453:923.232 JLINK_IsHalted()
T9B44 453:923.840 - 0.613ms returns FALSE
T778C 453:931.200 JLINK_IsHalted()
T778C 453:958.592 - 27.407ms returns FALSE
T778C 453:958.656 JLINK_IsHalted()
T778C 453:959.264 - 0.610ms returns FALSE
T9B44 454:031.680 JLINK_IsHalted()
T9B44 454:032.480 - 0.835ms returns FALSE
T9B44 454:032.544 JLINK_IsHalted()
T9B44 454:033.056 - 0.497ms returns FALSE
T9B44 454:140.928 JLINK_IsHalted()
T9B44 454:141.344 - 0.412ms returns FALSE
T9B44 454:141.376 JLINK_IsHalted()
T9B44 454:141.696 - 0.300ms returns FALSE
T9B44 454:250.944 JLINK_IsHalted()
T9B44 454:251.456 - 0.506ms returns FALSE
T9B44 454:251.456 JLINK_IsHalted()
T9B44 454:251.872 - 0.384ms returns FALSE
T9B44 454:359.648 JLINK_IsHalted()
T9B44 454:360.224 - 0.560ms returns FALSE
T9B44 454:360.256 JLINK_IsHalted()
T9B44 454:360.640 - 0.373ms returns FALSE
T9B44 454:469.120 JLINK_IsHalted()
T9B44 454:469.696 - 0.548ms returns FALSE
T9B44 454:469.696 JLINK_IsHalted()
T9B44 454:470.144 - 0.437ms returns FALSE
T9B44 454:578.272 JLINK_IsHalted()
T9B44 454:578.944 - 0.669ms returns FALSE
T9B44 454:578.944 JLINK_IsHalted()
T9B44 454:579.456 - 0.513ms returns FALSE
T9B44 454:688.192 JLINK_IsHalted()
T9B44 454:688.576 - 0.346ms returns FALSE
T9B44 454:688.608 JLINK_IsHalted()
T9B44 454:688.864 - 0.265ms returns FALSE
T9B44 454:797.888 JLINK_IsHalted()
T9B44 454:798.432 - 0.548ms returns FALSE
T9B44 454:798.432 JLINK_IsHalted()
T9B44 454:798.944 - 0.491ms returns FALSE
T9B44 454:907.584 JLINK_IsHalted()
T9B44 454:908.064 - 0.450ms returns FALSE
T9B44 454:908.064 JLINK_IsHalted()
T9B44 454:908.416 - 0.360ms returns FALSE
T778C 454:960.480 JLINK_IsHalted()
T778C 454:961.088 - 0.607ms returns FALSE
T778C 454:961.088 JLINK_IsHalted()
T778C 454:961.568 - 0.465ms returns FALSE
T9B44 455:015.776 JLINK_IsHalted()
T9B44 455:016.512 - 0.723ms returns FALSE
T9B44 455:016.544 JLINK_IsHalted()
T9B44 455:016.896 - 0.376ms returns FALSE
T9B44 455:125.312 JLINK_IsHalted()
T9B44 455:127.104 - 1.765ms returns FALSE
T9B44 455:127.104 JLINK_IsHalted()
T9B44 455:127.616 - 0.538ms returns FALSE
T9B44 455:234.816 JLINK_IsHalted()
T9B44 455:235.264 - 0.489ms returns FALSE
T9B44 455:235.328 JLINK_IsHalted()
T9B44 455:235.776 - 0.476ms returns FALSE
T9B44 455:344.384 JLINK_IsHalted()
T9B44 455:344.800 - 0.445ms returns FALSE
T9B44 455:344.832 JLINK_IsHalted()
T9B44 455:345.248 - 0.416ms returns FALSE
T9B44 455:453.184 JLINK_IsHalted()
T9B44 455:453.760 - 0.562ms returns FALSE
T9B44 455:453.792 JLINK_IsHalted()
T9B44 455:454.208 - 0.446ms returns FALSE
T9B44 455:563.424 JLINK_IsHalted()
T9B44 455:563.936 - 0.501ms returns FALSE
T9B44 455:563.936 JLINK_IsHalted()
T9B44 455:564.448 - 0.473ms returns FALSE
T9B44 455:672.160 JLINK_IsHalted()
T9B44 455:672.512 - 0.390ms returns FALSE
T9B44 455:672.576 JLINK_IsHalted()
T9B44 455:672.992 - 0.405ms returns FALSE
T9B44 455:782.048 JLINK_IsHalted()
T9B44 455:782.496 - 0.470ms returns FALSE
T9B44 455:782.560 JLINK_IsHalted()
T9B44 455:782.976 - 0.417ms returns FALSE
T9B44 455:890.880 JLINK_IsHalted()
T9B44 455:891.392 - 0.555ms returns FALSE
T9B44 455:891.456 JLINK_IsHalted()
T9B44 455:891.872 - 0.438ms returns FALSE
T778C 455:961.856 JLINK_IsHalted()
T778C 455:962.304 - 0.451ms returns FALSE
T778C 455:962.304 JLINK_IsHalted()
T778C 455:962.688 - 0.370ms returns FALSE
T9B44 456:000.192 JLINK_IsHalted()
T9B44 456:000.832 - 0.606ms returns FALSE
T9B44 456:000.832 JLINK_IsHalted()
T9B44 456:001.216 - 0.393ms returns FALSE
T9B44 456:109.632 JLINK_IsHalted()
T9B44 456:110.432 - 0.854ms returns FALSE
T9B44 456:110.528 JLINK_IsHalted()
T9B44 456:111.296 - 0.775ms returns FALSE
T9B44 456:219.552 JLINK_IsHalted()
T9B44 456:220.512 - 0.947ms returns FALSE
T9B44 456:220.608 JLINK_IsHalted()
T9B44 456:221.440 - 0.846ms returns FALSE
T9B44 456:328.864 JLINK_IsHalted()
T9B44 456:329.536 - 0.655ms returns FALSE
T9B44 456:329.536 JLINK_IsHalted()
T9B44 456:330.080 - 0.556ms returns FALSE
T9B44 456:438.112 JLINK_IsHalted()
T9B44 456:438.720 - 0.590ms returns FALSE
T9B44 456:438.784 JLINK_IsHalted()
T9B44 456:441.088 - 2.291ms returns FALSE
T9B44 456:547.008 JLINK_IsHalted()
T9B44 456:547.424 - 0.406ms returns FALSE
T9B44 456:547.424 JLINK_IsHalted()
T9B44 456:547.680 - 0.260ms returns FALSE
T9B44 456:656.832 JLINK_IsHalted()
T9B44 456:657.600 - 0.771ms returns FALSE
T9B44 456:657.664 JLINK_IsHalted()
T9B44 456:658.240 - 0.559ms returns FALSE
T9B44 456:766.560 JLINK_IsHalted()
T9B44 456:767.136 - 0.553ms returns FALSE
T9B44 456:767.168 JLINK_IsHalted()
T9B44 456:767.840 - 0.640ms returns FALSE
T9B44 456:875.712 JLINK_IsHalted()
T9B44 456:876.448 - 0.710ms returns FALSE
T9B44 456:876.480 JLINK_IsHalted()
T9B44 456:877.152 - 0.649ms returns FALSE
T778C 456:962.144 JLINK_IsHalted()
T778C 456:962.816 - 0.652ms returns FALSE
T778C 456:962.880 JLINK_IsHalted()
T778C 456:963.488 - 0.606ms returns FALSE
T9B44 456:984.512 JLINK_IsHalted()
T9B44 456:985.184 - 0.645ms returns FALSE
T9B44 456:985.184 JLINK_IsHalted()
T9B44 456:985.856 - 0.633ms returns FALSE
T9B44 457:094.464 JLINK_IsHalted()
T9B44 457:095.072 - 0.592ms returns FALSE
T9B44 457:095.072 JLINK_IsHalted()
T9B44 457:095.616 - 0.542ms returns FALSE
T9B44 457:204.032 JLINK_IsHalted()
T9B44 457:204.480 - 0.488ms returns FALSE
T9B44 457:204.544 JLINK_IsHalted()
T9B44 457:204.992 - 0.439ms returns FALSE
T9B44 457:312.704 JLINK_IsHalted()
T9B44 457:313.472 - 0.751ms returns FALSE
T9B44 457:313.472 JLINK_IsHalted()
T9B44 457:313.952 - 0.434ms returns FALSE
T9B44 457:422.496 JLINK_IsHalted()
T9B44 457:423.040 - 0.569ms returns FALSE
T9B44 457:423.104 JLINK_IsHalted()
T9B44 457:423.520 - 0.416ms returns FALSE
T9B44 457:532.096 JLINK_IsHalted()
T9B44 457:532.768 - 0.636ms returns FALSE
T9B44 457:532.768 JLINK_IsHalted()
T9B44 457:533.280 - 0.470ms returns FALSE
T9B44 457:641.120 JLINK_IsHalted()
T9B44 457:641.792 - 0.670ms returns FALSE
T9B44 457:641.824 JLINK_IsHalted()
T9B44 457:642.432 - 0.587ms returns FALSE
T9B44 457:750.976 JLINK_IsHalted()
T9B44 457:751.712 - 0.702ms returns FALSE
T9B44 457:751.712 JLINK_IsHalted()
T9B44 457:752.224 - 0.506ms returns FALSE
T9B44 457:860.000 JLINK_IsHalted()
T9B44 457:860.704 - 0.736ms returns FALSE
T9B44 457:860.800 JLINK_IsHalted()
T9B44 457:861.312 - 0.485ms returns FALSE
T778C 457:964.128 JLINK_IsHalted()
T778C 457:964.480 - 0.362ms returns FALSE
T778C 457:964.544 JLINK_IsHalted()
T778C 457:964.800 - 0.261ms returns FALSE
T9B44 457:969.472 JLINK_IsHalted()
T9B44 457:969.824 - 0.349ms returns FALSE
T9B44 457:969.824 JLINK_IsHalted()
T9B44 457:970.176 - 0.374ms returns FALSE
T9B44 458:079.072 JLINK_IsHalted()
T9B44 458:079.584 - 0.511ms returns FALSE
T9B44 458:079.648 JLINK_IsHalted()
T9B44 458:079.904 - 0.276ms returns FALSE
T9B44 458:187.936 JLINK_IsHalted()
T9B44 458:188.384 - 0.431ms returns FALSE
T9B44 458:188.384 JLINK_IsHalted()
T9B44 458:188.896 - 0.483ms returns FALSE
T9B44 458:297.856 JLINK_IsHalted()
T9B44 458:298.368 - 0.532ms returns FALSE
T9B44 458:298.368 JLINK_IsHalted()
T9B44 458:298.944 - 0.514ms returns FALSE
T9B44 458:406.816 JLINK_IsHalted()
T9B44 458:407.680 - 0.885ms returns FALSE
T9B44 458:407.680 JLINK_IsHalted()
T9B44 458:408.096 - 0.404ms returns FALSE
T9B44 458:516.064 JLINK_IsHalted()
T9B44 458:516.672 - 0.623ms returns FALSE
T9B44 458:516.672 JLINK_IsHalted()
T9B44 458:517.184 - 0.502ms returns FALSE
T9B44 458:625.984 JLINK_IsHalted()
T9B44 458:627.744 - 1.758ms returns FALSE
T9B44 458:627.744 JLINK_IsHalted()
T9B44 458:628.192 - 0.459ms returns FALSE
T9B44 458:734.496 JLINK_IsHalted()
T9B44 458:735.104 - 0.583ms returns FALSE
T9B44 458:735.104 JLINK_IsHalted()
T9B44 458:735.456 - 0.361ms returns FALSE
T9B44 458:844.608 JLINK_IsHalted()
T9B44 458:845.280 - 0.670ms returns FALSE
T9B44 458:845.344 JLINK_IsHalted()
T9B44 458:845.760 - 0.428ms returns FALSE
T9B44 458:954.048 JLINK_IsHalted()
T9B44 458:954.592 - 0.546ms returns FALSE
T9B44 458:954.592 JLINK_IsHalted()
T9B44 458:955.072 - 0.460ms returns FALSE
T778C 458:965.504 JLINK_IsHalted()
T778C 458:965.952 - 0.498ms returns FALSE
T778C 458:966.016 JLINK_IsHalted()
T778C 458:966.592 - 0.575ms returns FALSE
T9B44 459:062.688 JLINK_IsHalted()
T9B44 459:063.200 - 0.485ms returns FALSE
T9B44 459:063.200 JLINK_IsHalted()
T9B44 459:063.552 - 0.355ms returns FALSE
T9B44 459:172.704 JLINK_IsHalted()
T9B44 459:173.440 - 0.703ms returns FALSE
T9B44 459:173.472 JLINK_IsHalted()
T9B44 459:173.824 - 0.359ms returns FALSE
T9B44 459:282.240 JLINK_IsHalted()
T9B44 459:282.624 - 0.414ms returns FALSE
T9B44 459:282.624 JLINK_IsHalted()
T9B44 459:283.136 - 0.509ms returns FALSE
T9B44 459:391.488 JLINK_IsHalted()
T9B44 459:392.064 - 0.569ms returns FALSE
T9B44 459:392.064 JLINK_IsHalted()
T9B44 459:392.512 - 0.433ms returns FALSE
T9B44 459:500.960 JLINK_IsHalted()
T9B44 459:501.728 - 0.766ms returns FALSE
T9B44 459:501.824 JLINK_IsHalted()
T9B44 459:504.544 - 2.700ms returns FALSE
T9B44 459:609.920 JLINK_IsHalted()
T9B44 459:610.784 - 0.868ms returns FALSE
T9B44 459:610.816 JLINK_IsHalted()
T9B44 459:611.584 - 0.773ms returns FALSE
T9B44 459:719.104 JLINK_IsHalted()
T9B44 459:719.744 - 0.577ms returns FALSE
T9B44 459:719.744 JLINK_IsHalted()
T9B44 459:720.288 - 0.558ms returns FALSE
T9B44 459:828.800 JLINK_IsHalted()
T9B44 459:829.344 - 0.599ms returns FALSE
T9B44 459:829.408 JLINK_IsHalted()
T9B44 459:829.920 - 0.537ms returns FALSE
T9B44 459:938.400 JLINK_IsHalted()
T9B44 459:940.960 - 2.570ms returns FALSE
T9B44 459:941.024 JLINK_IsHalted()
T9B44 459:941.312 - 0.324ms returns FALSE
T778C 459:966.400 JLINK_IsHalted()
T778C 459:966.784 - 0.378ms returns FALSE
T778C 459:966.816 JLINK_IsHalted()
T778C 459:967.296 - 0.482ms returns FALSE
T9B44 460:047.808 JLINK_IsHalted()
T9B44 460:048.448 - 0.616ms returns FALSE
T9B44 460:048.448 JLINK_IsHalted()
T9B44 460:048.960 - 0.497ms returns FALSE
T9B44 460:156.864 JLINK_IsHalted()
T9B44 460:157.536 - 0.690ms returns FALSE
T9B44 460:157.600 JLINK_IsHalted()
T9B44 460:158.016 - 0.398ms returns FALSE
T9B44 460:266.432 JLINK_IsHalted()
T9B44 460:266.944 - 0.537ms returns FALSE
T9B44 460:267.008 JLINK_IsHalted()
T9B44 460:267.456 - 0.476ms returns FALSE
T9B44 460:376.000 JLINK_IsHalted()
T9B44 460:376.672 - 0.668ms returns FALSE
T9B44 460:376.672 JLINK_IsHalted()
T9B44 460:377.152 - 0.449ms returns FALSE
T9B44 460:485.280 JLINK_IsHalted()
T9B44 460:485.792 - 0.483ms returns FALSE
T9B44 460:485.792 JLINK_IsHalted()
T9B44 460:486.304 - 0.491ms returns FALSE
T9B44 460:594.112 JLINK_IsHalted()
T9B44 460:594.752 - 0.591ms returns FALSE
T9B44 460:594.752 JLINK_IsHalted()
T9B44 460:595.200 - 0.468ms returns FALSE
T9B44 460:703.648 JLINK_IsHalted()
T9B44 460:704.192 - 0.566ms returns FALSE
T9B44 460:704.192 JLINK_IsHalted()
T9B44 460:704.608 - 0.402ms returns FALSE
T9B44 460:813.312 JLINK_IsHalted()
T9B44 460:813.888 - 0.593ms returns FALSE
T9B44 460:813.920 JLINK_IsHalted()
T9B44 460:814.400 - 0.450ms returns FALSE
T9B44 460:922.944 JLINK_IsHalted()
T9B44 460:923.584 - 0.681ms returns FALSE
T9B44 460:923.584 JLINK_IsHalted()
T9B44 460:924.096 - 0.485ms returns FALSE
T778C 460:967.840 JLINK_IsHalted()
T778C 460:968.352 - 0.508ms returns FALSE
T778C 460:968.352 JLINK_IsHalted()
T778C 460:968.896 - 0.542ms returns FALSE
T9B44 461:031.424 JLINK_IsHalted()
T9B44 461:032.000 - 0.574ms returns FALSE
T9B44 461:032.032 JLINK_IsHalted()
T9B44 461:032.448 - 0.414ms returns FALSE
T9B44 461:141.312 JLINK_IsHalted()
T9B44 461:141.824 - 0.513ms returns FALSE
T9B44 461:141.824 JLINK_IsHalted()
T9B44 461:142.272 - 0.424ms returns FALSE
T9B44 461:250.624 JLINK_IsHalted()
T9B44 461:251.136 - 0.496ms returns FALSE
T9B44 461:251.136 JLINK_IsHalted()
T9B44 461:251.648 - 0.529ms returns FALSE
T9B44 461:359.680 JLINK_IsHalted()
T9B44 461:360.224 - 0.536ms returns FALSE
T9B44 461:360.224 JLINK_IsHalted()
T9B44 461:360.576 - 0.377ms returns FALSE
T9B44 461:469.184 JLINK_IsHalted()
T9B44 461:469.856 - 0.640ms returns FALSE
T9B44 461:469.856 JLINK_IsHalted()
T9B44 461:470.304 - 0.443ms returns FALSE
T9B44 461:578.848 JLINK_IsHalted()
T9B44 461:580.640 - 1.785ms returns FALSE
T9B44 461:580.704 JLINK_IsHalted()
T9B44 461:581.248 - 0.554ms returns FALSE
T9B44 461:688.576 JLINK_IsHalted()
T9B44 461:689.280 - 0.731ms returns FALSE
T9B44 461:689.280 JLINK_IsHalted()
T9B44 461:690.176 - 0.833ms returns FALSE
T9B44 461:797.120 JLINK_IsHalted()
T9B44 461:799.520 - 2.414ms returns FALSE
T9B44 461:799.520 JLINK_IsHalted()
T9B44 461:799.872 - 0.317ms returns FALSE
T9B44 461:906.784 JLINK_IsHalted()
T9B44 461:907.296 - 0.526ms returns FALSE
T9B44 461:907.360 JLINK_IsHalted()
T9B44 461:907.808 - 0.449ms returns FALSE
T778C 461:968.736 JLINK_IsHalted()
T778C 461:969.216 - 0.459ms returns FALSE
T778C 461:969.216 JLINK_IsHalted()
T778C 461:969.568 - 0.348ms returns FALSE
T9B44 462:015.904 JLINK_IsHalted()
T9B44 462:016.416 - 0.529ms returns FALSE
T9B44 462:016.448 JLINK_IsHalted()
T9B44 462:016.864 - 0.418ms returns FALSE
T9B44 462:125.568 JLINK_IsHalted()
T9B44 462:126.144 - 0.541ms returns FALSE
T9B44 462:126.144 JLINK_IsHalted()
T9B44 462:126.528 - 0.417ms returns FALSE
T9B44 462:234.528 JLINK_IsHalted()
T9B44 462:235.072 - 0.527ms returns FALSE
T9B44 462:235.072 JLINK_IsHalted()
T9B44 462:235.488 - 0.376ms returns FALSE
T9B44 462:344.096 JLINK_IsHalted()
T9B44 462:344.512 - 0.393ms returns FALSE
T9B44 462:344.512 JLINK_IsHalted()
T9B44 462:344.768 - 0.260ms returns FALSE
T9B44 462:453.440 JLINK_IsHalted()
T9B44 462:453.952 - 0.535ms returns FALSE
T9B44 462:453.952 JLINK_IsHalted()
T9B44 462:454.368 - 0.402ms returns FALSE
T9B44 462:563.232 JLINK_IsHalted()
T9B44 462:563.680 - 0.466ms returns FALSE
T9B44 462:563.744 JLINK_IsHalted()
T9B44 462:564.192 - 0.457ms returns FALSE
T9B44 462:672.960 JLINK_IsHalted()
T9B44 462:673.760 - 0.810ms returns FALSE
T9B44 462:673.760 JLINK_IsHalted()
T9B44 462:674.272 - 0.491ms returns FALSE
T9B44 462:782.048 JLINK_IsHalted()
T9B44 462:782.656 - 0.614ms returns FALSE
T9B44 462:782.720 JLINK_IsHalted()
T9B44 462:783.232 - 0.526ms returns FALSE
T9B44 462:890.752 JLINK_IsHalted()
T9B44 462:891.360 - 0.628ms returns FALSE
T9B44 462:891.360 JLINK_IsHalted()
T9B44 462:893.632 - 2.218ms returns FALSE
T778C 462:970.112 JLINK_IsHalted()
T778C 462:970.528 - 0.398ms returns FALSE
T778C 462:970.528 JLINK_IsHalted()
T778C 462:970.944 - 0.404ms returns FALSE
T9B44 463:000.320 JLINK_IsHalted()
T9B44 463:000.768 - 0.467ms returns FALSE
T9B44 463:000.832 JLINK_IsHalted()
T9B44 463:001.248 - 0.430ms returns FALSE
T9B44 463:110.080 JLINK_IsHalted()
T9B44 463:114.336 - 4.222ms returns FALSE
T9B44 463:114.400 JLINK_IsHalted()
T9B44 463:125.056 - 10.623ms returns FALSE
T9B44 463:219.552 JLINK_IsHalted()
T9B44 463:220.160 - 0.621ms returns FALSE
T9B44 463:220.224 JLINK_IsHalted()
T9B44 463:220.672 - 0.464ms returns FALSE
T9B44 463:329.184 JLINK_IsHalted()
T9B44 463:329.856 - 0.626ms returns FALSE
T9B44 463:329.856 JLINK_IsHalted()
T9B44 463:330.400 - 0.531ms returns FALSE
T9B44 463:437.984 JLINK_IsHalted()
T9B44 463:438.432 - 0.497ms returns FALSE
T9B44 463:438.496 JLINK_IsHalted()
T9B44 463:438.944 - 0.478ms returns FALSE
T9B44 463:547.808 JLINK_IsHalted()
T9B44 463:548.256 - 0.434ms returns FALSE
T9B44 463:548.256 JLINK_IsHalted()
T9B44 463:548.608 - 0.370ms returns FALSE
T9B44 463:656.608 JLINK_IsHalted()
T9B44 463:657.024 - 0.443ms returns FALSE
T9B44 463:657.056 JLINK_IsHalted()
T9B44 463:657.472 - 0.400ms returns FALSE
T9B44 463:766.592 JLINK_IsHalted()
T9B44 463:767.040 - 0.468ms returns FALSE
T9B44 463:767.040 JLINK_IsHalted()
T9B44 463:767.552 - 0.484ms returns FALSE
T9B44 463:876.160 JLINK_IsHalted()
T9B44 463:876.672 - 0.549ms returns FALSE
T9B44 463:876.704 JLINK_IsHalted()
T9B44 463:877.184 - 0.470ms returns FALSE
T778C 463:971.424 JLINK_IsHalted()
T778C 463:986.176 - 14.734ms returns FALSE
T778C 463:986.176 JLINK_IsHalted()
T778C 463:986.624 - 0.439ms returns FALSE
T9B44 463:986.752 JLINK_IsHalted()
T9B44 463:987.200 - 0.446ms returns FALSE
T9B44 463:987.200 JLINK_IsHalted()
T9B44 463:987.648 - 0.458ms returns FALSE
T9B44 464:094.720 JLINK_IsHalted()
T9B44 464:095.296 - 0.557ms returns FALSE
T9B44 464:095.328 JLINK_IsHalted()
T9B44 464:095.840 - 0.479ms returns FALSE
T9B44 464:203.840 JLINK_IsHalted()
T9B44 464:204.864 - 1.029ms returns FALSE
T9B44 464:204.896 JLINK_IsHalted()
T9B44 464:205.376 - 0.454ms returns FALSE
T9B44 464:312.672 JLINK_IsHalted()
T9B44 464:313.024 - 0.377ms returns FALSE
T9B44 464:313.088 JLINK_IsHalted()
T9B44 464:313.344 - 0.293ms returns FALSE
T9B44 464:422.304 JLINK_IsHalted()
T9B44 464:423.264 - 0.934ms returns FALSE
T9B44 464:423.264 JLINK_IsHalted()
T9B44 464:425.280 - 1.957ms returns FALSE
T9B44 464:531.616 JLINK_IsHalted()
T9B44 464:532.032 - 0.454ms returns FALSE
T9B44 464:532.064 JLINK_IsHalted()
T9B44 464:532.384 - 0.325ms returns FALSE
T9B44 464:641.088 JLINK_IsHalted()
T9B44 464:641.472 - 0.424ms returns FALSE
T9B44 464:641.472 JLINK_IsHalted()
T9B44 464:641.952 - 0.446ms returns FALSE
T9B44 464:750.144 JLINK_IsHalted()
T9B44 464:750.592 - 0.433ms returns FALSE
T9B44 464:750.592 JLINK_IsHalted()
T9B44 464:751.040 - 0.447ms returns FALSE
T9B44 464:859.584 JLINK_IsHalted()
T9B44 464:860.096 - 0.497ms returns FALSE
T9B44 464:860.096 JLINK_IsHalted()
T9B44 464:860.608 - 0.487ms returns FALSE
T9B44 464:969.792 JLINK_IsHalted()
T9B44 464:970.336 - 0.560ms returns FALSE
T9B44 464:970.400 JLINK_IsHalted()
T9B44 464:970.848 - 0.434ms returns FALSE
T778C 464:987.712 JLINK_IsHalted()
T778C 464:988.224 - 0.516ms returns FALSE
T778C 464:988.224 JLINK_IsHalted()
T778C 464:988.672 - 0.457ms returns FALSE
T9B44 465:078.624 JLINK_IsHalted()
T9B44 465:079.200 - 0.545ms returns FALSE
T9B44 465:079.232 JLINK_IsHalted()
T9B44 465:079.648 - 0.408ms returns FALSE
T9B44 465:188.608 JLINK_IsHalted()
T9B44 465:189.120 - 0.522ms returns FALSE
T9B44 465:189.280 JLINK_IsHalted()
T9B44 465:189.888 - 0.571ms returns FALSE
T9B44 465:297.216 JLINK_IsHalted()
T9B44 465:297.600 - 0.406ms returns FALSE
T9B44 465:297.664 JLINK_IsHalted()
T9B44 465:297.920 - 0.287ms returns FALSE
T9B44 465:406.368 JLINK_IsHalted()
T9B44 465:406.816 - 0.482ms returns FALSE
T9B44 465:406.816 JLINK_IsHalted()
T9B44 465:407.232 - 0.393ms returns FALSE
T9B44 465:516.096 JLINK_IsHalted()
T9B44 465:516.544 - 0.459ms returns FALSE
T9B44 465:516.608 JLINK_IsHalted()
T9B44 465:516.960 - 0.362ms returns FALSE
T9B44 465:625.344 JLINK_IsHalted()
T9B44 465:625.856 - 0.513ms returns FALSE
T9B44 465:625.856 JLINK_IsHalted()
T9B44 465:626.272 - 0.405ms returns FALSE
T9B44 465:735.072 JLINK_IsHalted()
T9B44 465:735.680 - 0.599ms returns FALSE
T9B44 465:735.680 JLINK_IsHalted()
T9B44 465:736.192 - 0.479ms returns FALSE
T9B44 465:844.288 JLINK_IsHalted()
T9B44 465:844.800 - 0.486ms returns FALSE
T9B44 465:844.800 JLINK_IsHalted()
T9B44 465:845.184 - 0.424ms returns FALSE
T9B44 465:953.792 JLINK_IsHalted()
T9B44 465:954.240 - 0.452ms returns FALSE
T9B44 465:954.240 JLINK_IsHalted()
T9B44 465:954.720 - 0.417ms returns FALSE
T778C 465:989.632 JLINK_IsHalted()
T778C 465:990.080 - 0.466ms returns FALSE
T778C 465:990.080 JLINK_IsHalted()
T778C 465:990.656 - 0.551ms returns FALSE
T9B44 466:063.424 JLINK_IsHalted()
T9B44 466:063.808 - 0.443ms returns FALSE
T9B44 466:063.872 JLINK_IsHalted()
T9B44 466:064.128 - 0.282ms returns FALSE
T9B44 466:172.160 JLINK_IsHalted()
T9B44 466:174.048 - 1.919ms returns FALSE
T9B44 466:174.112 JLINK_IsHalted()
T9B44 466:174.464 - 0.395ms returns FALSE
T9B44 466:281.920 JLINK_IsHalted()
T9B44 466:282.432 - 0.525ms returns FALSE
T9B44 466:282.432 JLINK_IsHalted()
T9B44 466:282.912 - 0.438ms returns FALSE
T9B44 466:390.784 JLINK_IsHalted()
T9B44 466:392.768 - 1.993ms returns FALSE
T9B44 466:392.768 JLINK_IsHalted()
T9B44 466:393.248 - 0.431ms returns FALSE
T9B44 466:500.192 JLINK_IsHalted()
T9B44 466:500.768 - 0.567ms returns FALSE
T9B44 466:500.768 JLINK_IsHalted()
T9B44 466:501.376 - 0.580ms returns FALSE
T9B44 466:609.760 JLINK_IsHalted()
T9B44 466:610.432 - 0.650ms returns FALSE
T9B44 466:610.496 JLINK_IsHalted()
T9B44 466:610.880 - 0.433ms returns FALSE
T9B44 466:719.136 JLINK_IsHalted()
T9B44 466:719.680 - 0.554ms returns FALSE
T9B44 466:719.680 JLINK_IsHalted()
T9B44 466:720.096 - 0.401ms returns FALSE
T9B44 466:829.152 JLINK_IsHalted()
T9B44 466:829.728 - 0.522ms returns FALSE
T9B44 466:829.728 JLINK_IsHalted()
T9B44 466:830.144 - 0.382ms returns FALSE
T9B44 466:938.048 JLINK_IsHalted()
T9B44 466:938.624 - 0.608ms returns FALSE
T9B44 466:938.688 JLINK_IsHalted()
T9B44 466:939.456 - 0.791ms returns FALSE
T778C 466:991.168 JLINK_IsHalted()
T778C 466:991.616 - 0.451ms returns FALSE
T778C 466:991.680 JLINK_IsHalted()
T778C 466:992.032 - 0.392ms returns FALSE
T9B44 467:047.680 JLINK_IsHalted()
T9B44 467:048.288 - 0.599ms returns FALSE
T9B44 467:048.288 JLINK_IsHalted()
T9B44 467:048.704 - 0.405ms returns FALSE
T9B44 467:157.248 JLINK_IsHalted()
T9B44 467:157.824 - 0.574ms returns FALSE
T9B44 467:157.856 JLINK_IsHalted()
T9B44 467:158.368 - 0.551ms returns FALSE
T9B44 467:266.112 JLINK_IsHalted()
T9B44 467:266.720 - 0.629ms returns FALSE
T9B44 467:266.720 JLINK_IsHalted()
T9B44 467:267.328 - 0.602ms returns FALSE
T9B44 467:375.776 JLINK_IsHalted()
T9B44 467:376.320 - 0.565ms returns FALSE
T9B44 467:376.384 JLINK_IsHalted()
T9B44 467:376.896 - 0.508ms returns FALSE
T9B44 467:484.832 JLINK_IsHalted()
T9B44 467:485.440 - 0.637ms returns FALSE
T9B44 467:485.504 JLINK_IsHalted()
T9B44 467:486.016 - 0.537ms returns FALSE
T9B44 467:594.400 JLINK_IsHalted()
T9B44 467:594.816 - 0.427ms returns FALSE
T9B44 467:594.848 JLINK_IsHalted()
T9B44 467:595.264 - 0.416ms returns FALSE
T9B44 467:703.488 JLINK_IsHalted()
T9B44 467:704.128 - 0.639ms returns FALSE
T9B44 467:704.160 JLINK_IsHalted()
T9B44 467:704.576 - 0.394ms returns FALSE
T9B44 467:813.312 JLINK_IsHalted()
T9B44 467:813.824 - 0.524ms returns FALSE
T9B44 467:813.888 JLINK_IsHalted()
T9B44 467:814.400 - 0.518ms returns FALSE
T9B44 467:921.920 JLINK_IsHalted()
T9B44 467:924.640 - 2.703ms returns FALSE
T9B44 467:924.672 JLINK_IsHalted()
T9B44 467:925.312 - 0.618ms returns FALSE
T778C 467:992.992 JLINK_IsHalted()
T778C 467:993.408 - 0.433ms returns FALSE
T778C 467:993.408 JLINK_IsHalted()
T778C 467:993.856 - 0.420ms returns FALSE
T9B44 468:031.936 JLINK_IsHalted()
T9B44 468:032.512 - 0.588ms returns FALSE
T9B44 468:032.576 JLINK_IsHalted()
T9B44 468:032.960 - 0.412ms returns FALSE
T9B44 468:141.376 JLINK_IsHalted()
T9B44 468:142.080 - 0.678ms returns FALSE
T9B44 468:142.080 JLINK_IsHalted()
T9B44 468:142.592 - 0.517ms returns FALSE
T9B44 468:250.464 JLINK_IsHalted()
T9B44 468:250.976 - 0.533ms returns FALSE
T9B44 468:251.040 JLINK_IsHalted()
T9B44 468:251.552 - 0.512ms returns FALSE
T9B44 468:360.288 JLINK_IsHalted()
T9B44 468:360.800 - 0.554ms returns FALSE
T9B44 468:360.864 JLINK_IsHalted()
T9B44 468:361.280 - 0.433ms returns FALSE
T9B44 468:469.824 JLINK_IsHalted()
T9B44 468:470.464 - 0.645ms returns FALSE
T9B44 468:470.464 JLINK_IsHalted()
T9B44 468:471.136 - 0.664ms returns FALSE
T9B44 468:579.008 JLINK_IsHalted()
T9B44 468:579.680 - 0.670ms returns FALSE
T9B44 468:579.680 JLINK_IsHalted()
T9B44 468:580.288 - 0.606ms returns FALSE
T9B44 468:687.808 JLINK_IsHalted()
T9B44 468:688.960 - 1.114ms returns FALSE
T9B44 468:688.960 JLINK_IsHalted()
T9B44 468:690.336 - 1.385ms returns FALSE
T9B44 468:798.048 JLINK_IsHalted()
T9B44 468:798.976 - 0.891ms returns FALSE
T9B44 468:798.976 JLINK_IsHalted()
T9B44 468:799.552 - 0.551ms returns FALSE
T9B44 468:907.104 JLINK_IsHalted()
T9B44 468:909.632 - 2.485ms returns FALSE
T9B44 468:909.632 JLINK_IsHalted()
T9B44 468:909.984 - 0.352ms returns FALSE
T778C 468:994.464 JLINK_IsHalted()
T778C 468:994.912 - 0.461ms returns FALSE
T778C 468:994.912 JLINK_IsHalted()
T778C 468:995.520 - 0.642ms returns FALSE
T9B44 469:016.512 JLINK_IsHalted()
T9B44 469:016.896 - 0.377ms returns FALSE
T9B44 469:016.896 JLINK_IsHalted()
T9B44 469:017.184 - 0.306ms returns FALSE
T9B44 469:125.888 JLINK_IsHalted()
T9B44 469:126.560 - 0.672ms returns FALSE
T9B44 469:126.592 JLINK_IsHalted()
T9B44 469:127.072 - 0.482ms returns FALSE
T9B44 469:234.848 JLINK_IsHalted()
T9B44 469:235.296 - 0.449ms returns FALSE
T9B44 469:235.360 JLINK_IsHalted()
T9B44 469:235.616 - 0.300ms returns FALSE
T9B44 469:343.808 JLINK_IsHalted()
T9B44 469:344.256 - 0.451ms returns FALSE
T9B44 469:344.256 JLINK_IsHalted()
T9B44 469:344.672 - 0.417ms returns FALSE
T9B44 469:453.728 JLINK_IsHalted()
T9B44 469:454.240 - 0.530ms returns FALSE
T9B44 469:454.272 JLINK_IsHalted()
T9B44 469:454.752 - 0.479ms returns FALSE
T9B44 469:562.784 JLINK_IsHalted()
T9B44 469:563.232 - 0.448ms returns FALSE
T9B44 469:563.232 JLINK_IsHalted()
T9B44 469:563.648 - 0.414ms returns FALSE
T9B44 469:672.384 JLINK_IsHalted()
T9B44 469:672.896 - 0.484ms returns FALSE
T9B44 469:672.896 JLINK_IsHalted()
T9B44 469:673.280 - 0.339ms returns FALSE
T9B44 469:781.696 JLINK_IsHalted()
T9B44 469:782.368 - 0.684ms returns FALSE
T9B44 469:782.432 JLINK_IsHalted()
T9B44 469:782.944 - 0.521ms returns FALSE
T9B44 469:891.008 JLINK_IsHalted()
T9B44 469:891.520 - 0.540ms returns FALSE
T9B44 469:891.520 JLINK_IsHalted()
T9B44 469:892.000 - 0.421ms returns FALSE
T778C 469:996.480 JLINK_IsHalted()
T778C 469:996.896 - 0.391ms returns FALSE
T778C 469:996.896 JLINK_IsHalted()
T778C 469:997.216 - 0.282ms returns FALSE
T9B44 470:000.992 JLINK_IsHalted()
T9B44 470:001.312 - 0.312ms returns FALSE
T9B44 470:001.312 JLINK_IsHalted()
T9B44 470:001.600 - 0.286ms returns FALSE
T9B44 470:110.304 JLINK_IsHalted()
T9B44 470:110.720 - 0.422ms returns FALSE
T9B44 470:110.720 JLINK_IsHalted()
T9B44 470:111.168 - 0.437ms returns FALSE
T9B44 470:219.680 JLINK_IsHalted()
T9B44 470:220.192 - 0.513ms returns FALSE
T9B44 470:220.192 JLINK_IsHalted()
T9B44 470:220.544 - 0.326ms returns FALSE
T9B44 470:328.256 JLINK_IsHalted()
T9B44 470:328.736 - 0.496ms returns FALSE
T9B44 470:328.736 JLINK_IsHalted()
T9B44 470:329.248 - 0.465ms returns FALSE
T9B44 470:438.400 JLINK_IsHalted()
T9B44 470:438.912 - 0.522ms returns FALSE
T9B44 470:438.912 JLINK_IsHalted()
T9B44 470:439.424 - 0.488ms returns FALSE
T9B44 470:547.552 JLINK_IsHalted()
T9B44 470:548.032 - 0.486ms returns FALSE
T9B44 470:548.064 JLINK_IsHalted()
T9B44 470:548.480 - 0.415ms returns FALSE
T9B44 470:656.352 JLINK_IsHalted()
T9B44 470:656.864 - 0.496ms returns FALSE
T9B44 470:656.864 JLINK_IsHalted()
T9B44 470:657.280 - 0.378ms returns FALSE
T9B44 470:765.984 JLINK_IsHalted()
T9B44 470:766.496 - 0.500ms returns FALSE
T9B44 470:766.496 JLINK_IsHalted()
T9B44 470:766.912 - 0.419ms returns FALSE
T9B44 470:875.232 JLINK_IsHalted()
T9B44 470:875.648 - 0.431ms returns FALSE
T9B44 470:875.648 JLINK_IsHalted()
T9B44 470:876.064 - 0.400ms returns FALSE
T9B44 470:985.280 JLINK_IsHalted()
T9B44 470:985.824 - 0.568ms returns FALSE
T9B44 470:985.824 JLINK_IsHalted()
T9B44 470:986.304 - 0.460ms returns FALSE
T778C 470:997.408 JLINK_IsHalted()
T778C 470:997.920 - 0.472ms returns FALSE
T778C 470:997.920 JLINK_IsHalted()
T778C 470:998.368 - 0.449ms returns FALSE
T9B44 471:094.464 JLINK_IsHalted()
T9B44 471:094.880 - 0.398ms returns FALSE
T9B44 471:094.880 JLINK_IsHalted()
T9B44 471:095.200 - 0.288ms returns FALSE
T9B44 471:204.032 JLINK_IsHalted()
T9B44 471:204.544 - 0.525ms returns FALSE
T9B44 471:204.608 JLINK_IsHalted()
T9B44 471:205.024 - 0.414ms returns FALSE
T9B44 471:312.640 JLINK_IsHalted()
T9B44 471:313.216 - 0.553ms returns FALSE
T9B44 471:313.216 JLINK_IsHalted()
T9B44 471:313.600 - 0.407ms returns FALSE
T9B44 471:422.464 JLINK_IsHalted()
T9B44 471:422.912 - 0.479ms returns FALSE
T9B44 471:422.976 JLINK_IsHalted()
T9B44 471:423.424 - 0.474ms returns FALSE
T9B44 471:532.224 JLINK_IsHalted()
T9B44 471:532.608 - 0.361ms returns FALSE
T9B44 471:532.608 JLINK_IsHalted()
T9B44 471:532.960 - 0.357ms returns FALSE
T9B44 471:641.184 JLINK_IsHalted()
T9B44 471:642.048 - 0.850ms returns FALSE
T9B44 471:642.112 JLINK_IsHalted()
T9B44 471:642.624 - 0.518ms returns FALSE
T9B44 471:750.752 JLINK_IsHalted()
T9B44 471:751.264 - 0.497ms returns FALSE
T9B44 471:751.264 JLINK_IsHalted()
T9B44 471:751.616 - 0.341ms returns FALSE
T9B44 471:859.552 JLINK_IsHalted()
T9B44 471:860.064 - 0.520ms returns FALSE
T9B44 471:860.128 JLINK_IsHalted()
T9B44 471:860.544 - 0.422ms returns FALSE
T9B44 471:969.728 JLINK_IsHalted()
T9B44 471:970.240 - 0.490ms returns FALSE
T9B44 471:970.240 JLINK_IsHalted()
T9B44 471:970.656 - 0.406ms returns FALSE
T778C 472:001.728 JLINK_IsHalted()
T778C 472:002.240 - 0.474ms returns FALSE
T778C 472:002.240 JLINK_IsHalted()
T778C 472:002.624 - 0.335ms returns FALSE
T9B44 472:078.240 JLINK_IsHalted()
T9B44 472:078.688 - 0.440ms returns FALSE
T9B44 472:078.688 JLINK_IsHalted()
T9B44 472:079.040 - 0.318ms returns FALSE
T9B44 472:187.808 JLINK_IsHalted()
T9B44 472:188.256 - 0.476ms returns FALSE
T9B44 472:188.320 JLINK_IsHalted()
T9B44 472:188.736 - 0.438ms returns FALSE
T9B44 472:297.792 JLINK_IsHalted()
T9B44 472:298.336 - 0.532ms returns FALSE
T9B44 472:298.336 JLINK_IsHalted()
T9B44 472:298.688 - 0.378ms returns FALSE
T9B44 472:407.296 JLINK_IsHalted()
T9B44 472:407.744 - 0.466ms returns FALSE
T9B44 472:407.808 JLINK_IsHalted()
T9B44 472:408.320 - 0.532ms returns FALSE
T9B44 472:515.904 JLINK_IsHalted()
T9B44 472:516.352 - 0.498ms returns FALSE
T9B44 472:516.416 JLINK_IsHalted()
T9B44 472:516.800 - 0.432ms returns FALSE
T9B44 472:625.408 JLINK_IsHalted()
T9B44 472:625.824 - 0.408ms returns FALSE
T9B44 472:625.824 JLINK_IsHalted()
T9B44 472:626.176 - 0.374ms returns FALSE
T9B44 472:734.976 JLINK_IsHalted()
T9B44 472:735.488 - 0.513ms returns FALSE
T9B44 472:735.552 JLINK_IsHalted()
T9B44 472:735.936 - 0.411ms returns FALSE
T9B44 472:843.936 JLINK_IsHalted()
T9B44 472:844.448 - 0.512ms returns FALSE
T9B44 472:844.480 JLINK_IsHalted()
T9B44 472:844.896 - 0.417ms returns FALSE
T9B44 472:953.920 JLINK_IsHalted()
T9B44 472:954.304 - 0.424ms returns FALSE
T9B44 472:954.368 JLINK_IsHalted()
T9B44 472:954.688 - 0.340ms returns FALSE
T778C 473:002.752 JLINK_IsHalted()
T778C 473:003.200 - 0.453ms returns FALSE
T778C 473:003.264 JLINK_IsHalted()
T778C 473:003.712 - 0.483ms returns FALSE
T9B44 473:063.424 JLINK_IsHalted()
T9B44 473:063.936 - 0.475ms returns FALSE
T9B44 473:063.936 JLINK_IsHalted()
T9B44 473:064.352 - 0.385ms returns FALSE
T9B44 473:171.968 JLINK_IsHalted()
T9B44 473:172.416 - 0.460ms returns FALSE
T9B44 473:172.416 JLINK_IsHalted()
T9B44 473:172.832 - 0.387ms returns FALSE
T9B44 473:281.984 JLINK_IsHalted()
T9B44 473:282.496 - 0.490ms returns FALSE
T9B44 473:282.560 JLINK_IsHalted()
T9B44 473:282.912 - 0.359ms returns FALSE
T9B44 473:391.104 JLINK_IsHalted()
T9B44 473:391.552 - 0.494ms returns FALSE
T9B44 473:391.616 JLINK_IsHalted()
T9B44 473:392.064 - 0.486ms returns FALSE
T9B44 473:500.992 JLINK_IsHalted()
T9B44 473:501.504 - 0.518ms returns FALSE
T9B44 473:501.536 JLINK_IsHalted()
T9B44 473:501.888 - 0.379ms returns FALSE
T9B44 473:610.176 JLINK_IsHalted()
T9B44 473:610.688 - 0.512ms returns FALSE
T9B44 473:610.752 JLINK_IsHalted()
T9B44 473:611.168 - 0.406ms returns FALSE
T9B44 473:719.648 JLINK_IsHalted()
T9B44 473:720.160 - 0.484ms returns FALSE
T9B44 473:720.224 JLINK_IsHalted()
T9B44 473:720.640 - 0.411ms returns FALSE
T9B44 473:829.312 JLINK_IsHalted()
T9B44 473:830.240 - 0.907ms returns FALSE
T9B44 473:830.304 JLINK_IsHalted()
T9B44 473:830.848 - 0.587ms returns FALSE
T9B44 473:938.432 JLINK_IsHalted()
T9B44 473:939.008 - 0.584ms returns FALSE
T9B44 473:939.040 JLINK_IsHalted()
T9B44 473:939.552 - 0.497ms returns FALSE
T778C 474:003.808 JLINK_IsHalted()
T778C 474:012.160 - 8.343ms returns FALSE
T778C 474:012.160 JLINK_IsHalted()
T778C 474:012.608 - 0.429ms returns FALSE
T9B44 474:047.648 JLINK_IsHalted()
T9B44 474:048.256 - 0.601ms returns FALSE
T9B44 474:048.256 JLINK_IsHalted()
T9B44 474:048.768 - 0.487ms returns FALSE
T9B44 474:156.608 JLINK_IsHalted()
T9B44 474:157.056 - 0.461ms returns FALSE
T9B44 474:157.120 JLINK_IsHalted()
T9B44 474:157.472 - 0.382ms returns FALSE
T9B44 474:266.208 JLINK_IsHalted()
T9B44 474:266.720 - 0.496ms returns FALSE
T9B44 474:266.784 JLINK_IsHalted()
T9B44 474:267.200 - 0.448ms returns FALSE
T9B44 474:375.680 JLINK_IsHalted()
T9B44 474:376.128 - 0.467ms returns FALSE
T9B44 474:376.128 JLINK_IsHalted()
T9B44 474:376.512 - 0.334ms returns FALSE
T9B44 474:485.184 JLINK_IsHalted()
T9B44 474:485.696 - 0.509ms returns FALSE
T9B44 474:485.760 JLINK_IsHalted()
T9B44 474:486.176 - 0.395ms returns FALSE
T9B44 474:593.888 JLINK_IsHalted()
T9B44 474:594.304 - 0.432ms returns FALSE
T9B44 474:594.368 JLINK_IsHalted()
T9B44 474:594.720 - 0.369ms returns FALSE
T9B44 474:703.520 JLINK_IsHalted()
T9B44 474:703.936 - 0.403ms returns FALSE
T9B44 474:703.936 JLINK_IsHalted()
T9B44 474:704.288 - 0.366ms returns FALSE
T9B44 474:704.544 JLINK_IsHalted()
T9B44 474:704.960 - 0.425ms returns FALSE
T9B44 474:704.992 JLINK_IsHalted()
T9B44 474:705.248 - 0.299ms returns FALSE
T9B44 474:705.312 JLINK_IsHalted()
T9B44 474:705.600 - 0.295ms returns FALSE
T9B44 474:705.600 JLINK_IsHalted()
T9B44 474:705.984 - 0.382ms returns FALSE
T9B44 474:706.016 JLINK_Halt()
T9B44 474:708.800 - 2.776ms returns 0x00
T9B44 474:709.312 JLINK_IsHalted()
T9B44 474:709.312 - 0.006ms returns TRUE
T9B44 474:709.344 JLINK_ReadReg(XPSR)
T9B44 474:709.344   CPU_ReadMem(4 bytes @ 0xE000EE08)
T9B44 474:709.664 - 0.313ms returns 0x01000000
T9B44 474:709.664 JLINK_ReadReg(R15 (PC))
T9B44 474:709.664 - 0.005ms returns 0x000008AC
T9B44 474:709.664 JLINK_ReadReg(XPSR)
T9B44 474:709.664 - 0.005ms returns 0x01000000
T9B44 474:709.664 JLINK_ReadReg(XPSR)
T9B44 474:709.696 - 0.004ms returns 0x01000000
T9B44 474:709.696 JLINK_ReadReg(R15 (PC))
T9B44 474:709.696 - 0.004ms returns 0x000008AC
T9B44 474:709.696 JLINK_ReadReg(XPSR)
T9B44 474:709.696 - 0.004ms returns 0x01000000
T9B44 474:709.696 JLINK_ReadReg(XPSR)
T9B44 474:709.696 - 0.004ms returns 0x01000000
T9B44 474:709.696 JLINK_ReadMem(0x000008AC, 0x1 Bytes, ...)
T9B44 474:709.696    -- Read from flash cache (1 bytes @ 0x000008AC)
T9B44 474:709.760   Data:  00
T9B44 474:709.760 - 0.022ms returns 0
T9B44 474:709.760 JLINK_IsHalted()
T9B44 474:709.760 - 0.004ms returns TRUE
T9B44 474:709.760 JLINK_ReadReg(XPSR)
T9B44 474:709.760 - 0.005ms returns 0x01000000
T9B44 474:709.760 JLINK_ReadReg(XPSR)
T9B44 474:709.760 - 0.004ms returns 0x01000000
T9B44 474:709.760 JLINK_ReadReg(R15 (PC))
T9B44 474:709.824 - 0.004ms returns 0x000008AC
T9B44 474:709.824 JLINK_ReadReg(XPSR)
T9B44 474:709.824 - 0.004ms returns 0x01000000
T9B44 474:709.824 JLINK_ReadReg(XPSR)
T9B44 474:709.824 - 0.004ms returns 0x01000000
T9B44 474:709.824 JLINK_ReadMem(0x000008AC, 0x1 Bytes, ...)
T9B44 474:709.824    -- Read from flash cache (1 bytes @ 0x000008AC)
T9B44 474:709.824   Data:  00
T9B44 474:709.824 - 0.017ms returns 0
T9B44 474:709.856 JLINK_IsHalted()
T9B44 474:709.856 - 0.004ms returns TRUE
T9B44 474:709.856 JLINK_ReadReg(XPSR)
T9B44 474:709.856 - 0.004ms returns 0x01000000
T9B44 474:709.856 JLINK_ReadReg(R15 (PC))
T9B44 474:709.856 - 0.005ms returns 0x000008AC
T9B44 474:709.856 JLINK_ReadReg(XPSR)
T9B44 474:709.856 - 0.004ms returns 0x01000000
T9B44 474:709.920 JLINK_ReadReg(XPSR)
T9B44 474:709.920 - 0.004ms returns 0x01000000
T9B44 474:709.920 JLINK_ReadReg(R15 (PC))
T9B44 474:709.920 - 0.004ms returns 0x000008AC
T9B44 474:709.920 JLINK_ReadReg(XPSR)
T9B44 474:709.920 - 0.004ms returns 0x01000000
T9B44 474:709.920 JLINK_ReadReg(XPSR)
T9B44 474:709.920 - 0.004ms returns 0x01000000
T9B44 474:709.920 JLINK_ReadMem(0x000008AC, 0x1 Bytes, ...)
T9B44 474:709.952    -- Read from flash cache (1 bytes @ 0x000008AC)
T9B44 474:709.952   Data:  00
T9B44 474:709.952 - 0.022ms returns 0
T9B44 474:709.952 JLINK_IsHalted()
T9B44 474:709.952 - 0.004ms returns TRUE
T9B44 474:709.952 JLINK_ReadReg(XPSR)
T9B44 474:709.952 - 0.004ms returns 0x01000000
T9B44 474:709.952 JLINK_ReadReg(XPSR)
T9B44 474:709.952 - 0.004ms returns 0x01000000
T9B44 474:710.016 JLINK_ReadReg(R15 (PC))
T9B44 474:710.016 - 0.004ms returns 0x000008AC
T9B44 474:710.016 JLINK_ReadReg(XPSR)
T9B44 474:710.016 - 0.004ms returns 0x01000000
T9B44 474:710.016 JLINK_ReadReg(XPSR)
T9B44 474:710.016 - 0.004ms returns 0x01000000
T9B44 474:710.016 JLINK_ReadMem(0x000008AC, 0x1 Bytes, ...)
T9B44 474:710.016    -- Read from flash cache (1 bytes @ 0x000008AC)
T9B44 474:710.016   Data:  00
T9B44 474:710.080 - 0.017ms returns 0
T9B44 474:710.784 JLINK_ReadRegs(NumRegs = 22)
T9B44 474:710.848   
  R0 (0)        = 0x01                 R1 (1)        = 0x00                 R2 (2)        = 0x400A0000           R3 (3)        = 0x04              
  R4 (4)        = 0x20004464           R5 (5)        = 0x200046F5           R6 (6)        = 0x200046F7           R7 (7)        = 0x20004430        
  R8 (8)        = 0xDC281CAC           R9 (9)        = 0x40008660           R10 (10)      = 0xE9186C96           R11 (11)      = 0x7D3A11DA        
  R12 (12)      = 0x585B3562           R13 (SP) (13) = 0x20004418           R14 (14)      = 0x8AD                R15 (PC) (15) = 0x8AC             
  XPSR (16)     = 0x1000000            MSPLIM (86)   = 0x00                 PSPLIM (87)   = 0x00                 CFBP (20)     = 0x00              
  R0 (0)        = 0x01                 R1 (1)        = 0x00              
T9B44 474:710.848 - 0.042ms returns 0x00
T9B44 474:711.744 JLINK_ReadMem(0x000008AC, 0x4 Bytes, ...)
T9B44 474:711.744    -- Read from flash cache (4 bytes @ 0x000008AC)
T9B44 474:711.744   Data:  00 28 00 D0
T9B44 474:711.744 - 0.027ms returns 0
T778C 474:713.152 JLINK_IsHalted()
T778C 474:713.184 - 0.043ms returns TRUE
T778C 474:713.248 JLINK_ReadReg(XPSR)
T778C 474:713.248 - 0.017ms returns 0x01000000
T778C 474:713.248 JLINK_ReadReg(R15 (PC))
T778C 474:713.248 - 0.010ms returns 0x000008AC
T778C 474:713.280 JLINK_ReadReg(XPSR)
T778C 474:713.280 - 0.009ms returns 0x01000000
T778C 474:713.280 JLINK_ReadReg(XPSR)
T778C 474:713.280 - 0.009ms returns 0x01000000
T778C 474:713.280 JLINK_ReadReg(R15 (PC))
T778C 474:713.344 - 0.009ms returns 0x000008AC
T778C 474:713.344 JLINK_ReadReg(XPSR)
T778C 474:713.344 - 0.009ms returns 0x01000000
T778C 474:713.344 JLINK_ReadReg(XPSR)
T778C 474:713.344 - 0.009ms returns 0x01000000
T778C 474:713.344 JLINK_ReadMem(0x000008AC, 0x1 Bytes, ...)
T778C 474:713.408    -- Read from flash cache (1 bytes @ 0x000008AC)
T778C 474:713.408   Data:  00
T778C 474:713.408 - 0.037ms returns 0
T778C 474:713.408 JLINK_IsHalted()
T778C 474:713.440 - 0.009ms returns TRUE
T778C 474:713.440 JLINK_ReadReg(XPSR)
T778C 474:713.440 - 0.009ms returns 0x01000000
T778C 474:713.440 JLINK_ReadReg(XPSR)
T778C 474:713.440 - 0.009ms returns 0x01000000
T778C 474:713.504 JLINK_ReadReg(R15 (PC))
T778C 474:713.504 - 0.009ms returns 0x000008AC
T778C 474:713.504 JLINK_ReadReg(XPSR)
T778C 474:713.504 - 0.009ms returns 0x01000000
T778C 474:713.504 JLINK_ReadReg(XPSR)
T778C 474:713.504 - 0.009ms returns 0x01000000
T778C 474:713.536 JLINK_ReadMem(0x000008AC, 0x1 Bytes, ...)
T778C 474:713.536    -- Read from flash cache (1 bytes @ 0x000008AC)
T778C 474:713.536   Data:  00
T778C 474:713.536 - 0.033ms returns 0
T9B44 474:732.480 JLINK_ReadRegs(NumRegs = 22)
T9B44 474:732.608   
  R0 (0)        = 0x01                 R1 (1)        = 0x00                 R2 (2)        = 0x400A0000           R3 (3)        = 0x04              
  R4 (4)        = 0x20004464           R5 (5)        = 0x200046F5           R6 (6)        = 0x200046F7           R7 (7)        = 0x20004430        
  R8 (8)        = 0xDC281CAC           R9 (9)        = 0x40008660           R10 (10)      = 0xE9186C96           R11 (11)      = 0x7D3A11DA        
  R12 (12)      = 0x585B3562           R13 (SP) (13) = 0x20004418           R14 (14)      = 0x8AD                R15 (PC) (15) = 0x8AC             
  XPSR (16)     = 0x1000000            MSPLIM (86)   = 0x00                 PSPLIM (87)   = 0x00                 CFBP (20)     = 0x00              
  R0 (0)        = 0x01                 R1 (1)        = 0x00              
T9B44 474:732.608 - 0.069ms returns 0x00
T9B44 474:752.160 JLINK_ResetPullsRESET(ON)
T9B44 474:752.192 - 0.041ms 
T9B44 474:752.192 JLINK_Halt()
T9B44 474:752.192 - 0.010ms returns 0x00
T9B44 474:752.192 JLINK_IsHalted()
T9B44 474:752.192 - 0.010ms returns TRUE
T9B44 474:752.256 JLINK_Reset()
T9B44 474:752.256   Memory map 'before startup completion point' is active
T9B44 474:752.256   JLINK_GetResetTypeDesc
T9B44 474:752.256   - 0.008ms 
T9B44 474:752.320   Reset type: CONNECT UNDER RESET (https://kb.segger.com/J-Link_Reset_Strategies)
T9B44 474:752.320   CPU_WriteMem(4 bytes @ 0xE000EDF0)
T9B44 474:752.832   CPU_ReadMem(4 bytes @ 0xE000ED44)
T9B44 474:753.344   CPU_WriteMem(4 bytes @ 0xE000EDFC)
T9B44 474:753.728   Reset: Halt core after reset via DEMCR.VC_CORERESET.
T9B44 474:754.240   Reset: Reset device via AIRCR.SYSRESETREQ.
T9B44 474:754.304   CPU_WriteMem(4 bytes @ 0xE000ED0C)
T9B44 474:808.384   CPU_ReadMem(4 bytes @ 0xE000EDF0)
T9B44 474:808.736   CPU_ReadMem(4 bytes @ 0xE000EDF0)
T9B44 474:809.088   CPU_WriteMem(4 bytes @ 0xE000EDFC)
T9B44 474:815.136   CPU_ReadMem(4 bytes @ 0xE000EDF0)
T9B44 474:818.208   CPU_WriteMem(4 bytes @ 0xE0002000)
T9B44 474:818.624   CPU_ReadMem(4 bytes @ 0xE000EDFC)
T9B44 474:819.008   CPU_ReadMem(4 bytes @ 0xE0001000)
T9B44 474:819.328   CPU_WriteMem(4 bytes @ 0xE0001000)
T9B44 474:819.648   CPU_ReadMem(4 bytes @ 0xE000EE08)
T9B44 474:819.936 - 67.730ms 
T9B44 474:820.000 JLINK_SetEndian(ARM_ENDIAN_LITTLE)
T9B44 474:820.000 - 0.005ms returns 0
T9B44 474:820.608 JLINK_BeginDownload(Flags = 0x00000000)
T9B44 474:820.608 - 0.016ms 
T9B44 474:822.240 JLINK_WriteMem(0x00000000, 0xE8 Bytes, ...)
T9B44 474:822.304   Data:  48 44 00 20 41 01 00 00 79 14 00 00 55 15 00 00 ...
T9B44 474:822.304   completely In flash
T9B44 474:822.304 - 0.062ms returns 0xE8
T9B44 474:822.752 JLINK_WriteMem(0x000000E8, 0x134 Bytes, ...)
T9B44 474:822.752   Data:  02 00 00 00 F8 00 00 00 03 00 00 00 10 01 00 00 ...
T9B44 474:822.816   completely In flash
T9B44 474:822.816 - 0.062ms returns 0x134
T9B44 474:823.328 JLINK_WriteMem(0x00000400, 0x4 Bytes, ...)
T9B44 474:823.360   Data:  FF FF FF FF
T9B44 474:823.360   completely In flash
T9B44 474:823.360 - 0.062ms returns 0x4
T9B44 474:824.000 JLINK_WriteMem(0x00000404, 0x4 Bytes, ...)
T9B44 474:824.000   Data:  F7 AF C1 FF
T9B44 474:824.032   completely In flash
T9B44 474:824.032 - 0.043ms returns 0x4
T9B44 474:824.608 JLINK_WriteMem(0x00000440, 0x46 Bytes, ...)
T9B44 474:824.608   Data:  0C 00 0A 00 01 03 28 0A 04 20 00 AA 00 00 F0 00 ...
T9B44 474:824.608   completely In flash
T9B44 474:824.608 - 0.033ms returns 0x46
T9B44 474:825.120 JLINK_WriteMem(0x00000488, 0xBC8 Bytes, ...)
T9B44 474:825.120   Data:  00 22 18 2A 03 D0 8B 5C 83 54 52 1C F9 E7 00 20 ...
T9B44 474:825.152   completely In flash
T9B44 474:825.152 - 0.034ms returns 0xBC8
T9B44 474:825.632 JLINK_WriteMem(0x00001050, 0xBB0 Bytes, ...)
T9B44 474:825.664   Data:  30 78 9C 21 01 43 31 70 00 F0 CE F8 A8 89 C1 B2 ...
T9B44 474:825.664   completely In flash
T9B44 474:825.664 - 0.051ms returns 0xBB0
T9B44 474:826.144 JLINK_WriteMem(0x00001C00, 0xBB0 Bytes, ...)
T9B44 474:826.176   Data:  0D 98 00 F0 A1 FC 21 98 01 1D 21 91 01 68 40 2E ...
T9B44 474:826.176   completely In flash
T9B44 474:826.176 - 0.052ms returns 0xBB0
T9B44 474:826.656 JLINK_WriteMem(0x000027B0, 0xBB0 Bytes, ...)
T9B44 474:826.688   Data:  01 99 04 92 42 1A 30 46 21 46 00 F0 8B FE 04 9A ...
T9B44 474:826.688   completely In flash
T9B44 474:826.688 - 0.055ms returns 0xBB0
T9B44 474:827.104 JLINK_WriteMem(0x00003360, 0xA82 Bytes, ...)
T9B44 474:827.104   Data:  8A 05 90 42 00 D3 80 1A 5B 41 4A 05 90 42 00 D3 ...
T9B44 474:827.168   completely In flash
T9B44 474:827.168 - 0.076ms returns 0xA82
T9B44 474:833.568 JLINK_EndDownload()
T9B44 474:833.856   HandleBeforeFlashProg() start
T9B44 474:833.856    J-Link Script File: Executing HandleBeforeFlashProg()
T9B44 474:833.920   CPU_ReadMem(2 bytes @ 0x40000D04)
T9B44 474:834.272   CPU_ReadMem(2 bytes @ 0x40000D14)
T9B44 474:834.592   HandleBeforeFlashProg() end - Took 725us
T9B44 474:834.624   CPU_ReadMem(4 bytes @ 0x40019004)
T9B44 474:834.944   CPU_ReadMem(4 bytes @ 0xE000ED90)
T9B44 474:835.296    -- --------------------------------------
T9B44 474:835.360    -- Start of determining flash info (Bank @ 0x00000000)
T9B44 474:835.360    -- End of determining flash info
T9B44 474:835.360    -- Start of determining dirty areas in flash cache
T9B44 474:835.360    -- Filling invalid ranges in sector buffer (flash cache) for sector @ 0x00000000 if necessary
T9B44 474:835.392    -- Filling invalid ranges in sector buffer (flash cache) for sector @ 0x00000800 if necessary
T9B44 474:835.392    -- Filling invalid ranges in sector buffer (flash cache) for sector @ 0x00001000 if necessary
T9B44 474:835.392    -- Filling invalid ranges in sector buffer (flash cache) for sector @ 0x00001800 if necessary
T9B44 474:835.392    -- Filling invalid ranges in sector buffer (flash cache) for sector @ 0x00002000 if necessary
T9B44 474:835.456    -- Filling invalid ranges in sector buffer (flash cache) for sector @ 0x00002800 if necessary
T9B44 474:835.456    -- Filling invalid ranges in sector buffer (flash cache) for sector @ 0x00003000 if necessary
T9B44 474:835.456    -- Filling invalid ranges in sector buffer (flash cache) for sector @ 0x00003800 if necessary
T9B44 474:835.520    -- End of determining dirty areas
T9B44 474:835.520    -- Start of preparing flash programming
T9B44 474:835.520    -- Preparing RAMCode
T9B44 474:835.552    -- Calculating RAM usage
T9B44 474:835.552    -- RAM usage = 6816 Bytes
T9B44 474:835.552    -- Preserving CPU registers
T9B44 474:836.032    -- Preparing memory
T9B44 474:836.064    -- Determining CPU clock frequency
T9B44 474:870.432    -- CPU frequency = 4001 kHz
T9B44 474:870.464    -- Preparing target
T9B44 474:870.464    -- Preserving target RAM temporarily used for programming
T9B44 474:905.408    -- Downloading RAMCode
T9B44 474:927.552    -- Initializing RAMCode (InitType: 3 = Verify)
T9B44 474:927.616    -- Executing Init(3)
T9B44 474:943.584    -- End of preparing flash programming
T9B44 474:945.856   
  ***** Warning: 
T9B44 474:945.888   CPU is running at low speed (4001 kHz).
T9B44 474:945.888    -- CPU is running at 4001 kHz.
T9B44 474:945.888    -- Start of comparing flash
T9B44 474:945.888    -- CRC check was estimated as fastest method
T9B44 474:975.936    -- Comparing range 0x0000 - 0x3FFF (8 Sectors, 16 KB), using single-block CRC calculation
T9B44 475:072.960    -- CRC does not match, checking individual sectors
T9B44 475:167.744    -- CRC does not match for sectors 0-7
T9B44 475:167.808    -- End of comparing flash
T9B44 475:167.808    -- Start of erasing sectors
T9B44 475:167.808    -- Erasing range 0x00000000 - 0x00003FFF (  8 Sectors, 16 KB)
T9B44 475:167.808    -- Initializing RAMCode (InitType: 1 = Erase)
T9B44 475:167.840    -- Executing UnInit()
T9B44 475:178.752    -- Executing Init(1)
T9B44 475:244.704    -- End of erasing sectors
T9B44 475:244.736    -- Start of flash programming
T9B44 475:244.736    -- Programming range 0x00000000 - 0x00003FFF (  8 Sectors, 16 KB)
T9B44 475:249.728    -- Initializing RAMCode (InitType: 2 = Program)
T9B44 475:249.760    -- Executing UnInit()
T9B44 475:267.072    -- Executing Init(2)
T9B44 475:277.376    -- Program page timeout too high. Use default timeout: 10000 [s]
T9B44 475:277.408    -- Program page timeout too high. Use default timeout: 10000 [s]
T9B44 475:277.472    -- Program page timeout too high. Use default timeout: 10000 [s]
T9B44 475:331.072    -- Program page timeout too high. Use default timeout: 10000 [s]
T9B44 475:369.728    -- Program page timeout too high. Use default timeout: 10000 [s]
T9B44 475:409.344    -- Program page timeout too high. Use default timeout: 10000 [s]
T9B44 475:448.576    -- Program page timeout too high. Use default timeout: 10000 [s]
T9B44 475:487.072    -- Program page timeout too high. Use default timeout: 10000 [s]
T9B44 475:526.560    -- End of flash programming
T9B44 475:526.560    -- 0x0000 - 0x3FFF (  8 Sectors, 16 KB)
T9B44 475:526.592    -- Start of verifying flash
T9B44 475:526.592    -- Checksum calculation was estimated as fastest method
T9B44 475:526.592    -- Checksum is not supported by this flash bank. Switched to read back method.
T9B44 475:526.592    -- Initializing RAMCode (InitType: 3 = Verify)
T9B44 475:526.592    -- Executing UnInit()
T9B44 475:611.744    -- Executing Init(3)
T9B44 475:717.888    -- End of verifying flash
T9B44 475:717.952    -- Start of restoring
T9B44 475:717.952    -- Executing UnInit()
T9B44 475:728.832    -- Restoring target memory
T9B44 475:757.056    -- Restoring CPU registers
T9B44 475:757.632    -- End of restoring
T9B44 475:757.632    -- Bank 0 @ 0x00000000: 1 range affected (16384 bytes)
T9B44 475:757.664    -- Total: 0.922s (Prepare: 0.110s, Compare: 0.221s, Erase: 0.076s, Program: 0.357s, Verify: 0.115s, Restore: 0.039s)
T9B44 475:757.664    -- Program speed: 44 KB/s
T9B44 475:761.504   HandleAfterFlashProg() start
T9B44 475:761.568    J-Link Script File: Executing HandleAfterFlashProg()
T9B44 475:761.568   HandleAfterFlashProg() end - Took 12us
T9B44 475:761.856 - 928.314ms returns 16384 (0x4000)
T9B44 475:763.200 JLINK_WriteReg(R15 (PC), 0x00000140)
T9B44 475:763.264 - 0.040ms returns 0
T9B44 475:766.016 JLINK_ResetPullsRESET(ON)
T9B44 475:766.080 - 0.073ms 
T9B44 475:766.112 JLINK_Halt()
T9B44 475:766.112 - 0.011ms returns 0x00
T9B44 475:766.112 JLINK_IsHalted()
T9B44 475:766.112 - 0.010ms returns TRUE
T9B44 475:766.112 JLINK_Reset()
T9B44 475:766.176   CPU_ReadMem(4 bytes @ 0x20004000)
T9B44 475:766.624   CPU_WriteMem(4 bytes @ 0x20004000)
T9B44 475:767.136   JLINK_GetResetTypeDesc
T9B44 475:767.200   - 0.047ms 
T9B44 475:767.200   Reset type: CONNECT UNDER RESET (https://kb.segger.com/J-Link_Reset_Strategies)
T9B44 475:767.200   CPU_WriteMem(4 bytes @ 0xE000EDF0)
T9B44 475:767.616   CPU_ReadMem(4 bytes @ 0xE000ED44)
T9B44 475:767.968   CPU_WriteMem(4 bytes @ 0xE000EDFC)
T9B44 475:768.256   Reset: Halt core after reset via DEMCR.VC_CORERESET.
T9B44 475:768.736   Reset: Reset device via AIRCR.SYSRESETREQ.
T9B44 475:768.736   CPU_WriteMem(4 bytes @ 0xE000ED0C)
T9B44 475:826.592   CPU_ReadMem(4 bytes @ 0xE000EDF0)
T9B44 475:827.040   CPU_ReadMem(4 bytes @ 0xE000EDF0)
T9B44 475:827.392   CPU_WriteMem(4 bytes @ 0xE000EDFC)
T9B44 475:833.792   CPU_ReadMem(4 bytes @ 0xE000EDF0)
T9B44 475:836.864   CPU_WriteMem(4 bytes @ 0xE0002000)
T9B44 475:837.248   CPU_ReadMem(4 bytes @ 0xE000EDFC)
T9B44 475:837.536   CPU_ReadMem(4 bytes @ 0xE0001000)
T9B44 475:837.856   CPU_WriteMem(4 bytes @ 0xE0001000)
T9B44 475:838.144   CPU_ReadMem(4 bytes @ 0xE000EE08)
T9B44 475:838.528 - 72.366ms 
T9B44 475:838.528 JLINK_SetEndian(ARM_ENDIAN_LITTLE)
T9B44 475:838.528 - 0.005ms returns 0
T9B44 475:954.112 JLINK_IsHalted()
T9B44 475:954.176 - 0.046ms returns TRUE
T9B44 475:954.176 JLINK_ReadReg(XPSR)
T9B44 475:954.176   CPU_ReadMem(4 bytes @ 0xE000EE08)
T9B44 475:954.624 - 0.435ms returns 0x21000000
T9B44 475:954.624 JLINK_ReadReg(R15 (PC))
T9B44 475:954.624 - 0.006ms returns 0x00000140
T9B44 475:954.624 JLINK_ReadReg(XPSR)
T9B44 475:954.624 - 0.004ms returns 0x21000000
T9B44 475:954.624 JLINK_ReadReg(XPSR)
T9B44 475:954.688 - 0.004ms returns 0x21000000
T9B44 475:954.688 JLINK_ReadReg(R15 (PC))
T9B44 475:954.688 - 0.004ms returns 0x00000140
T9B44 475:954.688 JLINK_ReadReg(XPSR)
T9B44 475:954.688 - 0.004ms returns 0x21000000
T9B44 475:954.688 JLINK_ReadReg(XPSR)
T9B44 475:954.688 - 0.004ms returns 0x21000000
T9B44 475:954.688 JLINK_ReadMem(0x00000140, 0x1 Bytes, ...)
T9B44 475:954.752    -- Read from flash cache (1 bytes @ 0x00000140)
T9B44 475:954.752   Data:  80
T9B44 475:954.752 - 0.032ms returns 0
T9B44 475:954.752 JLINK_IsHalted()
T9B44 475:954.752 - 0.004ms returns TRUE
T9B44 475:954.752 JLINK_ReadReg(XPSR)
T9B44 475:954.752 - 0.004ms returns 0x21000000
T9B44 475:954.752 JLINK_ReadReg(XPSR)
T9B44 475:954.784 - 0.004ms returns 0x21000000
T9B44 475:954.784 JLINK_ReadReg(R15 (PC))
T9B44 475:954.784 - 0.004ms returns 0x00000140
T9B44 475:954.784 JLINK_ReadReg(XPSR)
T9B44 475:954.784 - 0.004ms returns 0x21000000
T9B44 475:954.784 JLINK_ReadReg(XPSR)
T9B44 475:954.784 - 0.017ms returns 0x21000000
T9B44 475:954.784 JLINK_ReadMem(0x00000140, 0x1 Bytes, ...)
T9B44 475:954.848    -- Read from flash cache (1 bytes @ 0x00000140)
T9B44 475:954.848   Data:  80
T9B44 475:954.848 - 0.018ms returns 0
T9B44 475:954.880 JLINK_IsHalted()
T9B44 475:954.880 - 0.005ms returns TRUE
T9B44 475:954.880 JLINK_ReadReg(XPSR)
T9B44 475:954.880 - 0.005ms returns 0x21000000
T9B44 475:954.880 JLINK_ReadReg(R15 (PC))
T9B44 475:954.944 - 0.005ms returns 0x00000140
T9B44 475:954.944 JLINK_ReadReg(XPSR)
T9B44 475:954.944 - 0.004ms returns 0x21000000
T9B44 475:954.944 JLINK_ReadReg(XPSR)
T9B44 475:954.944 - 0.004ms returns 0x21000000
T9B44 475:954.944 JLINK_ReadReg(R15 (PC))
T9B44 475:954.944 - 0.004ms returns 0x00000140
T9B44 475:954.944 JLINK_ReadReg(XPSR)
T9B44 475:954.944 - 0.004ms returns 0x21000000
T9B44 475:954.944 JLINK_ReadReg(XPSR)
T9B44 475:955.008 - 0.004ms returns 0x21000000
T9B44 475:955.008 JLINK_ReadMem(0x00000140, 0x1 Bytes, ...)
T9B44 475:955.008    -- Read from flash cache (1 bytes @ 0x00000140)
T9B44 475:955.008   Data:  80
T9B44 475:955.008 - 0.018ms returns 0
T9B44 475:955.008 JLINK_IsHalted()
T9B44 475:955.008 - 0.004ms returns TRUE
T9B44 475:955.008 JLINK_ReadReg(XPSR)
T9B44 475:955.008 - 0.004ms returns 0x21000000
T9B44 475:955.008 JLINK_ReadReg(XPSR)
T9B44 475:955.040 - 0.004ms returns 0x21000000
T9B44 475:955.040 JLINK_ReadReg(R15 (PC))
T9B44 475:955.040 - 0.005ms returns 0x00000140
T9B44 475:955.040 JLINK_ReadReg(XPSR)
T9B44 475:955.040 - 0.004ms returns 0x21000000
T9B44 475:955.040 JLINK_ReadReg(XPSR)
T9B44 475:955.040 - 0.004ms returns 0x21000000
T9B44 475:955.040 JLINK_ReadMem(0x00000140, 0x1 Bytes, ...)
T9B44 475:955.040    -- Read from flash cache (1 bytes @ 0x00000140)
T9B44 475:955.040   Data:  80
T9B44 475:955.104 - 0.017ms returns 0
T9B44 475:955.968 JLINK_ReadRegs(NumRegs = 22)
T9B44 475:956.064   
  R0 (0)        = 0x2000449D           R1 (1)        = 0x20005A68           R2 (2)        = 0x00                 R3 (3)        = 0xF7              
  R4 (4)        = 0x20005A58           R5 (5)        = 0x00                 R6 (6)        = 0x20005A68           R7 (7)        = 0xFFFFFFFF        
  R8 (8)        = 0xDC281CAC           R9 (9)        = 0x40008660           R10 (10)      = 0xE9186C96           R11 (11)      = 0x7D3A11DA        
  R12 (12)      = 0x585B3562           R13 (SP) (13) = 0x20004448           R14 (14)      = 0x20004281           R15 (PC) (15) = 0x140             
  XPSR (16)     = 0x21000000           MSPLIM (86)   = 0x00                 PSPLIM (87)   = 0x00                 CFBP (20)     = 0x00              
  R0 (0)        = 0x2000449D           R1 (1)        = 0x20005A68        
T9B44 475:956.064 - 0.086ms returns 0x00
T9B44 475:957.568 JLINK_ReadMem(0x00000140, 0x4 Bytes, ...)
T9B44 475:957.600    -- Read from flash cache (4 bytes @ 0x00000140)
T9B44 475:957.664   Data:  80 B5 00 AF
T9B44 475:957.664 - 0.094ms returns 0
T778C 475:960.736 JLINK_IsHalted()
T778C 475:960.928 - 0.078ms returns TRUE
T778C 475:960.992 JLINK_ReadReg(XPSR)
T778C 475:960.992 - 0.023ms returns 0x21000000
T778C 475:960.992 JLINK_ReadReg(R15 (PC))
T778C 475:960.992 - 0.005ms returns 0x00000140
T778C 475:960.992 JLINK_ReadReg(XPSR)
T778C 475:961.024 - 0.004ms returns 0x21000000
T778C 475:961.152 JLINK_ReadReg(XPSR)
T778C 475:961.184 - 0.033ms returns 0x21000000
T778C 475:961.184 JLINK_ReadReg(R15 (PC))
T778C 475:961.248 - 0.018ms returns 0x00000140
T778C 475:961.248 JLINK_ReadReg(XPSR)
T778C 475:961.248 - 0.004ms returns 0x21000000
T778C 475:961.248 JLINK_ReadReg(XPSR)
T778C 475:961.280 - 0.008ms returns 0x21000000
T778C 475:961.280 JLINK_ReadMem(0x00000140, 0x1 Bytes, ...)
T778C 475:961.280    -- Read from flash cache (1 bytes @ 0x00000140)
T778C 475:961.280   Data:  80
T778C 475:961.280 - 0.023ms returns 0
T778C 475:961.280 JLINK_IsHalted()
T778C 475:961.280 - 0.004ms returns TRUE
T778C 475:961.280 JLINK_ReadReg(XPSR)
T778C 475:961.344 - 0.005ms returns 0x21000000
T778C 475:961.344 JLINK_ReadReg(XPSR)
T778C 475:961.344 - 0.004ms returns 0x21000000
T778C 475:961.344 JLINK_ReadReg(R15 (PC))
T778C 475:961.344 - 0.006ms returns 0x00000140
T778C 475:961.344 JLINK_ReadReg(XPSR)
T778C 475:961.344 - 0.005ms returns 0x21000000
T778C 475:961.344 JLINK_ReadReg(XPSR)
T778C 475:961.344 - 0.004ms returns 0x21000000
T778C 475:961.408 JLINK_ReadMem(0x00000140, 0x1 Bytes, ...)
T778C 475:961.408    -- Read from flash cache (1 bytes @ 0x00000140)
T778C 475:961.408   Data:  80
T778C 475:961.408 - 0.018ms returns 0
T9B44 476:209.728 JLINK_ReadMem(0x00000140, 0x4 Bytes, ...)
T9B44 476:209.760    -- Read from flash cache (4 bytes @ 0x00000140)
T9B44 476:209.760   Data:  80 B5 00 AF
T9B44 476:209.760 - 0.058ms returns 0
T9B44 602:009.984 JLINK_ReadMem(0x20004482, 0x7 Bytes, ...)
T9B44 602:010.112   CPU_ReadMem(64 bytes @ 0x20004480)
T9B44 602:011.328    -- Updating C cache (64 bytes @ 0x20004480)
T9B44 602:011.392    -- Read from C cache (7 bytes @ 0x20004482)
T9B44 602:011.456   Data:  FF FF 00 00 80 80 00
T9B44 602:011.456 - 1.501ms returns 0
T9B44 602:274.176 JLINK_ReadMem(0x20004482, 0x8 Bytes, ...)
T9B44 602:274.176    -- Read from C cache (8 bytes @ 0x20004482)
T9B44 602:274.176   Data:  FF FF 00 00 80 80 00 00
T9B44 602:274.240 - 0.059ms returns 0
T9B44 602:275.456 JLINK_ReadMem(0x20004483, 0x8 Bytes, ...)
T9B44 602:275.520    -- Read from C cache (8 bytes @ 0x20004483)
T9B44 602:275.520   Data:  FF 00 00 80 80 00 00 00
T9B44 602:275.584 - 0.072ms returns 0
T9B44 602:276.288 JLINK_ReadMem(0x20004484, 0x8 Bytes, ...)
T9B44 602:276.352    -- Read from C cache (8 bytes @ 0x20004484)
T9B44 602:276.352   Data:  00 00 80 80 00 00 00 00
T9B44 602:276.352 - 0.036ms returns 0
T9B44 602:277.504 JLINK_ReadMem(0x20004485, 0x8 Bytes, ...)
T9B44 602:277.504    -- Read from C cache (8 bytes @ 0x20004485)
T9B44 602:277.504   Data:  00 80 80 00 00 00 00 00
T9B44 602:277.504 - 0.038ms returns 0
T9B44 602:278.464 JLINK_ReadMem(0x20004482, 0x1 Bytes, ...)
T9B44 602:278.464    -- Read from C cache (1 bytes @ 0x20004482)
T9B44 602:278.464   Data:  FF
T9B44 602:278.464 - 0.050ms returns 0
T9B44 602:280.000 JLINK_ReadMem(0x20004483, 0x1 Bytes, ...)
T9B44 602:280.064    -- Read from C cache (1 bytes @ 0x20004483)
T9B44 602:280.064   Data:  FF
T9B44 602:280.064 - 0.073ms returns 0
T9B44 602:281.088 JLINK_ReadMem(0x20004484, 0x1 Bytes, ...)
T9B44 602:281.088    -- Read from C cache (1 bytes @ 0x20004484)
T9B44 602:281.088   Data:  00
T9B44 602:281.088 - 0.074ms returns 0
T9B44 602:282.624 JLINK_ReadMem(0x20004485, 0x1 Bytes, ...)
T9B44 602:282.688    -- Read from C cache (1 bytes @ 0x20004485)
T9B44 602:282.688   Data:  00
T9B44 602:282.688 - 0.076ms returns 0
T9B44 710:032.576 JLINK_ReadMem(0x20004002, 0x2 Bytes, ...)
T9B44 710:032.640   CPU_ReadMem(64 bytes @ 0x20004000)
T9B44 710:033.344    -- Updating C cache (64 bytes @ 0x20004000)
T9B44 710:033.344    -- Read from C cache (2 bytes @ 0x20004002)
T9B44 710:033.408   Data:  0A 00
T9B44 710:033.408 - 0.826ms returns 0
T9B44 710:158.976 JLINK_ReadMem(0x20004002, 0x2 Bytes, ...)
T9B44 710:158.976    -- Read from C cache (2 bytes @ 0x20004002)
T9B44 710:158.976   Data:  0A 00
T9B44 710:158.976 - 0.051ms returns 0
T9B44 843:679.872 JLINK_ReadMem(0x20004485, 0x1 Bytes, ...)
T9B44 843:679.872    -- Read from C cache (1 bytes @ 0x20004485)
T9B44 843:679.872   Data:  00
T9B44 843:679.872 - 0.055ms returns 0
T9B44 843:680.448 JLINK_ReadMem(0x20004484, 0x1 Bytes, ...)
T9B44 843:680.448    -- Read from C cache (1 bytes @ 0x20004484)
T9B44 843:680.448   Data:  00
T9B44 843:680.448 - 0.043ms returns 0
T9B44 843:680.768 JLINK_ReadMem(0x20004483, 0x1 Bytes, ...)
T9B44 843:680.832    -- Read from C cache (1 bytes @ 0x20004483)
T9B44 843:680.832   Data:  FF
T9B44 843:680.832 - 0.027ms returns 0
T9B44 843:681.088 JLINK_ReadMem(0x20004482, 0x1 Bytes, ...)
T9B44 843:681.088    -- Read from C cache (1 bytes @ 0x20004482)
T9B44 843:681.088   Data:  FF
T9B44 843:681.088 - 0.022ms returns 0
T9B44 843:682.560 JLINK_ReadRegs(NumRegs = 22)
T9B44 843:682.624   
  R0 (0)        = 0x2000449D           R1 (1)        = 0x20005A68           R2 (2)        = 0x00                 R3 (3)        = 0xF7              
  R4 (4)        = 0x20005A58           R5 (5)        = 0x00                 R6 (6)        = 0x20005A68           R7 (7)        = 0xFFFFFFFF        
  R8 (8)        = 0xDC281CAC           R9 (9)        = 0x40008660           R10 (10)      = 0xE9186C96           R11 (11)      = 0x7D3A11DA        
  R12 (12)      = 0x585B3562           R13 (SP) (13) = 0x20004448           R14 (14)      = 0x20004281           R15 (PC) (15) = 0x140             
  XPSR (16)     = 0x21000000           MSPLIM (86)   = 0x00                 PSPLIM (87)   = 0x00                 CFBP (20)     = 0x00              
  R0 (0)        = 0x2000449D           R1 (1)        = 0x20005A68        
T9B44 843:682.624 - 0.052ms returns 0x00
T9B44 843:707.328 JLINK_ResetPullsRESET(ON)
T9B44 843:707.392 - 0.044ms 
T9B44 843:707.392 JLINK_Halt()
T9B44 843:707.840 - 0.484ms returns 0x00
T9B44 843:707.968 JLINK_IsHalted()
T9B44 843:707.968 - 0.013ms returns TRUE
T9B44 843:707.968 JLINK_Reset()
T9B44 843:708.032   JLINK_GetResetTypeDesc
T9B44 843:708.032   - 0.028ms 
T9B44 843:708.032   Reset type: CONNECT UNDER RESET (https://kb.segger.com/J-Link_Reset_Strategies)
T9B44 843:708.032   CPU_WriteMem(4 bytes @ 0xE000EDF0)
T9B44 843:708.608   CPU_ReadMem(4 bytes @ 0xE000ED44)
T9B44 843:708.992   CPU_WriteMem(4 bytes @ 0xE000EDFC)
T9B44 843:709.440   Reset: Halt core after reset via DEMCR.VC_CORERESET.
T9B44 843:710.080   Reset: Reset device via AIRCR.SYSRESETREQ.
T9B44 843:710.144   CPU_WriteMem(4 bytes @ 0xE000ED0C)
T9B44 843:765.248   CPU_ReadMem(4 bytes @ 0xE000EDF0)
T9B44 843:765.632   CPU_ReadMem(4 bytes @ 0xE000EDF0)
T9B44 843:766.080   CPU_WriteMem(4 bytes @ 0xE000EDFC)
T9B44 843:772.608   CPU_ReadMem(4 bytes @ 0xE000EDF0)
T9B44 843:776.128   CPU_WriteMem(4 bytes @ 0xE0002000)
T9B44 843:776.512   CPU_ReadMem(4 bytes @ 0xE000EDFC)
T9B44 843:777.024   CPU_ReadMem(4 bytes @ 0xE0001000)
T9B44 843:777.408   CPU_WriteMem(4 bytes @ 0xE0001000)
T9B44 843:777.728   CPU_ReadMem(4 bytes @ 0xE000EE08)
T9B44 843:778.048 - 70.070ms 
T9B44 843:778.112 JLINK_SetEndian(ARM_ENDIAN_LITTLE)
T9B44 843:778.112 - 0.009ms returns 0
T9B44 843:779.200 JLINK_BeginDownload(Flags = 0x00000000)
T9B44 843:779.200 - 0.032ms 
T9B44 843:781.184 JLINK_WriteMem(0x00000000, 0xE8 Bytes, ...)
T9B44 843:781.184   Data:  48 44 00 20 41 01 00 00 C9 14 00 00 A5 15 00 00 ...
T9B44 843:781.248   completely In flash
T9B44 843:781.248 - 0.077ms returns 0xE8
T9B44 843:781.824 JLINK_WriteMem(0x000000E8, 0x134 Bytes, ...)
T9B44 843:781.888   Data:  02 00 00 00 F8 00 00 00 03 00 00 00 10 01 00 00 ...
T9B44 843:781.888   completely In flash
T9B44 843:781.952 - 0.065ms returns 0x134
T9B44 843:782.528 JLINK_WriteMem(0x00000400, 0x4 Bytes, ...)
T9B44 843:782.528   Data:  FF FF FF FF
T9B44 843:782.528   completely In flash
T9B44 843:782.528 - 0.057ms returns 0x4
T9B44 843:783.232 JLINK_WriteMem(0x00000404, 0x4 Bytes, ...)
T9B44 843:783.232   Data:  F7 AF C1 FF
T9B44 843:783.296   completely In flash
T9B44 843:783.296 - 0.041ms returns 0x4
T9B44 843:783.744 JLINK_WriteMem(0x00000440, 0x44 Bytes, ...)
T9B44 843:783.808   Data:  0C 01 03 28 0A 04 20 00 AA 00 00 F0 00 00 00 00 ...
T9B44 843:783.808   completely In flash
T9B44 843:783.808 - 0.059ms returns 0x44
T9B44 843:784.320 JLINK_WriteMem(0x00000488, 0xBC8 Bytes, ...)
T9B44 843:784.320   Data:  00 22 18 2A 03 D0 8B 5C 83 54 52 1C F9 E7 00 20 ...
T9B44 843:784.320   completely In flash
T9B44 843:784.320 - 0.078ms returns 0xBC8
T9B44 843:784.896 JLINK_WriteMem(0x00001050, 0xBB0 Bytes, ...)
T9B44 843:784.896   Data:  93 40 26 4A 15 68 9D 43 15 60 12 68 80 F3 10 88 ...
T9B44 843:784.960   completely In flash
T9B44 843:784.960 - 0.059ms returns 0xBB0
T9B44 843:785.472 JLINK_WriteMem(0x00001C00, 0xBB0 Bytes, ...)
T9B44 843:785.472   Data:  21 46 14 E0 01 20 11 E0 08 20 0F E0 88 00 10 40 ...
T9B44 843:785.472   completely In flash
T9B44 843:785.536 - 0.055ms returns 0xBB0
T9B44 843:786.048 JLINK_WriteMem(0x000027B0, 0xBB0 Bytes, ...)
T9B44 843:786.048   Data:  C0 43 0A 90 A9 00 33 20 01 91 42 1A 05 92 02 20 ...
T9B44 843:786.048   completely In flash
T9B44 843:786.112 - 0.054ms returns 0xBB0
T9B44 843:786.368 JLINK_WriteMem(0x00003360, 0xAD2 Bytes, ...)
T9B44 843:786.432   Data:  8A 07 90 42 00 D3 80 1A 5B 41 4A 07 90 42 00 D3 ...
T9B44 843:786.432   completely In flash
T9B44 843:786.432 - 0.045ms returns 0xAD2
T9B44 843:793.536 JLINK_EndDownload()
T9B44 843:795.648   HandleBeforeFlashProg() start
T9B44 843:795.712    J-Link Script File: Executing HandleBeforeFlashProg()
T9B44 843:795.776   CPU_ReadMem(2 bytes @ 0x40000D04)
T9B44 843:796.160   CPU_ReadMem(2 bytes @ 0x40000D14)
T9B44 843:796.608   HandleBeforeFlashProg() end - Took 843us
T9B44 843:796.608   CPU_ReadMem(4 bytes @ 0x40019004)
T9B44 843:797.056   CPU_ReadMem(4 bytes @ 0xE000ED90)
T9B44 843:797.440    -- --------------------------------------
T9B44 843:797.440    -- Start of determining flash info (Bank @ 0x00000000)
T9B44 843:797.504    -- End of determining flash info
T9B44 843:797.504    -- Start of determining dirty areas in flash cache
T9B44 843:797.504    -- Filling invalid ranges in sector buffer (flash cache) for sector @ 0x00000000 if necessary
T9B44 843:797.504    -- Filling invalid ranges in sector buffer (flash cache) for sector @ 0x00000800 if necessary
T9B44 843:797.568    -- Filling invalid ranges in sector buffer (flash cache) for sector @ 0x00001000 if necessary
T9B44 843:797.568    -- Filling invalid ranges in sector buffer (flash cache) for sector @ 0x00001800 if necessary
T9B44 843:797.568    -- Filling invalid ranges in sector buffer (flash cache) for sector @ 0x00002000 if necessary
T9B44 843:797.568    -- Filling invalid ranges in sector buffer (flash cache) for sector @ 0x00002800 if necessary
T9B44 843:797.632    -- Filling invalid ranges in sector buffer (flash cache) for sector @ 0x00003000 if necessary
T9B44 843:797.632    -- Filling invalid ranges in sector buffer (flash cache) for sector @ 0x00003800 if necessary
T9B44 843:797.632    -- End of determining dirty areas
T9B44 843:797.632    -- Start of preparing flash programming
T9B44 843:797.632    -- Preparing RAMCode
T9B44 843:797.632    -- Calculating RAM usage
T9B44 843:797.696    -- RAM usage = 6816 Bytes
T9B44 843:797.696    -- Preserving CPU registers
T9B44 843:798.144    -- Preparing memory
T9B44 843:798.144    -- Determining CPU clock frequency
T9B44 843:836.160    -- CPU frequency = 4001 kHz
T9B44 843:836.224    -- Preparing target
T9B44 843:836.224    -- Preserving target RAM temporarily used for programming
T9B44 843:870.976    -- Downloading RAMCode
T9B44 843:893.120    -- Initializing RAMCode (InitType: 3 = Verify)
T9B44 843:893.184    -- Executing Init(3)
T9B44 843:911.808    -- End of preparing flash programming
T9B44 843:914.368   
  ***** Warning: 
T9B44 843:914.368   CPU is running at low speed (4001 kHz).
T9B44 843:914.496    -- CPU is running at 4001 kHz.
T9B44 843:914.496    -- Start of comparing flash
T9B44 843:914.496    -- CRC check was estimated as fastest method
T9B44 843:948.608    -- Comparing range 0x0000 - 0x3FFF (8 Sectors, 16 KB), using single-block CRC calculation
T9B44 844:043.136    -- CRC does not match, checking individual sectors
T9B44 844:136.832    -- CRC does not match for sectors 0-7
T9B44 844:136.832    -- End of comparing flash
T9B44 844:136.896    -- Start of erasing sectors
T9B44 844:136.896    -- Erasing range 0x00000000 - 0x00003FFF (  8 Sectors, 16 KB)
T9B44 844:136.896    -- Initializing RAMCode (InitType: 1 = Erase)
T9B44 844:136.896    -- Executing UnInit()
T9B44 844:147.392    -- Executing Init(1)
T9B44 844:202.176    -- End of erasing sectors
T9B44 844:202.240    -- Start of flash programming
T9B44 844:202.240    -- Programming range 0x00000000 - 0x00003FFF (  8 Sectors, 16 KB)
T9B44 844:205.760    -- Initializing RAMCode (InitType: 2 = Program)
T9B44 844:205.824    -- Executing UnInit()
T9B44 844:219.008    -- Executing Init(2)
T9B44 844:228.800    -- Program page timeout too high. Use default timeout: 10000 [s]
T9B44 844:228.864    -- Program page timeout too high. Use default timeout: 10000 [s]
T9B44 844:228.864    -- Program page timeout too high. Use default timeout: 10000 [s]
T9B44 844:281.600    -- Program page timeout too high. Use default timeout: 10000 [s]
T9B44 844:319.232    -- Program page timeout too high. Use default timeout: 10000 [s]
T9B44 844:358.272    -- Program page timeout too high. Use default timeout: 10000 [s]
T9B44 844:398.144    -- Program page timeout too high. Use default timeout: 10000 [s]
T9B44 844:436.736    -- Program page timeout too high. Use default timeout: 10000 [s]
T9B44 844:475.904    -- End of flash programming
T9B44 844:475.904    -- 0x0000 - 0x3FFF (  8 Sectors, 16 KB)
T9B44 844:475.968    -- Start of verifying flash
T9B44 844:475.968    -- Checksum calculation was estimated as fastest method
T9B44 844:475.968    -- Checksum is not supported by this flash bank. Switched to read back method.
T9B44 844:475.968    -- Initializing RAMCode (InitType: 3 = Verify)
T9B44 844:475.968    -- Executing UnInit()
T9B44 844:562.880    -- Executing Init(3)
T9B44 844:668.736    -- End of verifying flash
T9B44 844:668.800    -- Start of restoring
T9B44 844:668.800    -- Executing UnInit()
T9B44 844:679.680    -- Restoring target memory
T9B44 844:708.096    -- Restoring CPU registers
T9B44 844:708.608    -- End of restoring
T9B44 844:708.608    -- Bank 0 @ 0x00000000: 1 range affected (16384 bytes)
T9B44 844:708.608    -- Total: 0.910s (Prepare: 0.116s, Compare: 0.222s, Erase: 0.065s, Program: 0.351s, Verify: 0.115s, Restore: 0.039s)
T9B44 844:708.608    -- Program speed: 45 KB/s
T9B44 844:713.664   HandleAfterFlashProg() start
T9B44 844:713.664    J-Link Script File: Executing HandleAfterFlashProg()
T9B44 844:713.728   HandleAfterFlashProg() end - Took 8us
T9B44 844:715.904 - 922.367ms returns 16384 (0x4000)
T9B44 844:970.880 JLINK_ResetPullsRESET(ON)
T9B44 844:970.880 - 0.044ms 
T9B44 844:970.880 JLINK_Halt()
T9B44 844:970.880 - 0.010ms returns 0x00
T9B44 844:970.880 JLINK_IsHalted()
T9B44 844:970.880 - 0.009ms returns TRUE
T9B44 844:970.880 JLINK_Reset()
T9B44 844:970.944   CPU_ReadMem(4 bytes @ 0x20004000)
T9B44 844:971.520   CPU_WriteMem(4 bytes @ 0x20004000)
T9B44 844:972.160   JLINK_GetResetTypeDesc
T9B44 844:972.160   - 0.032ms 
T9B44 844:972.160   Reset type: CONNECT UNDER RESET (https://kb.segger.com/J-Link_Reset_Strategies)
T9B44 844:972.160   CPU_WriteMem(4 bytes @ 0xE000EDF0)
T9B44 844:972.608   CPU_ReadMem(4 bytes @ 0xE000ED44)
T9B44 844:972.992   CPU_WriteMem(4 bytes @ 0xE000EDFC)
T9B44 844:973.440   Reset: Halt core after reset via DEMCR.VC_CORERESET.
T9B44 844:973.952   Reset: Reset device via AIRCR.SYSRESETREQ.
T9B44 844:973.952   CPU_WriteMem(4 bytes @ 0xE000ED0C)
T9B44 845:027.584   CPU_ReadMem(4 bytes @ 0xE000EDF0)
T9B44 845:027.904   CPU_ReadMem(4 bytes @ 0xE000EDF0)
T9B44 845:028.160   CPU_WriteMem(4 bytes @ 0xE000EDFC)
T9B44 845:034.496   CPU_ReadMem(4 bytes @ 0xE000EDF0)
T9B44 845:037.440   CPU_WriteMem(4 bytes @ 0xE0002000)
T9B44 845:037.952   CPU_ReadMem(4 bytes @ 0xE000EDFC)
T9B44 845:038.272   CPU_ReadMem(4 bytes @ 0xE0001000)
T9B44 845:038.592   CPU_WriteMem(4 bytes @ 0xE0001000)
T9B44 845:038.848   CPU_ReadMem(4 bytes @ 0xE000EE08)
T9B44 845:039.168 - 68.212ms 
T9B44 845:039.168 JLINK_SetEndian(ARM_ENDIAN_LITTLE)
T9B44 845:039.168 - 0.012ms returns 0
T9B44 845:156.736 JLINK_IsHalted()
T9B44 845:156.736 - 0.043ms returns TRUE
T9B44 845:156.736 JLINK_ReadReg(XPSR)
T9B44 845:156.736   CPU_ReadMem(4 bytes @ 0xE000EE08)
T9B44 845:157.184 - 0.417ms returns 0x41000000
T9B44 845:157.248 JLINK_ReadReg(R15 (PC))
T9B44 845:157.248 - 0.006ms returns 0x00000140
T9B44 845:157.248 JLINK_ReadReg(XPSR)
T9B44 845:157.248 - 0.004ms returns 0x41000000
T9B44 845:157.248 JLINK_ReadReg(XPSR)
T9B44 845:157.248 - 0.004ms returns 0x41000000
T9B44 845:157.248 JLINK_ReadReg(R15 (PC))
T9B44 845:157.248 - 0.004ms returns 0x00000140
T9B44 845:157.248 JLINK_ReadReg(XPSR)
T9B44 845:157.248 - 0.004ms returns 0x41000000
T9B44 845:157.248 JLINK_ReadReg(XPSR)
T9B44 845:157.248 - 0.004ms returns 0x41000000
T9B44 845:157.248 JLINK_ReadMem(0x00000140, 0x1 Bytes, ...)
T9B44 845:157.248    -- Read from flash cache (1 bytes @ 0x00000140)
T9B44 845:157.248   Data:  80
T9B44 845:157.248 - 0.021ms returns 0
T9B44 845:157.248 JLINK_IsHalted()
T9B44 845:157.248 - 0.004ms returns TRUE
T9B44 845:157.312 JLINK_ReadReg(XPSR)
T9B44 845:157.312 - 0.004ms returns 0x41000000
T9B44 845:157.312 JLINK_ReadReg(XPSR)
T9B44 845:157.312 - 0.004ms returns 0x41000000
T9B44 845:157.312 JLINK_ReadReg(R15 (PC))
T9B44 845:157.312 - 0.004ms returns 0x00000140
T9B44 845:157.312 JLINK_ReadReg(XPSR)
T9B44 845:157.312 - 0.004ms returns 0x41000000
T9B44 845:157.312 JLINK_ReadReg(XPSR)
T9B44 845:157.312 - 0.004ms returns 0x41000000
T9B44 845:157.312 JLINK_ReadMem(0x00000140, 0x1 Bytes, ...)
T9B44 845:157.376    -- Read from flash cache (1 bytes @ 0x00000140)
T9B44 845:157.376   Data:  80
T9B44 845:157.376 - 0.016ms returns 0
T9B44 845:157.440 JLINK_IsHalted()
T9B44 845:157.440 - 0.004ms returns TRUE
T9B44 845:157.440 JLINK_ReadReg(XPSR)
T9B44 845:157.440 - 0.004ms returns 0x41000000
T9B44 845:157.440 JLINK_ReadReg(R15 (PC))
T9B44 845:157.440 - 0.004ms returns 0x00000140
T9B44 845:157.440 JLINK_ReadReg(XPSR)
T9B44 845:157.440 - 0.004ms returns 0x41000000
T9B44 845:157.504 JLINK_ReadReg(XPSR)
T9B44 845:157.504 - 0.004ms returns 0x41000000
T9B44 845:157.504 JLINK_ReadReg(R15 (PC))
T9B44 845:157.504 - 0.004ms returns 0x00000140
T9B44 845:157.504 JLINK_ReadReg(XPSR)
T9B44 845:157.504 - 0.004ms returns 0x41000000
T9B44 845:157.504 JLINK_ReadReg(XPSR)
T9B44 845:157.504 - 0.004ms returns 0x41000000
T9B44 845:157.504 JLINK_ReadMem(0x00000140, 0x1 Bytes, ...)
T9B44 845:157.504    -- Read from flash cache (1 bytes @ 0x00000140)
T9B44 845:157.504   Data:  80
T9B44 845:157.504 - 0.016ms returns 0
T9B44 845:157.504 JLINK_IsHalted()
T9B44 845:157.504 - 0.004ms returns TRUE
T9B44 845:157.504 JLINK_ReadReg(XPSR)
T9B44 845:157.504 - 0.004ms returns 0x41000000
T9B44 845:157.504 JLINK_ReadReg(XPSR)
T9B44 845:157.504 - 0.004ms returns 0x41000000
T9B44 845:157.504 JLINK_ReadReg(R15 (PC))
T9B44 845:157.504 - 0.004ms returns 0x00000140
T9B44 845:157.504 JLINK_ReadReg(XPSR)
T9B44 845:157.568 - 0.004ms returns 0x41000000
T9B44 845:157.568 JLINK_ReadReg(XPSR)
T9B44 845:157.568 - 0.004ms returns 0x41000000
T9B44 845:157.568 JLINK_ReadMem(0x00000140, 0x1 Bytes, ...)
T9B44 845:157.568    -- Read from flash cache (1 bytes @ 0x00000140)
T9B44 845:157.568   Data:  80
T9B44 845:157.568 - 0.016ms returns 0
T9B44 845:158.272 JLINK_ReadRegs(NumRegs = 22)
T9B44 845:158.272   
  R0 (0)        = 0x00                 R1 (1)        = 0x20005A68           R2 (2)        = 0x00                 R3 (3)        = 0xF7              
  R4 (4)        = 0x20005A58           R5 (5)        = 0x00                 R6 (6)        = 0x20005A68           R7 (7)        = 0xFFFFFFFF        
  R8 (8)        = 0xDC281CAC           R9 (9)        = 0x40008660           R10 (10)      = 0xE9186C96           R11 (11)      = 0x7D3A11DA        
  R12 (12)      = 0x585B3562           R13 (SP) (13) = 0x20004448           R14 (14)      = 0x20004281           R15 (PC) (15) = 0x140             
  XPSR (16)     = 0x41000000           MSPLIM (86)   = 0x00                 PSPLIM (87)   = 0x00                 CFBP (20)     = 0x00              
  R0 (0)        = 0x00                 R1 (1)        = 0x20005A68        
T9B44 845:158.272 - 0.061ms returns 0x00
T9B44 845:159.360 JLINK_ReadMem(0x00000140, 0x4 Bytes, ...)
T9B44 845:159.360    -- Read from flash cache (4 bytes @ 0x00000140)
T9B44 845:159.360   Data:  80 B5 00 AF
T9B44 845:159.424 - 0.042ms returns 0
T778C 845:161.152 JLINK_IsHalted()
T778C 845:161.216 - 0.039ms returns TRUE
T778C 845:161.280 JLINK_ReadReg(XPSR)
T778C 845:161.280 - 0.027ms returns 0x41000000
T778C 845:161.344 JLINK_ReadReg(R15 (PC))
T778C 845:161.344 - 0.009ms returns 0x00000140
T778C 845:161.344 JLINK_ReadReg(XPSR)
T778C 845:161.344 - 0.009ms returns 0x41000000
T778C 845:161.344 JLINK_ReadReg(XPSR)
T778C 845:161.344 - 0.008ms returns 0x41000000
T778C 845:161.344 JLINK_ReadReg(R15 (PC))
T778C 845:161.344 - 0.008ms returns 0x00000140
T778C 845:161.344 JLINK_ReadReg(XPSR)
T778C 845:161.344 - 0.008ms returns 0x41000000
T778C 845:161.344 JLINK_ReadReg(XPSR)
T778C 845:161.408 - 0.008ms returns 0x41000000
T778C 845:161.408 JLINK_ReadMem(0x00000140, 0x1 Bytes, ...)
T778C 845:161.408    -- Read from flash cache (1 bytes @ 0x00000140)
T778C 845:161.408   Data:  80
T778C 845:161.408 - 0.035ms returns 0
T778C 845:161.472 JLINK_IsHalted()
T778C 845:161.472 - 0.008ms returns TRUE
T778C 845:161.472 JLINK_ReadReg(XPSR)
T778C 845:161.472 - 0.008ms returns 0x41000000
T778C 845:161.472 JLINK_ReadReg(XPSR)
T778C 845:161.536 - 0.008ms returns 0x41000000
T778C 845:161.536 JLINK_ReadReg(R15 (PC))
T778C 845:161.536 - 0.008ms returns 0x00000140
T778C 845:161.536 JLINK_ReadReg(XPSR)
T778C 845:161.536 - 0.008ms returns 0x41000000
T778C 845:161.536 JLINK_ReadReg(XPSR)
T778C 845:161.600 - 0.008ms returns 0x41000000
T778C 845:161.600 JLINK_ReadMem(0x00000140, 0x1 Bytes, ...)
T778C 845:161.600    -- Read from flash cache (1 bytes @ 0x00000140)
T778C 845:161.600   Data:  80
T778C 845:161.600 - 0.029ms returns 0
T9B44 845:174.144 JLINK_ReadMem(0x00000140, 0x4 Bytes, ...)
T9B44 845:174.144    -- Read from flash cache (4 bytes @ 0x00000140)
T9B44 845:174.144   Data:  80 B5 00 AF
T9B44 845:174.144 - 0.045ms returns 0
T9B44 1124:178.176 JLINK_ReadMem(0x200046E3, 0x10 Bytes, ...)
T9B44 1124:178.304   CPU_ReadMem(64 bytes @ 0x200046C0)
T9B44 1124:179.584    -- Updating C cache (64 bytes @ 0x200046C0)
T9B44 1124:179.584    -- Read from C cache (16 bytes @ 0x200046E3)
T9B44 1124:179.584   Data:  00 00 00 00 00 00 00 00 00 00 00 00 00 00 00 00
T9B44 1124:179.712 - 1.381ms returns 0
T9B44 1124:378.880 JLINK_ReadMem(0x200046E3, 0x8 Bytes, ...)
T9B44 1124:378.880    -- Read from C cache (8 bytes @ 0x200046E3)
T9B44 1124:378.880   Data:  00 00 00 00 00 00 00 00
T9B44 1124:378.880 - 0.076ms returns 0
T9B44 1124:379.776 JLINK_ReadMem(0x200046E4, 0x8 Bytes, ...)
T9B44 1124:379.776    -- Read from C cache (8 bytes @ 0x200046E4)
T9B44 1124:379.776   Data:  00 00 00 00 00 00 00 00
T9B44 1124:379.776 - 0.057ms returns 0
T9B44 1124:380.544 JLINK_ReadMem(0x200046E5, 0x8 Bytes, ...)
T9B44 1124:380.544    -- Read from C cache (8 bytes @ 0x200046E5)
T9B44 1124:380.544   Data:  00 00 00 00 00 00 00 00
T9B44 1124:380.544 - 0.055ms returns 0
T9B44 1124:381.056 JLINK_ReadMem(0x200046E6, 0x8 Bytes, ...)
T9B44 1124:381.056    -- Read from C cache (8 bytes @ 0x200046E6)
T9B44 1124:381.056   Data:  00 00 00 00 00 00 00 00
T9B44 1124:381.056 - 0.037ms returns 0
T9B44 1124:381.696 JLINK_ReadMem(0x200046E3, 0x1 Bytes, ...)
T9B44 1124:381.696    -- Read from C cache (1 bytes @ 0x200046E3)
T9B44 1124:381.696   Data:  00
T9B44 1124:381.696 - 0.054ms returns 0
T9B44 1124:382.336 JLINK_ReadMem(0x200046E4, 0x1 Bytes, ...)
T9B44 1124:382.336    -- Read from C cache (1 bytes @ 0x200046E4)
T9B44 1124:382.336   Data:  00
T9B44 1124:382.336 - 0.031ms returns 0
T9B44 1124:382.848 JLINK_ReadMem(0x200046E5, 0x1 Bytes, ...)
T9B44 1124:382.848    -- Read from C cache (1 bytes @ 0x200046E5)
T9B44 1124:382.848   Data:  00
T9B44 1124:382.848 - 0.049ms returns 0
T9B44 1124:383.488 JLINK_ReadMem(0x200046E6, 0x1 Bytes, ...)
T9B44 1124:383.488    -- Read from C cache (1 bytes @ 0x200046E6)
T9B44 1124:383.488   Data:  00
T9B44 1124:383.488 - 0.045ms returns 0
T9B44 2342:970.112 JLINK_ReadMem(0x2000471A, 0x1 Bytes, ...)
T9B44 2342:970.112   CPU_ReadMem(64 bytes @ 0x20004700)
T9B44 2342:970.880    -- Updating C cache (64 bytes @ 0x20004700)
T9B44 2342:970.880    -- Read from C cache (1 bytes @ 0x2000471A)
T9B44 2342:970.880   Data:  AE
T9B44 2342:970.880 - 0.948ms returns 0
T9B44 2342:971.648 JLINK_ReadMem(0x20004719, 0x1 Bytes, ...)
T9B44 2342:971.648    -- Read from C cache (1 bytes @ 0x20004719)
T9B44 2342:971.648   Data:  21
T9B44 2342:971.648 - 0.024ms returns 0
T9B44 2342:971.904 JLINK_ReadMem(0x20004718, 0x1 Bytes, ...)
T9B44 2342:971.904    -- Read from C cache (1 bytes @ 0x20004718)
T9B44 2342:971.904   Data:  DB
T9B44 2342:971.904 - 0.020ms returns 0
T9B44 2342:971.904 JLINK_ReadMem(0x20004717, 0x1 Bytes, ...)
T9B44 2342:971.904    -- Read from C cache (1 bytes @ 0x20004717)
T9B44 2342:971.904   Data:  09
T9B44 2342:971.904 - 0.020ms returns 0
T9B44 2342:974.720 JLINK_ReadMem(0x20004482, 0x1 Bytes, ...)
T9B44 2342:974.720   CPU_ReadMem(64 bytes @ 0x20004480)
T9B44 2342:975.488    -- Updating C cache (64 bytes @ 0x20004480)
T9B44 2342:975.488    -- Read from C cache (1 bytes @ 0x20004482)
T9B44 2342:975.488   Data:  FF
T9B44 2342:975.488 - 0.791ms returns 0
T9B44 2342:976.000 JLINK_ReadMem(0x20004483, 0x1 Bytes, ...)
T9B44 2342:976.000    -- Read from C cache (1 bytes @ 0x20004483)
T9B44 2342:976.000   Data:  FF
T9B44 2342:976.000 - 0.022ms returns 0
T9B44 2342:976.256 JLINK_ReadMem(0x20004484, 0x1 Bytes, ...)
T9B44 2342:976.256    -- Read from C cache (1 bytes @ 0x20004484)
T9B44 2342:976.256   Data:  00
T9B44 2342:976.256 - 0.023ms returns 0
T9B44 2342:976.256 JLINK_ReadMem(0x20004485, 0x1 Bytes, ...)
T9B44 2342:976.512    -- Read from C cache (1 bytes @ 0x20004485)
T9B44 2342:976.512   Data:  00
T9B44 2342:976.512 - 0.020ms returns 0
T9B44 2342:978.816 JLINK_ReadRegs(NumRegs = 22)
T9B44 2342:978.816   
  R0 (0)        = 0x00                 R1 (1)        = 0x20005A68           R2 (2)        = 0x00                 R3 (3)        = 0xF7              
  R4 (4)        = 0x20005A58           R5 (5)        = 0x00                 R6 (6)        = 0x20005A68           R7 (7)        = 0xFFFFFFFF        
  R8 (8)        = 0xDC281CAC           R9 (9)        = 0x40008660           R10 (10)      = 0xE9186C96           R11 (11)      = 0x7D3A11DA        
  R12 (12)      = 0x585B3562           R13 (SP) (13) = 0x20004448           R14 (14)      = 0x20004281           R15 (PC) (15) = 0x140             
  XPSR (16)     = 0x41000000           MSPLIM (86)   = 0x00                 PSPLIM (87)   = 0x00                 CFBP (20)     = 0x00              
  R0 (0)        = 0x00                 R1 (1)        = 0x20005A68        
T9B44 2342:978.816 - 0.041ms returns 0x00
T9B44 2342:994.944 JLINK_ResetPullsRESET(ON)
T9B44 2342:995.200 - 0.046ms 
T9B44 2342:995.200 JLINK_Halt()
T9B44 2342:995.456 - 0.466ms returns 0x00
T9B44 2342:995.456 JLINK_IsHalted()
T9B44 2342:995.456 - 0.006ms returns TRUE
T9B44 2342:995.456 JLINK_Reset()
T9B44 2342:995.456   JLINK_GetResetTypeDesc
T9B44 2342:995.456   - 0.005ms 
T9B44 2342:995.456   Reset type: CONNECT UNDER RESET (https://kb.segger.com/J-Link_Reset_Strategies)
T9B44 2342:995.456   CPU_WriteMem(4 bytes @ 0xE000EDF0)
T9B44 2342:995.968   CPU_ReadMem(4 bytes @ 0xE000ED44)
T9B44 2342:996.480   CPU_WriteMem(4 bytes @ 0xE000EDFC)
T9B44 2342:996.736   Reset: Halt core after reset via DEMCR.VC_CORERESET.
T9B44 2342:997.248   Reset: Reset device via AIRCR.SYSRESETREQ.
T9B44 2342:997.248   CPU_WriteMem(4 bytes @ 0xE000ED0C)
T9B44 2343:052.032   CPU_ReadMem(4 bytes @ 0xE000EDF0)
T9B44 2343:052.800   CPU_ReadMem(4 bytes @ 0xE000EDF0)
T9B44 2343:053.056   CPU_WriteMem(4 bytes @ 0xE000EDFC)
T9B44 2343:059.456   CPU_ReadMem(4 bytes @ 0xE000EDF0)
T9B44 2343:062.528   CPU_WriteMem(4 bytes @ 0xE0002000)
T9B44 2343:063.040   CPU_ReadMem(4 bytes @ 0xE000EDFC)
T9B44 2343:063.040   CPU_ReadMem(4 bytes @ 0xE0001000)
T9B44 2343:063.552   CPU_WriteMem(4 bytes @ 0xE0001000)
T9B44 2343:063.808   CPU_ReadMem(4 bytes @ 0xE000EE08)
T9B44 2343:064.064 - 68.497ms 
T9B44 2343:064.064 JLINK_SetEndian(ARM_ENDIAN_LITTLE)
T9B44 2343:064.064 - 0.005ms returns 0
T9B44 2343:064.320 JLINK_BeginDownload(Flags = 0x00000000)
T9B44 2343:064.576 - 0.011ms 
T9B44 2343:065.856 JLINK_WriteMem(0x00000000, 0xE8 Bytes, ...)
T9B44 2343:066.112   Data:  48 44 00 20 41 01 00 00 89 15 00 00 65 16 00 00 ...
T9B44 2343:066.112   completely In flash
T9B44 2343:066.112 - 0.044ms returns 0xE8
T9B44 2343:066.112 JLINK_WriteMem(0x000000E8, 0x134 Bytes, ...)
T9B44 2343:066.368   Data:  02 00 00 00 F8 00 00 00 03 00 00 00 10 01 00 00 ...
T9B44 2343:066.368   completely In flash
T9B44 2343:066.368 - 0.191ms returns 0x134
T9B44 2343:066.880 JLINK_WriteMem(0x00000400, 0x4 Bytes, ...)
T9B44 2343:066.880   Data:  FF FF FF FF
T9B44 2343:066.880   completely In flash
T9B44 2343:066.880 - 0.026ms returns 0x4
T9B44 2343:067.136 JLINK_WriteMem(0x00000404, 0x4 Bytes, ...)
T9B44 2343:067.136   Data:  F7 AF C1 FF
T9B44 2343:067.136   completely In flash
T9B44 2343:067.136 - 0.098ms returns 0x4
T9B44 2343:068.160 JLINK_WriteMem(0x00000440, 0x46 Bytes, ...)
T9B44 2343:068.160   Data:  01 0C 03 28 0A 04 20 00 AA 00 00 F0 00 00 00 00 ...
T9B44 2343:068.160   completely In flash
T9B44 2343:068.160 - 0.048ms returns 0x46
T9B44 2343:068.416 JLINK_WriteMem(0x00000488, 0xBC8 Bytes, ...)
T9B44 2343:068.416   Data:  00 22 18 2A 03 D0 8B 5C 83 54 52 1C F9 E7 00 20 ...
T9B44 2343:068.416   completely In flash
T9B44 2343:068.416 - 0.034ms returns 0xBC8
T9B44 2343:070.208 JLINK_WriteMem(0x00001050, 0xBB0 Bytes, ...)
T9B44 2343:070.208   Data:  0B 49 02 46 23 88 9A 42 0C D2 63 68 1D 18 AD 88 ...
T9B44 2343:070.208   completely In flash
T9B44 2343:070.208 - 0.044ms returns 0xBB0
T9B44 2343:070.208 JLINK_WriteMem(0x00001C00, 0xBB0 Bytes, ...)
T9B44 2343:070.208   Data:  03 1D 00 00 33 1C 00 00 33 1C 00 00 33 1C 00 00 ...
T9B44 2343:070.208   completely In flash
T9B44 2343:070.208 - 0.025ms returns 0xBB0
T9B44 2343:070.720 JLINK_WriteMem(0x000027B0, 0xBB0 Bytes, ...)
T9B44 2343:070.720   Data:  A9 B2 00 9B 18 68 89 05 DE D4 EF E7 06 B0 F0 BD ...
T9B44 2343:070.720   completely In flash
T9B44 2343:070.720 - 0.032ms returns 0xBB0
T9B44 2343:070.976 JLINK_WriteMem(0x00003360, 0xBAA Bytes, ...)
T9B44 2343:070.976   Data:  05 B0 F0 BD FE B5 06 AF 02 93 01 92 BE 68 32 46 ...
T9B44 2343:070.976   completely In flash
T9B44 2343:070.976 - 0.025ms returns 0xBAA
T9B44 2343:075.840 JLINK_EndDownload()
T9B44 2343:076.352   HandleBeforeFlashProg() start
T9B44 2343:076.352    J-Link Script File: Executing HandleBeforeFlashProg()
T9B44 2343:076.352   CPU_ReadMem(2 bytes @ 0x40000D04)
T9B44 2343:076.608   CPU_ReadMem(2 bytes @ 0x40000D14)
T9B44 2343:077.120   HandleBeforeFlashProg() end - Took 828us
T9B44 2343:077.120   CPU_ReadMem(4 bytes @ 0x40019004)
T9B44 2343:077.632   CPU_ReadMem(4 bytes @ 0xE000ED90)
T9B44 2343:078.144    -- --------------------------------------
T9B44 2343:078.144    -- Start of determining flash info (Bank @ 0x00000000)
T9B44 2343:078.144    -- End of determining flash info
T9B44 2343:078.144    -- Start of determining dirty areas in flash cache
T9B44 2343:078.144    -- Filling invalid ranges in sector buffer (flash cache) for sector @ 0x00000000 if necessary
T9B44 2343:078.144    -- Filling invalid ranges in sector buffer (flash cache) for sector @ 0x00000800 if necessary
T9B44 2343:078.144    -- Filling invalid ranges in sector buffer (flash cache) for sector @ 0x00001000 if necessary
T9B44 2343:078.144    -- Filling invalid ranges in sector buffer (flash cache) for sector @ 0x00001800 if necessary
T9B44 2343:078.144    -- Filling invalid ranges in sector buffer (flash cache) for sector @ 0x00002000 if necessary
T9B44 2343:078.144    -- Filling invalid ranges in sector buffer (flash cache) for sector @ 0x00002800 if necessary
T9B44 2343:078.144    -- Filling invalid ranges in sector buffer (flash cache) for sector @ 0x00003000 if necessary
T9B44 2343:078.144    -- Filling invalid ranges in sector buffer (flash cache) for sector @ 0x00003800 if necessary
T9B44 2343:078.144    -- End of determining dirty areas
T9B44 2343:078.400    -- Start of preparing flash programming
T9B44 2343:078.400    -- Preparing RAMCode
T9B44 2343:078.400    -- Calculating RAM usage
T9B44 2343:078.400    -- RAM usage = 6816 Bytes
T9B44 2343:078.400    -- Preserving CPU registers
T9B44 2343:078.656    -- Preparing memory
T9B44 2343:078.656    -- Determining CPU clock frequency
T9B44 2343:117.568    -- CPU frequency = 4000 kHz
T9B44 2343:117.568    -- Preparing target
T9B44 2343:117.568    -- Preserving target RAM temporarily used for programming
T9B44 2343:152.640    -- Downloading RAMCode
T9B44 2343:174.656    -- Initializing RAMCode (InitType: 3 = Verify)
T9B44 2343:174.656    -- Executing Init(3)
T9B44 2343:191.296    -- End of preparing flash programming
T9B44 2343:195.904   
  ***** Warning: 
T9B44 2343:196.160   CPU is running at low speed (4000 kHz).
T9B44 2343:196.160    -- CPU is running at 4000 kHz.
T9B44 2343:196.160    -- Start of comparing flash
T9B44 2343:196.160    -- CRC check was estimated as fastest method
T9B44 2343:224.832    -- Comparing range 0x0000 - 0x3FFF (8 Sectors, 16 KB), using single-block CRC calculation
T9B44 2343:321.344    -- CRC does not match, checking individual sectors
T9B44 2343:416.320    -- CRC does not match for sectors 0-7
T9B44 2343:416.320    -- End of comparing flash
T9B44 2343:416.320    -- Start of erasing sectors
T9B44 2343:416.320    -- Erasing range 0x00000000 - 0x00003FFF (  8 Sectors, 16 KB)
T9B44 2343:416.320    -- Initializing RAMCode (InitType: 1 = Erase)
T9B44 2343:416.320    -- Executing UnInit()
T9B44 2343:426.560    -- Executing Init(1)
T9B44 2343:481.344    -- End of erasing sectors
T9B44 2343:481.344    -- Start of flash programming
T9B44 2343:481.344    -- Programming range 0x00000000 - 0x00003FFF (  8 Sectors, 16 KB)
T9B44 2343:485.184    -- Initializing RAMCode (InitType: 2 = Program)
T9B44 2343:485.184    -- Executing UnInit()
T9B44 2343:498.752    -- Executing Init(2)
T9B44 2343:508.480    -- Program page timeout too high. Use default timeout: 10000 [s]
T9B44 2343:508.480    -- Program page timeout too high. Use default timeout: 10000 [s]
T9B44 2343:508.480    -- Program page timeout too high. Use default timeout: 10000 [s]
T9B44 2343:559.680    -- Program page timeout too high. Use default timeout: 10000 [s]
T9B44 2343:599.360    -- Program page timeout too high. Use default timeout: 10000 [s]
T9B44 2343:637.760    -- Program page timeout too high. Use default timeout: 10000 [s]
T9B44 2343:676.928    -- Program page timeout too high. Use default timeout: 10000 [s]
T9B44 2343:716.352    -- Program page timeout too high. Use default timeout: 10000 [s]
T9B44 2343:755.264    -- End of flash programming
T9B44 2343:755.264    -- 0x0000 - 0x3FFF (  8 Sectors, 16 KB)
T9B44 2343:755.264    -- Start of verifying flash
T9B44 2343:755.520    -- Checksum calculation was estimated as fastest method
T9B44 2343:755.520    -- Checksum is not supported by this flash bank. Switched to read back method.
T9B44 2343:755.520    -- Initializing RAMCode (InitType: 3 = Verify)
T9B44 2343:755.520    -- Executing UnInit()
T9B44 2343:841.792    -- Executing Init(3)
T9B44 2343:951.616    -- End of verifying flash
T9B44 2343:951.616    -- Start of restoring
T9B44 2343:951.616    -- Executing UnInit()
T9B44 2343:962.112    -- Restoring target memory
T9B44 2343:990.272    -- Restoring CPU registers
T9B44 2343:992.320    -- End of restoring
T9B44 2343:992.320    -- Bank 0 @ 0x00000000: 1 range affected (16384 bytes)
T9B44 2343:992.576    -- Total: 0.914s (Prepare: 0.117s, Compare: 0.220s, Erase: 0.064s, Program: 0.351s, Verify: 0.118s, Restore: 0.040s)
T9B44 2343:992.576    -- Program speed: 45 KB/s
T9B44 2343:998.464   HandleAfterFlashProg() start
T9B44 2343:998.464    J-Link Script File: Executing HandleAfterFlashProg()
T9B44 2343:998.464   HandleAfterFlashProg() end - Took 13us
T9B44 2344:001.280 - 925.356ms returns 16384 (0x4000)
T9B44 2344:284.928 JLINK_ResetPullsRESET(ON)
T9B44 2344:284.928 - 0.065ms 
T9B44 2344:284.928 JLINK_Halt()
T9B44 2344:284.928 - 0.006ms returns 0x00
T9B44 2344:284.928 JLINK_IsHalted()
T9B44 2344:284.928 - 0.006ms returns TRUE
T9B44 2344:284.928 JLINK_Reset()
T9B44 2344:284.928   CPU_ReadMem(4 bytes @ 0x20004000)
T9B44 2344:285.440   CPU_WriteMem(4 bytes @ 0x20004000)
T9B44 2344:285.696   JLINK_GetResetTypeDesc
T9B44 2344:285.696   - 0.010ms 
T9B44 2344:285.696   Reset type: CONNECT UNDER RESET (https://kb.segger.com/J-Link_Reset_Strategies)
T9B44 2344:285.696   CPU_WriteMem(4 bytes @ 0xE000EDF0)
T9B44 2344:286.208   CPU_ReadMem(4 bytes @ 0xE000ED44)
T9B44 2344:286.720   CPU_WriteMem(4 bytes @ 0xE000EDFC)
T9B44 2344:286.720   Reset: Halt core after reset via DEMCR.VC_CORERESET.
T9B44 2344:286.976   Reset: Reset device via AIRCR.SYSRESETREQ.
T9B44 2344:286.976   CPU_WriteMem(4 bytes @ 0xE000ED0C)
T9B44 2344:340.992   CPU_ReadMem(4 bytes @ 0xE000EDF0)
T9B44 2344:340.992   CPU_ReadMem(4 bytes @ 0xE000EDF0)
T9B44 2344:341.248   CPU_WriteMem(4 bytes @ 0xE000EDFC)
T9B44 2344:347.136   CPU_ReadMem(4 bytes @ 0xE000EDF0)
T9B44 2344:350.208   CPU_WriteMem(4 bytes @ 0xE0002000)
T9B44 2344:350.208   CPU_ReadMem(4 bytes @ 0xE000EDFC)
T9B44 2344:351.232   CPU_ReadMem(4 bytes @ 0xE0001000)
T9B44 2344:351.488   CPU_WriteMem(4 bytes @ 0xE0001000)
T9B44 2344:352.000   CPU_ReadMem(4 bytes @ 0xE000EE08)
T9B44 2344:352.256 - 67.141ms 
T9B44 2344:352.256 JLINK_SetEndian(ARM_ENDIAN_LITTLE)
T9B44 2344:352.256 - 0.004ms returns 0
T9B44 2344:485.376 JLINK_IsHalted()
T9B44 2344:485.376 - 0.044ms returns TRUE
T9B44 2344:485.376 JLINK_ReadReg(XPSR)
T9B44 2344:485.376   CPU_ReadMem(4 bytes @ 0xE000EE08)
T9B44 2344:485.632 - 0.398ms returns 0x21000000
T9B44 2344:485.888 JLINK_ReadReg(R15 (PC))
T9B44 2344:485.888 - 0.008ms returns 0x00000140
T9B44 2344:485.888 JLINK_ReadReg(XPSR)
T9B44 2344:485.888 - 0.005ms returns 0x21000000
T9B44 2344:485.888 JLINK_ReadReg(XPSR)
T9B44 2344:485.888 - 0.004ms returns 0x21000000
T9B44 2344:485.888 JLINK_ReadReg(R15 (PC))
T9B44 2344:485.888 - 0.004ms returns 0x00000140
T9B44 2344:485.888 JLINK_ReadReg(XPSR)
T9B44 2344:485.888 - 0.004ms returns 0x21000000
T9B44 2344:485.888 JLINK_ReadReg(XPSR)
T9B44 2344:485.888 - 0.004ms returns 0x21000000
T9B44 2344:485.888 JLINK_ReadMem(0x00000140, 0x1 Bytes, ...)
T9B44 2344:485.888    -- Read from flash cache (1 bytes @ 0x00000140)
T9B44 2344:485.888   Data:  80
T9B44 2344:485.888 - 0.026ms returns 0
T9B44 2344:485.888 JLINK_IsHalted()
T9B44 2344:485.888 - 0.004ms returns TRUE
T9B44 2344:485.888 JLINK_ReadReg(XPSR)
T9B44 2344:485.888 - 0.004ms returns 0x21000000
T9B44 2344:485.888 JLINK_ReadReg(XPSR)
T9B44 2344:485.888 - 0.004ms returns 0x21000000
T9B44 2344:485.888 JLINK_ReadReg(R15 (PC))
T9B44 2344:485.888 - 0.005ms returns 0x00000140
T9B44 2344:485.888 JLINK_ReadReg(XPSR)
T9B44 2344:485.888 - 0.004ms returns 0x21000000
T9B44 2344:485.888 JLINK_ReadReg(XPSR)
T9B44 2344:485.888 - 0.004ms returns 0x21000000
T9B44 2344:485.888 JLINK_ReadMem(0x00000140, 0x1 Bytes, ...)
T9B44 2344:485.888    -- Read from flash cache (1 bytes @ 0x00000140)
T9B44 2344:485.888   Data:  80
T9B44 2344:486.144 - 0.017ms returns 0
T9B44 2344:486.144 JLINK_IsHalted()
T9B44 2344:486.144 - 0.004ms returns TRUE
T9B44 2344:486.144 JLINK_ReadReg(XPSR)
T9B44 2344:486.144 - 0.004ms returns 0x21000000
T9B44 2344:486.144 JLINK_ReadReg(R15 (PC))
T9B44 2344:486.144 - 0.004ms returns 0x00000140
T9B44 2344:486.144 JLINK_ReadReg(XPSR)
T9B44 2344:486.144 - 0.005ms returns 0x21000000
T9B44 2344:486.144 JLINK_ReadReg(XPSR)
T9B44 2344:486.144 - 0.004ms returns 0x21000000
T9B44 2344:486.144 JLINK_ReadReg(R15 (PC))
T9B44 2344:486.144 - 0.004ms returns 0x00000140
T9B44 2344:486.144 JLINK_ReadReg(XPSR)
T9B44 2344:486.144 - 0.004ms returns 0x21000000
T9B44 2344:486.144 JLINK_ReadReg(XPSR)
T9B44 2344:486.144 - 0.004ms returns 0x21000000
T9B44 2344:486.144 JLINK_ReadMem(0x00000140, 0x1 Bytes, ...)
T9B44 2344:486.400    -- Read from flash cache (1 bytes @ 0x00000140)
T9B44 2344:486.400   Data:  80
T9B44 2344:486.400 - 0.045ms returns 0
T9B44 2344:486.400 JLINK_IsHalted()
T9B44 2344:486.400 - 0.004ms returns TRUE
T9B44 2344:486.400 JLINK_ReadReg(XPSR)
T9B44 2344:486.400 - 0.004ms returns 0x21000000
T9B44 2344:486.400 JLINK_ReadReg(XPSR)
T9B44 2344:486.400 - 0.005ms returns 0x21000000
T9B44 2344:486.400 JLINK_ReadReg(R15 (PC))
T9B44 2344:486.400 - 0.004ms returns 0x00000140
T9B44 2344:486.400 JLINK_ReadReg(XPSR)
T9B44 2344:486.400 - 0.004ms returns 0x21000000
T9B44 2344:486.400 JLINK_ReadReg(XPSR)
T9B44 2344:486.400 - 0.004ms returns 0x21000000
T9B44 2344:486.400 JLINK_ReadMem(0x00000140, 0x1 Bytes, ...)
T9B44 2344:486.400    -- Read from flash cache (1 bytes @ 0x00000140)
T9B44 2344:486.400   Data:  80
T9B44 2344:486.400 - 0.017ms returns 0
T9B44 2344:487.424 JLINK_ReadRegs(NumRegs = 22)
T9B44 2344:487.424   
  R0 (0)        = 0x2000449D           R1 (1)        = 0x20005A68           R2 (2)        = 0x00                 R3 (3)        = 0xF7              
  R4 (4)        = 0x20005A58           R5 (5)        = 0x00                 R6 (6)        = 0x20005A68           R7 (7)        = 0xFFFFFFFF        
  R8 (8)        = 0xDC281CAC           R9 (9)        = 0x40008660           R10 (10)      = 0xE9186C96           R11 (11)      = 0x7D3A11DA        
  R12 (12)      = 0x585B3562           R13 (SP) (13) = 0x20004448           R14 (14)      = 0x20004281           R15 (PC) (15) = 0x140             
  XPSR (16)     = 0x21000000           MSPLIM (86)   = 0x00                 PSPLIM (87)   = 0x00                 CFBP (20)     = 0x00              
  R0 (0)        = 0x2000449D           R1 (1)        = 0x20005A68        
T9B44 2344:487.424 - 0.042ms returns 0x00
T9B44 2344:488.448 JLINK_ReadMem(0x00000140, 0x4 Bytes, ...)
T9B44 2344:488.448    -- Read from flash cache (4 bytes @ 0x00000140)
T9B44 2344:488.448   Data:  80 B5 00 AF
T9B44 2344:488.448 - 0.030ms returns 0
T778C 2344:490.496 JLINK_IsHalted()
T778C 2344:490.496 - 0.030ms returns TRUE
T778C 2344:490.496 JLINK_ReadReg(XPSR)
T778C 2344:490.496 - 0.011ms returns 0x21000000
T778C 2344:490.496 JLINK_ReadReg(R15 (PC))
T778C 2344:490.496 - 0.004ms returns 0x00000140
T778C 2344:490.496 JLINK_ReadReg(XPSR)
T778C 2344:490.496 - 0.004ms returns 0x21000000
T778C 2344:490.496 JLINK_ReadReg(XPSR)
T778C 2344:490.496 - 0.005ms returns 0x21000000
T778C 2344:490.496 JLINK_ReadReg(R15 (PC))
T778C 2344:490.496 - 0.004ms returns 0x00000140
T778C 2344:490.496 JLINK_ReadReg(XPSR)
T778C 2344:490.496 - 0.004ms returns 0x21000000
T778C 2344:490.496 JLINK_ReadReg(XPSR)
T778C 2344:490.496 - 0.004ms returns 0x21000000
T778C 2344:490.496 JLINK_ReadMem(0x00000140, 0x1 Bytes, ...)
T778C 2344:490.496    -- Read from flash cache (1 bytes @ 0x00000140)
T778C 2344:490.496   Data:  80
T778C 2344:490.496 - 0.021ms returns 0
T778C 2344:490.496 JLINK_IsHalted()
T778C 2344:490.496 - 0.004ms returns TRUE
T778C 2344:490.496 JLINK_ReadReg(XPSR)
T778C 2344:490.496 - 0.004ms returns 0x21000000
T778C 2344:490.496 JLINK_ReadReg(XPSR)
T778C 2344:490.496 - 0.004ms returns 0x21000000
T778C 2344:490.496 JLINK_ReadReg(R15 (PC))
T778C 2344:490.496 - 0.004ms returns 0x00000140
T778C 2344:490.496 JLINK_ReadReg(XPSR)
T778C 2344:490.496 - 0.004ms returns 0x21000000
T778C 2344:490.496 JLINK_ReadReg(XPSR)
T778C 2344:490.496 - 0.004ms returns 0x21000000
T778C 2344:490.496 JLINK_ReadMem(0x00000140, 0x1 Bytes, ...)
T778C 2344:490.496    -- Read from flash cache (1 bytes @ 0x00000140)
T778C 2344:490.496   Data:  80
T778C 2344:490.496 - 0.017ms returns 0
T9B44 2344:524.032 JLINK_ReadMem(0x00000140, 0x4 Bytes, ...)
T9B44 2344:524.288    -- Read from flash cache (4 bytes @ 0x00000140)
T9B44 2344:524.288   Data:  80 B5 00 AF
T9B44 2344:524.288 - 0.055ms returns 0
T9B44 3073:376.768 JLINK_IsHalted()
T9B44 3073:378.048 - 1.210ms returns TRUE
T9B44 3073:378.048 JLINK_GoEx(MaxEmulInsts = 0, Flags = 0x01)
T9B44 3073:378.048   CPU_ReadMem(4 bytes @ 0xE0001000)
T9B44 3073:378.560   CPU_WriteMem(4 bytes @ 0xE0001000)
T9B44 3073:378.816   CPU_WriteMem(4 bytes @ 0xE0002008)
T9B44 3073:378.816   CPU_WriteMem(4 bytes @ 0xE000200C)
T9B44 3073:378.816   CPU_WriteMem(4 bytes @ 0xE0002010)
T9B44 3073:378.816   CPU_WriteMem(4 bytes @ 0xE0002014)
T9B44 3073:379.840   CPU_WriteMem(4 bytes @ 0xE0001004)
T9B44 3073:381.120   Memory map 'after startup completion point' is active
T9B44 3073:381.376 - 3.177ms 
T9B44 3073:484.544 JLINK_IsHalted()
T9B44 3073:485.312 - 0.553ms returns FALSE
T9B44 3073:485.312 JLINK_IsHalted()
T9B44 3073:485.824 - 0.511ms returns FALSE
T9B44 3073:594.624 JLINK_IsHalted()
T9B44 3073:594.880 - 0.540ms returns FALSE
T9B44 3073:595.136 JLINK_IsHalted()
T9B44 3073:595.648 - 0.435ms returns FALSE
T9B44 3073:704.192 JLINK_IsHalted()
T9B44 3073:704.704 - 0.537ms returns FALSE
T9B44 3073:704.704 JLINK_IsHalted()
T9B44 3073:704.960 - 0.307ms returns FALSE
T9B44 3073:812.736 JLINK_IsHalted()
T9B44 3073:812.992 - 0.496ms returns FALSE
T9B44 3073:812.992 JLINK_IsHalted()
T9B44 3073:813.760 - 0.467ms returns FALSE
T9B44 3073:922.816 JLINK_IsHalted()
T9B44 3073:923.328 - 0.422ms returns FALSE
T9B44 3073:923.328 JLINK_IsHalted()
T9B44 3073:923.584 - 0.281ms returns FALSE
T9B44 3074:031.872 JLINK_IsHalted()
T9B44 3074:032.384 - 0.508ms returns FALSE
T9B44 3074:032.384 JLINK_IsHalted()
T9B44 3074:032.896 - 0.506ms returns FALSE
T9B44 3074:141.184 JLINK_IsHalted()
T9B44 3074:141.696 - 0.530ms returns FALSE
T9B44 3074:141.696 JLINK_IsHalted()
T9B44 3074:142.208 - 0.497ms returns FALSE
T9B44 3074:250.240 JLINK_IsHalted()
T9B44 3074:250.496 - 0.373ms returns FALSE
T9B44 3074:250.496 JLINK_IsHalted()
T9B44 3074:251.008 - 0.341ms returns FALSE
T9B44 3074:359.808 JLINK_IsHalted()
T9B44 3074:360.576 - 0.694ms returns FALSE
T9B44 3074:360.576 JLINK_IsHalted()
T9B44 3074:361.088 - 0.437ms returns FALSE
T778C 3074:378.240 JLINK_IsHalted()
T778C 3074:378.496 - 0.437ms returns FALSE
T778C 3074:378.496 JLINK_IsHalted()
T778C 3074:379.008 - 0.407ms returns FALSE
T9B44 3074:469.376 JLINK_IsHalted()
T9B44 3074:470.144 - 0.751ms returns FALSE
T9B44 3074:470.144 JLINK_IsHalted()
T9B44 3074:470.656 - 0.520ms returns FALSE
T9B44 3074:578.944 JLINK_IsHalted()
T9B44 3074:579.712 - 0.514ms returns FALSE
T9B44 3074:579.712 JLINK_IsHalted()
T9B44 3074:579.968 - 0.470ms returns FALSE
T9B44 3074:687.744 JLINK_IsHalted()
T9B44 3074:688.256 - 0.532ms returns FALSE
T9B44 3074:688.256 JLINK_IsHalted()
T9B44 3074:688.768 - 0.560ms returns FALSE
T9B44 3074:797.568 JLINK_IsHalted()
T9B44 3074:798.336 - 0.669ms returns FALSE
T9B44 3074:798.336 JLINK_IsHalted()
T9B44 3074:800.384 - 2.153ms returns FALSE
T9B44 3074:906.368 JLINK_IsHalted()
T9B44 3074:906.880 - 0.609ms returns FALSE
T9B44 3074:906.880 JLINK_IsHalted()
T9B44 3074:907.648 - 0.506ms returns FALSE
T9B44 3075:016.704 JLINK_IsHalted()
T9B44 3075:017.216 - 0.597ms returns FALSE
T9B44 3075:017.216 JLINK_IsHalted()
T9B44 3075:017.728 - 0.485ms returns FALSE
T9B44 3075:125.248 JLINK_IsHalted()
T9B44 3075:125.760 - 0.471ms returns FALSE
T9B44 3075:125.760 JLINK_IsHalted()
T9B44 3075:126.272 - 0.438ms returns FALSE
T9B44 3075:235.328 JLINK_IsHalted()
T9B44 3075:236.352 - 1.032ms returns FALSE
T9B44 3075:236.352 JLINK_IsHalted()
T9B44 3075:237.120 - 0.733ms returns FALSE
T9B44 3075:344.640 JLINK_IsHalted()
T9B44 3075:344.896 - 0.562ms returns FALSE
T9B44 3075:345.152 JLINK_IsHalted()
T9B44 3075:345.664 - 0.429ms returns FALSE
T778C 3075:379.456 JLINK_IsHalted()
T778C 3075:379.712 - 0.470ms returns FALSE
T778C 3075:379.712 JLINK_IsHalted()
T778C 3075:380.224 - 0.406ms returns FALSE
T9B44 3075:453.696 JLINK_IsHalted()
T9B44 3075:454.464 - 0.553ms returns FALSE
T9B44 3075:454.464 JLINK_IsHalted()
T9B44 3075:454.720 - 0.354ms returns FALSE
T9B44 3075:563.264 JLINK_IsHalted()
T9B44 3075:564.288 - 0.934ms returns FALSE
T9B44 3075:564.288 JLINK_IsHalted()
T9B44 3075:565.056 - 0.708ms returns FALSE
T9B44 3075:672.320 JLINK_IsHalted()
T9B44 3075:673.344 - 0.898ms returns FALSE
T9B44 3075:673.344 JLINK_IsHalted()
T9B44 3075:674.368 - 1.006ms returns FALSE
T9B44 3075:782.144 JLINK_IsHalted()
T9B44 3075:784.704 - 2.703ms returns FALSE
T9B44 3075:784.704 JLINK_IsHalted()
T9B44 3075:785.728 - 1.016ms returns FALSE
T9B44 3075:891.712 JLINK_IsHalted()
T9B44 3075:892.736 - 0.863ms returns FALSE
T9B44 3075:892.736 JLINK_IsHalted()
T9B44 3075:893.504 - 0.666ms returns FALSE
T9B44 3076:001.024 JLINK_IsHalted()
T9B44 3076:002.048 - 0.993ms returns FALSE
T9B44 3076:002.304 JLINK_IsHalted()
T9B44 3076:003.072 - 0.870ms returns FALSE
T9B44 3076:109.824 JLINK_IsHalted()
T9B44 3076:110.592 - 0.736ms returns FALSE
T9B44 3076:110.592 JLINK_IsHalted()
T9B44 3076:110.848 - 0.379ms returns FALSE
T9B44 3076:218.880 JLINK_IsHalted()
T9B44 3076:219.392 - 0.610ms returns FALSE
T9B44 3076:219.648 JLINK_IsHalted()
T9B44 3076:220.928 - 1.267ms returns FALSE
T9B44 3076:328.704 JLINK_IsHalted()
T9B44 3076:329.216 - 0.536ms returns FALSE
T9B44 3076:329.216 JLINK_IsHalted()
T9B44 3076:329.728 - 0.450ms returns FALSE
T778C 3076:380.928 JLINK_IsHalted()
T778C 3076:381.440 - 0.476ms returns FALSE
T778C 3076:381.440 JLINK_IsHalted()
T778C 3076:382.208 - 0.661ms returns FALSE
T9B44 3076:438.528 JLINK_IsHalted()
T9B44 3076:439.040 - 0.608ms returns FALSE
T9B44 3076:439.040 JLINK_IsHalted()
T9B44 3076:439.552 - 0.544ms returns FALSE
T9B44 3076:548.352 JLINK_IsHalted()
T9B44 3076:550.912 - 2.437ms returns FALSE
T9B44 3076:550.912 JLINK_IsHalted()
T9B44 3076:551.168 - 0.514ms returns FALSE
T9B44 3076:656.384 JLINK_IsHalted()
T9B44 3076:657.152 - 0.719ms returns FALSE
T9B44 3076:657.152 JLINK_IsHalted()
T9B44 3076:657.920 - 0.733ms returns FALSE
T9B44 3076:766.208 JLINK_IsHalted()
T9B44 3076:766.976 - 0.482ms returns FALSE
T9B44 3076:766.976 JLINK_IsHalted()
T9B44 3076:767.232 - 0.440ms returns FALSE
T9B44 3076:875.520 JLINK_IsHalted()
T9B44 3076:876.032 - 0.605ms returns FALSE
T9B44 3076:876.288 JLINK_IsHalted()
T9B44 3076:876.800 - 0.546ms returns FALSE
T9B44 3076:985.344 JLINK_IsHalted()
T9B44 3076:986.368 - 0.724ms returns FALSE
T9B44 3076:986.368 JLINK_IsHalted()
T9B44 3076:986.624 - 0.493ms returns FALSE
T9B44 3077:094.912 JLINK_IsHalted()
T9B44 3077:095.424 - 0.561ms returns FALSE
T9B44 3077:095.424 JLINK_IsHalted()
T9B44 3077:095.936 - 0.456ms returns FALSE
T9B44 3077:203.456 JLINK_IsHalted()
T9B44 3077:203.712 - 0.500ms returns FALSE
T9B44 3077:203.712 JLINK_IsHalted()
T9B44 3077:204.224 - 0.417ms returns FALSE
T9B44 3077:313.536 JLINK_IsHalted()
T9B44 3077:314.048 - 0.643ms returns FALSE
T9B44 3077:314.304 JLINK_IsHalted()
T9B44 3077:315.072 - 0.612ms returns FALSE
T778C 3077:383.168 JLINK_IsHalted()
T778C 3077:383.680 - 0.615ms returns FALSE
T778C 3077:383.680 JLINK_IsHalted()
T778C 3077:384.192 - 0.449ms returns FALSE
T9B44 3077:422.592 JLINK_IsHalted()
T9B44 3077:423.616 - 0.872ms returns FALSE
T9B44 3077:423.616 JLINK_IsHalted()
T9B44 3077:424.640 - 0.797ms returns FALSE
T9B44 3077:532.160 JLINK_IsHalted()
T9B44 3077:532.672 - 0.689ms returns FALSE
T9B44 3077:532.672 JLINK_IsHalted()
T9B44 3077:533.440 - 0.717ms returns FALSE
T9B44 3077:640.960 JLINK_IsHalted()
T9B44 3077:641.984 - 0.870ms returns FALSE
T9B44 3077:641.984 JLINK_IsHalted()
T9B44 3077:642.752 - 0.551ms returns FALSE
T9B44 3077:750.784 JLINK_IsHalted()
T9B44 3077:751.296 - 0.634ms returns FALSE
T9B44 3077:751.552 JLINK_IsHalted()
T9B44 3077:752.320 - 0.569ms returns FALSE
T9B44 3077:859.840 JLINK_IsHalted()
T9B44 3077:860.608 - 0.783ms returns FALSE
T9B44 3077:860.608 JLINK_IsHalted()
T9B44 3077:861.120 - 0.601ms returns FALSE
T9B44 3077:969.152 JLINK_IsHalted()
T9B44 3077:969.920 - 0.782ms returns FALSE
T9B44 3077:969.920 JLINK_IsHalted()
T9B44 3077:970.432 - 0.616ms returns FALSE
T9B44 3078:078.720 JLINK_IsHalted()
T9B44 3078:079.488 - 0.746ms returns FALSE
T9B44 3078:079.488 JLINK_IsHalted()
T9B44 3078:080.000 - 0.619ms returns FALSE
T9B44 3078:188.544 JLINK_IsHalted()
T9B44 3078:189.056 - 0.765ms returns FALSE
T9B44 3078:189.312 JLINK_IsHalted()
T9B44 3078:189.824 - 0.610ms returns FALSE
T9B44 3078:297.088 JLINK_IsHalted()
T9B44 3078:297.856 - 0.512ms returns FALSE
T9B44 3078:297.856 JLINK_IsHalted()
T9B44 3078:298.368 - 0.642ms returns FALSE
T778C 3078:385.152 JLINK_IsHalted()
T778C 3078:385.920 - 0.592ms returns FALSE
T778C 3078:385.920 JLINK_IsHalted()
T778C 3078:387.968 - 2.086ms returns FALSE
T9B44 3078:406.912 JLINK_IsHalted()
T9B44 3078:407.424 - 0.529ms returns FALSE
T9B44 3078:407.680 JLINK_IsHalted()
T9B44 3078:407.936 - 0.504ms returns FALSE
T9B44 3078:516.480 JLINK_IsHalted()
T9B44 3078:516.992 - 0.439ms returns FALSE
T9B44 3078:516.992 JLINK_IsHalted()
T9B44 3078:517.248 - 0.294ms returns FALSE
T9B44 3078:626.048 JLINK_IsHalted()
T9B44 3078:626.560 - 0.511ms returns FALSE
T9B44 3078:626.816 JLINK_IsHalted()
T9B44 3078:627.072 - 0.441ms returns FALSE
T9B44 3078:734.592 JLINK_IsHalted()
T9B44 3078:735.104 - 0.465ms returns FALSE
T9B44 3078:735.104 JLINK_IsHalted()
T9B44 3078:735.360 - 0.346ms returns FALSE
T9B44 3078:844.160 JLINK_IsHalted()
T9B44 3078:844.672 - 0.398ms returns FALSE
T9B44 3078:844.672 JLINK_IsHalted()
T9B44 3078:844.928 - 0.260ms returns FALSE
T9B44 3078:953.728 JLINK_IsHalted()
T9B44 3078:954.240 - 0.413ms returns FALSE
T9B44 3078:954.240 JLINK_IsHalted()
T9B44 3078:954.496 - 0.269ms returns FALSE
T9B44 3079:063.040 JLINK_IsHalted()
T9B44 3079:063.808 - 0.734ms returns FALSE
T9B44 3079:063.808 JLINK_IsHalted()
T9B44 3079:064.064 - 0.354ms returns FALSE
T9B44 3079:172.608 JLINK_IsHalted()
T9B44 3079:172.864 - 0.474ms returns FALSE
T9B44 3079:172.864 JLINK_IsHalted()
T9B44 3079:173.376 - 0.321ms returns FALSE
T9B44 3079:281.920 JLINK_IsHalted()
T9B44 3079:283.456 - 1.494ms returns FALSE
T9B44 3079:283.456 JLINK_IsHalted()
T9B44 3079:284.224 - 0.554ms returns FALSE
T778C 3079:388.672 JLINK_IsHalted()
T778C 3079:389.440 - 0.514ms returns FALSE
T778C 3079:389.440 JLINK_IsHalted()
T778C 3079:389.696 - 0.457ms returns FALSE
T9B44 3079:391.232 JLINK_IsHalted()
T9B44 3079:391.744 - 0.294ms returns FALSE
T9B44 3079:391.744 JLINK_IsHalted()
T9B44 3079:392.000 - 0.435ms returns FALSE
T9B44 3079:501.312 JLINK_IsHalted()
T9B44 3079:502.336 - 0.996ms returns FALSE
T9B44 3079:502.336 JLINK_IsHalted()
T9B44 3079:503.360 - 0.841ms returns FALSE
T9B44 3079:610.368 JLINK_IsHalted()
T9B44 3079:611.392 - 1.016ms returns FALSE
T9B44 3079:611.392 JLINK_IsHalted()
T9B44 3079:611.904 - 0.619ms returns FALSE
T9B44 3079:719.424 JLINK_IsHalted()
T9B44 3079:720.448 - 0.840ms returns FALSE
T9B44 3079:720.448 JLINK_IsHalted()
T9B44 3079:721.472 - 0.771ms returns FALSE
T9B44 3079:828.480 JLINK_IsHalted()
T9B44 3079:829.504 - 0.936ms returns FALSE
T9B44 3079:829.504 JLINK_IsHalted()
T9B44 3079:830.272 - 0.752ms returns FALSE
T9B44 3079:937.792 JLINK_IsHalted()
T9B44 3079:938.560 - 0.871ms returns FALSE
T9B44 3079:938.560 JLINK_IsHalted()
T9B44 3079:939.584 - 0.839ms returns FALSE
T9B44 3080:047.104 JLINK_IsHalted()
T9B44 3080:048.128 - 0.816ms returns FALSE
T9B44 3080:048.128 JLINK_IsHalted()
T9B44 3080:050.176 - 1.968ms returns FALSE
T9B44 3080:156.672 JLINK_IsHalted()
T9B44 3080:157.440 - 0.665ms returns FALSE
T9B44 3080:157.440 JLINK_IsHalted()
T9B44 3080:157.952 - 0.514ms returns FALSE
T9B44 3080:266.240 JLINK_IsHalted()
T9B44 3080:267.008 - 0.681ms returns FALSE
T9B44 3080:267.264 JLINK_IsHalted()
T9B44 3080:267.520 - 0.538ms returns FALSE
T9B44 3080:375.808 JLINK_IsHalted()
T9B44 3080:376.576 - 0.457ms returns FALSE
T9B44 3080:376.576 JLINK_IsHalted()
T9B44 3080:376.832 - 0.476ms returns FALSE
T778C 3080:389.632 JLINK_IsHalted()
T778C 3080:390.144 - 0.413ms returns FALSE
T778C 3080:390.144 JLINK_IsHalted()
T778C 3080:390.656 - 0.507ms returns FALSE
T9B44 3080:485.376 JLINK_IsHalted()
T9B44 3080:486.144 - 0.587ms returns FALSE
T9B44 3080:486.144 JLINK_IsHalted()
T9B44 3080:486.400 - 0.417ms returns FALSE
T9B44 3080:594.944 JLINK_IsHalted()
T9B44 3080:595.968 - 1.008ms returns FALSE
T9B44 3080:595.968 JLINK_IsHalted()
T9B44 3080:596.992 - 0.872ms returns FALSE
T9B44 3080:703.488 JLINK_IsHalted()
T9B44 3080:704.512 - 0.846ms returns FALSE
T9B44 3080:704.512 JLINK_IsHalted()
T9B44 3080:705.280 - 0.795ms returns FALSE
T9B44 3080:812.800 JLINK_IsHalted()
T9B44 3080:813.568 - 0.820ms returns FALSE
T9B44 3080:813.824 JLINK_IsHalted()
T9B44 3080:814.592 - 0.944ms returns FALSE
T9B44 3080:922.624 JLINK_IsHalted()
T9B44 3080:923.392 - 0.766ms returns FALSE
T9B44 3080:923.392 JLINK_IsHalted()
T9B44 3080:924.160 - 0.723ms returns FALSE
T9B44 3081:032.192 JLINK_IsHalted()
T9B44 3081:032.960 - 0.680ms returns FALSE
T9B44 3081:032.960 JLINK_IsHalted()
T9B44 3081:033.472 - 0.579ms returns FALSE
T9B44 3081:141.760 JLINK_IsHalted()
T9B44 3081:150.976 - 9.366ms returns FALSE
T9B44 3081:150.976 JLINK_IsHalted()
T9B44 3081:151.744 - 0.689ms returns FALSE
T9B44 3081:251.072 JLINK_IsHalted()
T9B44 3081:251.840 - 0.870ms returns FALSE
T9B44 3081:251.840 JLINK_IsHalted()
T9B44 3081:252.608 - 0.703ms returns FALSE
T9B44 3081:360.640 JLINK_IsHalted()
T9B44 3081:361.152 - 0.665ms returns FALSE
T9B44 3081:361.152 JLINK_IsHalted()
T9B44 3081:361.920 - 0.632ms returns FALSE
T778C 3081:391.872 JLINK_IsHalted()
T778C 3081:392.896 - 0.996ms returns FALSE
T778C 3081:393.152 JLINK_IsHalted()
T778C 3081:393.664 - 0.744ms returns FALSE
T9B44 3081:469.440 JLINK_IsHalted()
T9B44 3081:470.464 - 0.959ms returns FALSE
T9B44 3081:470.464 JLINK_IsHalted()
T9B44 3081:470.976 - 0.579ms returns FALSE
T9B44 3081:579.008 JLINK_IsHalted()
T9B44 3081:579.776 - 0.835ms returns FALSE
T9B44 3081:579.776 JLINK_IsHalted()
T9B44 3081:580.288 - 0.693ms returns FALSE
T9B44 3081:687.552 JLINK_IsHalted()
T9B44 3081:688.576 - 0.836ms returns FALSE
T9B44 3081:688.576 JLINK_IsHalted()
T9B44 3081:689.088 - 0.640ms returns FALSE
T9B44 3081:797.888 JLINK_IsHalted()
T9B44 3081:798.656 - 0.883ms returns FALSE
T9B44 3081:798.656 JLINK_IsHalted()
T9B44 3081:799.168 - 0.578ms returns FALSE
T9B44 3081:906.944 JLINK_IsHalted()
T9B44 3081:908.224 - 1.060ms returns FALSE
T9B44 3081:908.224 JLINK_IsHalted()
T9B44 3081:909.248 - 0.955ms returns FALSE
T9B44 3082:016.512 JLINK_IsHalted()
T9B44 3082:017.536 - 1.044ms returns FALSE
T9B44 3082:017.792 JLINK_IsHalted()
T9B44 3082:018.560 - 0.868ms returns FALSE
T9B44 3082:125.312 JLINK_IsHalted()
T9B44 3082:126.336 - 0.986ms returns FALSE
T9B44 3082:126.592 JLINK_IsHalted()
T9B44 3082:128.384 - 1.970ms returns FALSE
T9B44 3082:236.672 JLINK_IsHalted()
T9B44 3082:237.440 - 0.922ms returns FALSE
T9B44 3082:237.440 JLINK_IsHalted()
T9B44 3082:238.464 - 0.704ms returns FALSE
T9B44 3082:344.704 JLINK_IsHalted()
T9B44 3082:345.728 - 1.015ms returns FALSE
T9B44 3082:345.984 JLINK_IsHalted()
T9B44 3082:346.752 - 0.847ms returns FALSE
T778C 3082:395.392 JLINK_IsHalted()
T778C 3082:396.160 - 0.873ms returns FALSE
T778C 3082:396.416 JLINK_IsHalted()
T778C 3082:397.184 - 0.662ms returns FALSE
T9B44 3082:454.016 JLINK_IsHalted()
T9B44 3082:454.784 - 0.771ms returns FALSE
T9B44 3082:454.784 JLINK_IsHalted()
T9B44 3082:455.552 - 0.605ms returns FALSE
T9B44 3082:562.816 JLINK_IsHalted()
T9B44 3082:563.328 - 0.590ms returns FALSE
T9B44 3082:563.328 JLINK_IsHalted()
T9B44 3082:565.888 - 2.501ms returns FALSE
T9B44 3082:672.896 JLINK_IsHalted()
T9B44 3082:674.688 - 1.936ms returns FALSE
T9B44 3082:674.944 JLINK_IsHalted()
T9B44 3082:675.456 - 0.539ms returns FALSE
T9B44 3082:782.208 JLINK_IsHalted()
T9B44 3082:782.464 - 0.553ms returns FALSE
T9B44 3082:782.720 JLINK_IsHalted()
T9B44 3082:783.232 - 0.452ms returns FALSE
T9B44 3082:891.264 JLINK_IsHalted()
T9B44 3082:892.032 - 0.754ms returns FALSE
T9B44 3082:892.032 JLINK_IsHalted()
T9B44 3082:892.544 - 0.491ms returns FALSE
T9B44 3083:000.320 JLINK_IsHalted()
T9B44 3083:001.088 - 0.794ms returns FALSE
T9B44 3083:001.088 JLINK_IsHalted()
T9B44 3083:003.392 - 2.233ms returns FALSE
T9B44 3083:109.632 JLINK_IsHalted()
T9B44 3083:110.400 - 0.768ms returns FALSE
T9B44 3083:110.400 JLINK_IsHalted()
T9B44 3083:110.912 - 0.488ms returns FALSE
T9B44 3083:219.200 JLINK_IsHalted()
T9B44 3083:220.224 - 0.996ms returns FALSE
T9B44 3083:220.224 JLINK_IsHalted()
T9B44 3083:220.736 - 0.485ms returns FALSE
T9B44 3083:328.768 JLINK_IsHalted()
T9B44 3083:329.536 - 0.681ms returns FALSE
T9B44 3083:329.536 JLINK_IsHalted()
T9B44 3083:330.048 - 0.511ms returns FALSE
T778C 3083:398.400 JLINK_IsHalted()
T778C 3083:400.960 - 2.711ms returns FALSE
T778C 3083:401.216 JLINK_IsHalted()
T778C 3083:401.728 - 0.656ms returns FALSE
T9B44 3083:438.592 JLINK_IsHalted()
T9B44 3083:439.104 - 0.704ms returns FALSE
T9B44 3083:439.104 JLINK_IsHalted()
T9B44 3083:439.616 - 0.486ms returns FALSE
T9B44 3083:547.648 JLINK_IsHalted()
T9B44 3083:548.160 - 0.520ms returns FALSE
T9B44 3083:548.160 JLINK_IsHalted()
T9B44 3083:548.672 - 0.358ms returns FALSE
T9B44 3083:656.704 JLINK_IsHalted()
T9B44 3083:657.472 - 0.539ms returns FALSE
T9B44 3083:657.472 JLINK_IsHalted()
T9B44 3083:657.728 - 0.489ms returns FALSE
T9B44 3083:766.784 JLINK_IsHalted()
T9B44 3083:767.552 - 0.741ms returns FALSE
T9B44 3083:767.552 JLINK_IsHalted()
T9B44 3083:768.320 - 0.607ms returns FALSE
T9B44 3083:875.840 JLINK_IsHalted()
T9B44 3083:876.352 - 0.728ms returns FALSE
T9B44 3083:876.608 JLINK_IsHalted()
T9B44 3083:878.656 - 2.157ms returns FALSE
T9B44 3083:984.896 JLINK_IsHalted()
T9B44 3083:985.664 - 0.749ms returns FALSE
T9B44 3083:985.664 JLINK_IsHalted()
T9B44 3083:986.432 - 0.649ms returns FALSE
T9B44 3084:094.720 JLINK_IsHalted()
T9B44 3084:096.512 - 1.964ms returns FALSE
T9B44 3084:096.768 JLINK_IsHalted()
T9B44 3084:097.280 - 0.673ms returns FALSE
T9B44 3084:204.288 JLINK_IsHalted()
T9B44 3084:205.056 - 0.729ms returns FALSE
T9B44 3084:205.056 JLINK_IsHalted()
T9B44 3084:205.568 - 0.490ms returns FALSE
T9B44 3084:313.344 JLINK_IsHalted()
T9B44 3084:314.112 - 0.595ms returns FALSE
T9B44 3084:314.112 JLINK_IsHalted()
T9B44 3084:316.160 - 2.298ms returns FALSE
T778C 3084:402.688 JLINK_IsHalted()
T778C 3084:403.200 - 0.566ms returns FALSE
T778C 3084:403.200 JLINK_IsHalted()
T778C 3084:403.968 - 0.635ms returns FALSE
T9B44 3084:422.656 JLINK_IsHalted()
T9B44 3084:423.168 - 0.745ms returns FALSE
T9B44 3084:423.168 JLINK_IsHalted()
T9B44 3084:423.680 - 0.557ms returns FALSE
T9B44 3084:532.224 JLINK_IsHalted()
T9B44 3084:532.736 - 0.588ms returns FALSE
T9B44 3084:532.736 JLINK_IsHalted()
T9B44 3084:533.248 - 0.432ms returns FALSE
T9B44 3084:641.792 JLINK_IsHalted()
T9B44 3084:642.048 - 0.583ms returns FALSE
T9B44 3084:642.304 JLINK_IsHalted()
T9B44 3084:642.816 - 0.474ms returns FALSE
T9B44 3084:750.336 JLINK_IsHalted()
T9B44 3084:751.104 - 0.589ms returns FALSE
T9B44 3084:751.104 JLINK_IsHalted()
T9B44 3084:751.616 - 0.550ms returns FALSE
T9B44 3084:859.904 JLINK_IsHalted()
T9B44 3084:860.416 - 0.678ms returns FALSE
T9B44 3084:860.416 JLINK_IsHalted()
T9B44 3084:860.928 - 0.590ms returns FALSE
T9B44 3084:969.216 JLINK_IsHalted()
T9B44 3084:969.728 - 0.652ms returns FALSE
T9B44 3084:969.728 JLINK_IsHalted()
T9B44 3084:970.240 - 0.484ms returns FALSE
T9B44 3085:078.272 JLINK_IsHalted()
T9B44 3085:080.576 - 2.213ms returns FALSE
T9B44 3085:080.576 JLINK_IsHalted()
T9B44 3085:081.088 - 0.623ms returns FALSE
T9B44 3085:187.584 JLINK_IsHalted()
T9B44 3085:188.352 - 0.572ms returns FALSE
T9B44 3085:188.352 JLINK_IsHalted()
T9B44 3085:188.608 - 0.454ms returns FALSE
T9B44 3085:297.664 JLINK_IsHalted()
T9B44 3085:298.432 - 0.692ms returns FALSE
T9B44 3085:298.432 JLINK_IsHalted()
T9B44 3085:299.968 - 1.391ms returns FALSE
T778C 3085:404.672 JLINK_IsHalted()
T778C 3085:405.696 - 0.833ms returns FALSE
T778C 3085:405.696 JLINK_IsHalted()
T778C 3085:406.208 - 0.480ms returns FALSE
T9B44 3085:407.232 JLINK_IsHalted()
T9B44 3085:409.280 - 2.113ms returns FALSE
T9B44 3085:409.280 JLINK_IsHalted()
T9B44 3085:410.048 - 0.778ms returns FALSE
T9B44 3085:516.032 JLINK_IsHalted()
T9B44 3085:517.568 - 1.666ms returns FALSE
T9B44 3085:517.824 JLINK_IsHalted()
T9B44 3085:518.336 - 0.440ms returns FALSE
T9B44 3085:625.344 JLINK_IsHalted()
T9B44 3085:625.856 - 0.539ms returns FALSE
T9B44 3085:626.112 JLINK_IsHalted()
T9B44 3085:627.136 - 1.006ms returns FALSE
T9B44 3085:735.424 JLINK_IsHalted()
T9B44 3085:735.936 - 0.694ms returns FALSE
T9B44 3085:735.936 JLINK_IsHalted()
T9B44 3085:736.448 - 0.390ms returns FALSE
T9B44 3085:844.224 JLINK_IsHalted()
T9B44 3085:844.992 - 0.539ms returns FALSE
T9B44 3085:844.992 JLINK_IsHalted()
T9B44 3085:845.248 - 0.460ms returns FALSE
T9B44 3085:953.792 JLINK_IsHalted()
T9B44 3085:954.560 - 0.677ms returns FALSE
T9B44 3085:954.560 JLINK_IsHalted()
T9B44 3085:954.816 - 0.459ms returns FALSE
T9B44 3086:063.104 JLINK_IsHalted()
T9B44 3086:063.872 - 0.613ms returns FALSE
T9B44 3086:063.872 JLINK_IsHalted()
T9B44 3086:064.128 - 0.444ms returns FALSE
T9B44 3086:172.160 JLINK_IsHalted()
T9B44 3086:173.696 - 1.681ms returns FALSE
T9B44 3086:173.952 JLINK_IsHalted()
T9B44 3086:174.464 - 0.494ms returns FALSE
T9B44 3086:282.240 JLINK_IsHalted()
T9B44 3086:283.264 - 1.198ms returns FALSE
T9B44 3086:283.264 JLINK_IsHalted()
T9B44 3086:283.776 - 0.567ms returns FALSE
T9B44 3086:391.808 JLINK_IsHalted()
T9B44 3086:392.320 - 0.408ms returns FALSE
T9B44 3086:392.320 JLINK_IsHalted()
T9B44 3086:392.832 - 0.443ms returns FALSE
T778C 3086:407.168 JLINK_IsHalted()
T778C 3086:407.424 - 0.397ms returns FALSE
T778C 3086:407.424 JLINK_IsHalted()
T778C 3086:407.936 - 0.361ms returns FALSE
T9B44 3086:500.864 JLINK_IsHalted()
T9B44 3086:501.376 - 0.549ms returns FALSE
T9B44 3086:501.376 JLINK_IsHalted()
T9B44 3086:501.888 - 0.435ms returns FALSE
T9B44 3086:609.920 JLINK_IsHalted()
T9B44 3086:610.688 - 0.550ms returns FALSE
T9B44 3086:610.688 JLINK_IsHalted()
T9B44 3086:610.944 - 0.398ms returns FALSE
T9B44 3086:719.488 JLINK_IsHalted()
T9B44 3086:720.000 - 0.551ms returns FALSE
T9B44 3086:720.000 JLINK_IsHalted()
T9B44 3086:720.768 - 0.687ms returns FALSE
T9B44 3086:828.800 JLINK_IsHalted()
T9B44 3086:829.568 - 0.684ms returns FALSE
T9B44 3086:829.568 JLINK_IsHalted()
T9B44 3086:830.080 - 0.557ms returns FALSE
T9B44 3086:938.112 JLINK_IsHalted()
T9B44 3086:938.624 - 0.557ms returns FALSE
T9B44 3086:938.624 JLINK_IsHalted()
T9B44 3086:940.160 - 1.525ms returns FALSE
T9B44 3087:047.168 JLINK_IsHalted()
T9B44 3087:047.680 - 0.587ms returns FALSE
T9B44 3087:047.936 JLINK_IsHalted()
T9B44 3087:048.192 - 0.560ms returns FALSE
T9B44 3087:156.736 JLINK_IsHalted()
T9B44 3087:156.992 - 0.498ms returns FALSE
T9B44 3087:156.992 JLINK_IsHalted()
T9B44 3087:157.504 - 0.440ms returns FALSE
T9B44 3087:266.048 JLINK_IsHalted()
T9B44 3087:266.304 - 0.544ms returns FALSE
T9B44 3087:266.304 JLINK_IsHalted()
T9B44 3087:267.072 - 0.450ms returns FALSE
T9B44 3087:375.360 JLINK_IsHalted()
T9B44 3087:375.872 - 0.426ms returns FALSE
T9B44 3087:375.872 JLINK_IsHalted()
T9B44 3087:376.128 - 0.400ms returns FALSE
T778C 3087:408.128 JLINK_IsHalted()
T778C 3087:408.640 - 0.562ms returns FALSE
T778C 3087:408.640 JLINK_IsHalted()
T778C 3087:409.152 - 0.449ms returns FALSE
T9B44 3087:484.928 JLINK_IsHalted()
T9B44 3087:485.440 - 0.618ms returns FALSE
T9B44 3087:485.440 JLINK_IsHalted()
T9B44 3087:487.488 - 2.169ms returns FALSE
T9B44 3087:594.240 JLINK_IsHalted()
T9B44 3087:595.008 - 0.498ms returns FALSE
T9B44 3087:595.008 JLINK_IsHalted()
T9B44 3087:595.264 - 0.494ms returns FALSE
T9B44 3087:703.808 JLINK_IsHalted()
T9B44 3087:704.576 - 0.542ms returns FALSE
T9B44 3087:704.576 JLINK_IsHalted()
T9B44 3087:704.832 - 0.394ms returns FALSE
T9B44 3087:813.120 JLINK_IsHalted()
T9B44 3087:813.376 - 0.536ms returns FALSE
T9B44 3087:813.376 JLINK_IsHalted()
T9B44 3087:814.144 - 0.485ms returns FALSE
T9B44 3087:922.688 JLINK_IsHalted()
T9B44 3087:924.736 - 1.966ms returns FALSE
T9B44 3087:924.736 JLINK_IsHalted()
T9B44 3087:925.248 - 0.436ms returns FALSE
T9B44 3088:031.744 JLINK_IsHalted()
T9B44 3088:034.304 - 2.591ms returns FALSE
T9B44 3088:034.304 JLINK_IsHalted()
T9B44 3088:034.560 - 0.353ms returns FALSE
T9B44 3088:141.056 JLINK_IsHalted()
T9B44 3088:141.824 - 0.473ms returns FALSE
T9B44 3088:141.824 JLINK_IsHalted()
T9B44 3088:142.080 - 0.497ms returns FALSE
T9B44 3088:251.136 JLINK_IsHalted()
T9B44 3088:251.392 - 0.503ms returns FALSE
T9B44 3088:251.392 JLINK_IsHalted()
T9B44 3088:251.904 - 0.421ms returns FALSE
T9B44 3088:360.448 JLINK_IsHalted()
T9B44 3088:360.960 - 0.528ms returns FALSE
T9B44 3088:360.960 JLINK_IsHalted()
T9B44 3088:361.472 - 0.463ms returns FALSE
T778C 3088:410.112 JLINK_IsHalted()
T778C 3088:410.880 - 0.571ms returns FALSE
T778C 3088:410.880 JLINK_IsHalted()
T778C 3088:411.136 - 0.476ms returns FALSE
T9B44 3088:469.504 JLINK_IsHalted()
T9B44 3088:469.760 - 0.402ms returns FALSE
T9B44 3088:469.760 JLINK_IsHalted()
T9B44 3088:470.016 - 0.301ms returns FALSE
T9B44 3088:579.072 JLINK_IsHalted()
T9B44 3088:579.328 - 0.418ms returns FALSE
T9B44 3088:579.328 JLINK_IsHalted()
T9B44 3088:579.840 - 0.391ms returns FALSE
T9B44 3088:688.384 JLINK_IsHalted()
T9B44 3088:688.896 - 0.654ms returns FALSE
T9B44 3088:689.152 JLINK_IsHalted()
T9B44 3088:689.664 - 0.484ms returns FALSE
T9B44 3088:797.440 JLINK_IsHalted()
T9B44 3088:797.952 - 0.534ms returns FALSE
T9B44 3088:797.952 JLINK_IsHalted()
T9B44 3088:798.208 - 0.378ms returns FALSE
T9B44 3088:906.752 JLINK_IsHalted()
T9B44 3088:907.264 - 0.633ms returns FALSE
T9B44 3088:907.264 JLINK_IsHalted()
T9B44 3088:907.776 - 0.409ms returns FALSE
T9B44 3089:016.576 JLINK_IsHalted()
T9B44 3089:017.344 - 0.651ms returns FALSE
T9B44 3089:017.344 JLINK_IsHalted()
T9B44 3089:019.648 - 2.237ms returns FALSE
T9B44 3089:125.120 JLINK_IsHalted()
T9B44 3089:126.144 - 1.009ms returns FALSE
T9B44 3089:126.144 JLINK_IsHalted()
T9B44 3089:128.960 - 2.656ms returns FALSE
T9B44 3089:234.688 JLINK_IsHalted()
T9B44 3089:235.456 - 0.762ms returns FALSE
T9B44 3089:235.456 JLINK_IsHalted()
T9B44 3089:237.504 - 2.098ms returns FALSE
T9B44 3089:344.000 JLINK_IsHalted()
T9B44 3089:344.768 - 0.606ms returns FALSE
T9B44 3089:344.768 JLINK_IsHalted()
T9B44 3089:345.280 - 0.568ms returns FALSE
T778C 3089:411.584 JLINK_IsHalted()
T778C 3089:412.352 - 0.587ms returns FALSE
T778C 3089:412.352 JLINK_IsHalted()
T778C 3089:413.120 - 0.692ms returns FALSE
T9B44 3089:453.568 JLINK_IsHalted()
T9B44 3089:454.080 - 0.792ms returns FALSE
T9B44 3089:454.336 JLINK_IsHalted()
T9B44 3089:456.640 - 2.259ms returns FALSE
T9B44 3089:563.648 JLINK_IsHalted()
T9B44 3089:564.672 - 1.131ms returns FALSE
T9B44 3089:564.928 JLINK_IsHalted()
T9B44 3089:566.464 - 1.705ms returns FALSE
T9B44 3089:671.936 JLINK_IsHalted()
T9B44 3089:674.240 - 2.091ms returns FALSE
T9B44 3089:674.240 JLINK_IsHalted()
T9B44 3089:674.752 - 0.570ms returns FALSE
T9B44 3089:782.528 JLINK_IsHalted()
T9B44 3089:783.552 - 1.003ms returns FALSE
T9B44 3089:783.808 JLINK_IsHalted()
T9B44 3089:784.320 - 0.603ms returns FALSE
T9B44 3089:891.072 JLINK_IsHalted()
T9B44 3089:891.840 - 0.778ms returns FALSE
T9B44 3089:891.840 JLINK_IsHalted()
T9B44 3089:892.608 - 0.704ms returns FALSE
T9B44 3090:001.152 JLINK_IsHalted()
T9B44 3090:001.664 - 0.785ms returns FALSE
T9B44 3090:001.920 JLINK_IsHalted()
T9B44 3090:002.688 - 0.764ms returns FALSE
T9B44 3090:109.696 JLINK_IsHalted()
T9B44 3090:110.208 - 0.514ms returns FALSE
T9B44 3090:110.208 JLINK_IsHalted()
T9B44 3090:110.720 - 0.441ms returns FALSE
T9B44 3090:219.264 JLINK_IsHalted()
T9B44 3090:220.032 - 0.803ms returns FALSE
T9B44 3090:220.032 JLINK_IsHalted()
T9B44 3090:220.544 - 0.579ms returns FALSE
T9B44 3090:329.088 JLINK_IsHalted()
T9B44 3090:329.600 - 0.730ms returns FALSE
T9B44 3090:329.856 JLINK_IsHalted()
T9B44 3090:330.112 - 0.430ms returns FALSE
T778C 3090:414.080 JLINK_IsHalted()
T778C 3090:414.336 - 0.466ms returns FALSE
T778C 3090:414.336 JLINK_IsHalted()
T778C 3090:415.104 - 0.560ms returns FALSE
T9B44 3090:437.632 JLINK_IsHalted()
T9B44 3090:438.400 - 0.596ms returns FALSE
T9B44 3090:438.400 JLINK_IsHalted()
T9B44 3090:438.656 - 0.539ms returns FALSE
T9B44 3090:547.712 JLINK_IsHalted()
T9B44 3090:550.528 - 3.001ms returns FALSE
T9B44 3090:550.528 JLINK_IsHalted()
T9B44 3090:551.296 - 0.494ms returns FALSE
T9B44 3090:657.280 JLINK_IsHalted()
T9B44 3090:657.792 - 0.640ms returns FALSE
T9B44 3090:657.792 JLINK_IsHalted()
T9B44 3090:658.560 - 0.578ms returns FALSE
T9B44 3090:766.080 JLINK_IsHalted()
T9B44 3090:766.336 - 0.464ms returns FALSE
T9B44 3090:766.336 JLINK_IsHalted()
T9B44 3090:768.128 - 1.531ms returns FALSE
T9B44 3090:876.160 JLINK_IsHalted()
T9B44 3090:876.928 - 0.682ms returns FALSE
T9B44 3090:876.928 JLINK_IsHalted()
T9B44 3090:877.440 - 0.586ms returns FALSE
T9B44 3090:985.472 JLINK_IsHalted()
T9B44 3090:985.728 - 0.524ms returns FALSE
T9B44 3090:985.728 JLINK_IsHalted()
T9B44 3090:986.240 - 0.397ms returns FALSE
T9B44 3091:094.528 JLINK_IsHalted()
T9B44 3091:095.040 - 0.570ms returns FALSE
T9B44 3091:095.040 JLINK_IsHalted()
T9B44 3091:095.552 - 0.497ms returns FALSE
T9B44 3091:203.840 JLINK_IsHalted()
T9B44 3091:204.608 - 0.578ms returns FALSE
T9B44 3091:204.608 JLINK_IsHalted()
T9B44 3091:205.376 - 0.763ms returns FALSE
T9B44 3091:313.152 JLINK_IsHalted()
T9B44 3091:313.664 - 0.572ms returns FALSE
T9B44 3091:313.664 JLINK_IsHalted()
T9B44 3091:314.176 - 0.566ms returns FALSE
T778C 3091:415.040 JLINK_IsHalted()
T778C 3091:415.552 - 0.624ms returns FALSE
T778C 3091:415.552 JLINK_IsHalted()
T778C 3091:416.320 - 0.536ms returns FALSE
T9B44 3091:423.488 JLINK_IsHalted()
T9B44 3091:423.744 - 0.420ms returns FALSE
T9B44 3091:423.744 JLINK_IsHalted()
T9B44 3091:424.256 - 0.505ms returns FALSE
T9B44 3091:531.776 JLINK_IsHalted()
T9B44 3091:534.336 - 2.425ms returns FALSE
T9B44 3091:534.336 JLINK_IsHalted()
T9B44 3091:534.848 - 0.581ms returns FALSE
T9B44 3091:640.832 JLINK_IsHalted()
T9B44 3091:641.600 - 0.562ms returns FALSE
T9B44 3091:641.600 JLINK_IsHalted()
T9B44 3091:642.112 - 0.555ms returns FALSE
T9B44 3091:750.400 JLINK_IsHalted()
T9B44 3091:750.656 - 0.561ms returns FALSE
T9B44 3091:750.912 JLINK_IsHalted()
T9B44 3091:751.424 - 0.511ms returns FALSE
T9B44 3091:860.480 JLINK_IsHalted()
T9B44 3091:860.992 - 0.595ms returns FALSE
T9B44 3091:860.992 JLINK_IsHalted()
T9B44 3091:861.504 - 0.505ms returns FALSE
T9B44 3091:970.048 JLINK_IsHalted()
T9B44 3091:970.560 - 0.798ms returns FALSE
T9B44 3091:970.816 JLINK_IsHalted()
T9B44 3091:971.328 - 0.436ms returns FALSE
T9B44 3092:079.104 JLINK_IsHalted()
T9B44 3092:079.616 - 0.459ms returns FALSE
T9B44 3092:079.616 JLINK_IsHalted()
T9B44 3092:080.128 - 0.521ms returns FALSE
T9B44 3092:188.416 JLINK_IsHalted()
T9B44 3092:188.928 - 0.603ms returns FALSE
T9B44 3092:188.928 JLINK_IsHalted()
T9B44 3092:189.440 - 0.452ms returns FALSE
T9B44 3092:297.216 JLINK_IsHalted()
T9B44 3092:297.984 - 0.755ms returns FALSE
T9B44 3092:298.240 JLINK_IsHalted()
T9B44 3092:300.288 - 2.122ms returns FALSE
T9B44 3092:406.528 JLINK_IsHalted()
T9B44 3092:407.296 - 0.666ms returns FALSE
T9B44 3092:407.296 JLINK_IsHalted()
T9B44 3092:407.808 - 0.410ms returns FALSE
T778C 3092:417.024 JLINK_IsHalted()
T778C 3092:417.024 - 0.392ms returns FALSE
T778C 3092:417.280 JLINK_IsHalted()
T778C 3092:418.816 - 1.470ms returns FALSE
T9B44 3092:516.608 JLINK_IsHalted()
T9B44 3092:517.120 - 0.426ms returns FALSE
T9B44 3092:517.120 JLINK_IsHalted()
T9B44 3092:517.376 - 0.394ms returns FALSE
T9B44 3092:625.152 JLINK_IsHalted()
T9B44 3092:625.920 - 0.721ms returns FALSE
T9B44 3092:625.920 JLINK_IsHalted()
T9B44 3092:626.432 - 0.630ms returns FALSE
T9B44 3092:734.720 JLINK_IsHalted()
T9B44 3092:735.488 - 0.486ms returns FALSE
T9B44 3092:735.488 JLINK_IsHalted()
T9B44 3092:736.000 - 0.586ms returns FALSE
T9B44 3092:844.288 JLINK_IsHalted()
T9B44 3092:845.056 - 0.477ms returns FALSE
T9B44 3092:845.056 JLINK_IsHalted()
T9B44 3092:845.568 - 0.686ms returns FALSE
T9B44 3092:954.368 JLINK_IsHalted()
T9B44 3092:954.624 - 0.499ms returns FALSE
T9B44 3092:954.624 JLINK_IsHalted()
T9B44 3092:955.136 - 0.359ms returns FALSE
T9B44 3093:063.168 JLINK_IsHalted()
T9B44 3093:063.424 - 0.497ms returns FALSE
T9B44 3093:063.424 JLINK_IsHalted()
T9B44 3093:063.936 - 0.426ms returns FALSE
T9B44 3093:172.224 JLINK_IsHalted()
T9B44 3093:172.736 - 0.520ms returns FALSE
T9B44 3093:172.736 JLINK_IsHalted()
T9B44 3093:172.992 - 0.390ms returns FALSE
T9B44 3093:281.536 JLINK_IsHalted()
T9B44 3093:283.840 - 2.138ms returns FALSE
T9B44 3093:283.840 JLINK_IsHalted()
T9B44 3093:284.352 - 0.524ms returns FALSE
T9B44 3093:390.848 JLINK_IsHalted()
T9B44 3093:391.360 - 0.524ms returns FALSE
T9B44 3093:391.360 JLINK_IsHalted()
T9B44 3093:391.872 - 0.557ms returns FALSE
T778C 3093:420.032 JLINK_IsHalted()
T778C 3093:420.544 - 0.458ms returns FALSE
T778C 3093:420.544 JLINK_IsHalted()
T778C 3093:420.800 - 0.365ms returns FALSE
T9B44 3093:501.440 JLINK_IsHalted()
T9B44 3093:502.208 - 0.906ms returns FALSE
T9B44 3093:502.464 JLINK_IsHalted()
T9B44 3093:502.976 - 0.682ms returns FALSE
T9B44 3093:609.984 JLINK_IsHalted()
T9B44 3093:612.032 - 1.966ms returns FALSE
T9B44 3093:612.032 JLINK_IsHalted()
T9B44 3093:612.544 - 0.648ms returns FALSE
T9B44 3093:719.552 JLINK_IsHalted()
T9B44 3093:720.064 - 0.699ms returns FALSE
T9B44 3093:720.064 JLINK_IsHalted()
T9B44 3093:720.576 - 0.519ms returns FALSE
T9B44 3093:828.608 JLINK_IsHalted()
T9B44 3093:829.120 - 0.602ms returns FALSE
T9B44 3093:829.120 JLINK_IsHalted()
T9B44 3093:829.632 - 0.479ms returns FALSE
T9B44 3093:938.432 JLINK_IsHalted()
T9B44 3093:938.944 - 0.628ms returns FALSE
T9B44 3093:938.944 JLINK_IsHalted()
T9B44 3093:939.456 - 0.458ms returns FALSE
T9B44 3094:047.744 JLINK_IsHalted()
T9B44 3094:048.512 - 0.731ms returns FALSE
T9B44 3094:048.512 JLINK_IsHalted()
T9B44 3094:049.792 - 1.198ms returns FALSE
T9B44 3094:156.544 JLINK_IsHalted()
T9B44 3094:157.056 - 0.676ms returns FALSE
T9B44 3094:157.056 JLINK_IsHalted()
T9B44 3094:157.824 - 0.540ms returns FALSE
T9B44 3094:266.112 JLINK_IsHalted()
T9B44 3094:266.368 - 0.398ms returns FALSE
T9B44 3094:266.368 JLINK_IsHalted()
T9B44 3094:267.136 - 0.480ms returns FALSE
T9B44 3094:375.680 JLINK_IsHalted()
T9B44 3094:376.192 - 0.632ms returns FALSE
T9B44 3094:376.192 JLINK_IsHalted()
T9B44 3094:376.960 - 0.614ms returns FALSE
T778C 3094:422.016 JLINK_IsHalted()
T778C 3094:422.528 - 0.418ms returns FALSE
T778C 3094:422.528 JLINK_IsHalted()
T778C 3094:423.040 - 0.507ms returns FALSE
T9B44 3094:484.992 JLINK_IsHalted()
T9B44 3094:485.504 - 0.453ms returns FALSE
T9B44 3094:485.504 JLINK_IsHalted()
T9B44 3094:485.760 - 0.507ms returns FALSE
T9B44 3094:594.048 JLINK_IsHalted()
T9B44 3094:594.304 - 0.510ms returns FALSE
T9B44 3094:594.304 JLINK_IsHalted()
T9B44 3094:594.816 - 0.462ms returns FALSE
T9B44 3094:704.896 JLINK_IsHalted()
T9B44 3094:705.664 - 0.588ms returns FALSE
T9B44 3094:705.664 JLINK_IsHalted()
T9B44 3094:706.176 - 0.555ms returns FALSE
T9B44 3094:813.184 JLINK_IsHalted()
T9B44 3094:813.952 - 0.515ms returns FALSE
T9B44 3094:813.952 JLINK_IsHalted()
T9B44 3094:814.208 - 0.398ms returns FALSE
T9B44 3094:922.752 JLINK_IsHalted()
T9B44 3094:923.008 - 0.414ms returns FALSE
T9B44 3094:923.008 JLINK_IsHalted()
T9B44 3094:923.520 - 0.301ms returns FALSE
T9B44 3095:031.296 JLINK_IsHalted()
T9B44 3095:032.064 - 0.568ms returns FALSE
T9B44 3095:032.064 JLINK_IsHalted()
T9B44 3095:032.832 - 0.771ms returns FALSE
T9B44 3095:140.864 JLINK_IsHalted()
T9B44 3095:141.632 - 0.568ms returns FALSE
T9B44 3095:141.632 JLINK_IsHalted()
T9B44 3095:141.888 - 0.392ms returns FALSE
T9B44 3095:251.456 JLINK_IsHalted()
T9B44 3095:251.712 - 0.536ms returns FALSE
T9B44 3095:251.712 JLINK_IsHalted()
T9B44 3095:252.224 - 0.406ms returns FALSE
T9B44 3095:360.000 JLINK_IsHalted()
T9B44 3095:360.512 - 0.438ms returns FALSE
T9B44 3095:360.512 JLINK_IsHalted()
T9B44 3095:361.024 - 0.407ms returns FALSE
T778C 3095:422.976 JLINK_IsHalted()
T778C 3095:423.488 - 0.467ms returns FALSE
T778C 3095:423.488 JLINK_IsHalted()
T778C 3095:423.744 - 0.285ms returns FALSE
T9B44 3095:469.568 JLINK_IsHalted()
T9B44 3095:470.336 - 0.508ms returns FALSE
T9B44 3095:470.336 JLINK_IsHalted()
T9B44 3095:471.104 - 0.872ms returns FALSE
T9B44 3095:578.880 JLINK_IsHalted()
T9B44 3095:579.392 - 0.588ms returns FALSE
T9B44 3095:579.392 JLINK_IsHalted()
T9B44 3095:579.904 - 0.415ms returns FALSE
T9B44 3095:688.704 JLINK_IsHalted()
T9B44 3095:688.960 - 0.489ms returns FALSE
T9B44 3095:688.960 JLINK_IsHalted()
T9B44 3095:689.472 - 0.418ms returns FALSE
T9B44 3095:796.992 JLINK_IsHalted()
T9B44 3095:797.504 - 0.655ms returns FALSE
T9B44 3095:797.760 JLINK_IsHalted()
T9B44 3095:798.272 - 0.426ms returns FALSE
T9B44 3095:906.816 JLINK_IsHalted()
T9B44 3095:907.328 - 0.486ms returns FALSE
T9B44 3095:907.328 JLINK_IsHalted()
T9B44 3095:907.840 - 0.404ms returns FALSE
T9B44 3096:016.384 JLINK_IsHalted()
T9B44 3096:017.152 - 0.570ms returns FALSE
T9B44 3096:017.152 JLINK_IsHalted()
T9B44 3096:017.664 - 0.480ms returns FALSE
T982C 3096:567.808 JLINK_Halt()
T982C 3096:570.624 - 2.800ms returns 0x00
T982C 3096:570.624 JLINK_ReadReg(XPSR)
T982C 3096:570.880   CPU_ReadMem(4 bytes @ 0xE000EE08)
T982C 3096:571.392 - 0.718ms returns 0x61000000
T982C 3096:579.072 JLINK_Close()
T982C 3096:583.424   OnDisconnectTarget() start
T982C 3096:583.424    J-Link Script File: Executing OnDisconnectTarget()
T982C 3096:583.424   Restoring low power mode settings.
T982C 3096:588.800   OnDisconnectTarget() end - Took 5.64ms
T982C 3096:612.864 - 33.706ms
T982C 3096:613.376   
T982C 3096:613.376   Closed
